business_name,business_address,business_phone,business_website,business_rating,business_total_reviews,reviewer_name,review_rating,review_date,review_text,review_additional_info
Dhaka Gym,"219 (1st Floor, Tejkunipara Rd, Dhaka 1215, Bangladesh",N/A,http://www.facebook.com/DhakaGym,4.5,109,"{'name': 'Adnan Hossain', 'thumbnail': 'https://lh3.googleusercontent.com/a-/ALV-UjU4ZT9BfMGQcPzcR3E4AWz-akkeFkYipfVypeBuFLoCO8hzF9R9=s120-c-rp-mo-ba3-br100', 'link': 'https://www.google.com/maps/contrib/107973101588668140952?hl=en-US', 'reviews': 34, 'photos': 4}",5,2 months ago,"Probably the best GYM in Nakhalpara,Tejgaon. The only problem is some younger people here gossips too much and makes instrument busy as like other typical GYM. But the GYM is very clean, well maintained, loaded with top class instruments.",
Dhaka Gym,"219 (1st Floor, Tejkunipara Rd, Dhaka 1215, Bangladesh",N/A,http://www.facebook.com/DhakaGym,4.5,109,"{'name': 'Md. Suman Ahmmed', 'thumbnail': 'https://lh3.googleusercontent.com/a-/ALV-UjWYP9CJwbKgdFvREiYyZg79XIRlLm5y5wua7BLXZqpZCamJQSqINA=s120-c-rp-mo-ba5-br100', 'link': 'https://www.google.com/maps/contrib/105876284102134546251?hl=en-US', 'reviews': 118, 'photos': 944}",5,5 months ago,more people are practices here I seen a long day,
Dhaka Gym,"219 (1st Floor, Tejkunipara Rd, Dhaka 1215, Bangladesh",N/A,http://www.facebook.com/DhakaGym,4.5,109,"{'name': 'Dj Leepooh', 'thumbnail': 'https://lh3.googleusercontent.com/a-/ALV-UjW-StjWPBMtavb6hBVdc1e3nZOA3y6w8n6LrxWsYjuaJhjJNJ0Pfw=s120-c-rp-mo-ba4-br100', 'link': 'https://www.google.com/maps/contrib/118007479199599142472?hl=en-US', 'reviews': 56, 'photos': 214}",5,2 years ago,Great environment for gym lover. They are professional fitness trainers.,
Dhaka Gym,"219 (1st Floor, Tejkunipara Rd, Dhaka 1215, Bangladesh",N/A,http://www.facebook.com/DhakaGym,4.5,109,"{'name': 'Ahmed Shuvo', 'thumbnail': 'https://lh3.googleusercontent.com/a/ACg8ocK8lfQgDT3JsqS7rmrpFV9m8b7QNufWA4x4JkUFrNMRpbHxZA=s120-c-rp-mo-br100', 'link': 'https://www.google.com/maps/contrib/105073019750357081567?hl=en-US', 'reviews': 1, 'photos': 0}",3,4 years ago,"Good environment. Comparatively best in nakhalpara. One major problem is ""trainers"". Trainers are qualified enough. But they r just lazy. They won't come and check on u. U will have to go to them again nd again. If u r doing a workout wrong, maybe gym members will correct u, but trainers won't. They will be busy with their phone.
If u did workout before, u can take routine from trainers and do workouts on ur own.
Bt if u r a beginner, this isn't the place u r looking for",
Dhaka Gym,"219 (1st Floor, Tejkunipara Rd, Dhaka 1215, Bangladesh",N/A,http://www.facebook.com/DhakaGym,4.5,109,"{'name': 'Anik Islam Roni', 'thumbnail': 'https://lh3.googleusercontent.com/a-/ALV-UjWAKygIxMBlezfUoHCtxAOFXFc5VLgDNSCh8F6riz7pHUX6ysK51g=s120-c-rp-mo-br100', 'link': 'https://www.google.com/maps/contrib/114981291457849817134?hl=en-US', 'reviews': 6, 'photos': 3}",4,a year ago,It's a nice place to fit your body. Such a nice place with lots of gym Equipment,
Fitness Zone Gym,"House: 1/B, Road: 14, Nikunja:2, Dhaka 1229, Bangladesh",+880 1683-124734,http://heliontechltd.com/,4.8,151,"{'name': 'MD.MAJHARUL ISLAM RAJON', 'thumbnail': 'https://lh3.googleusercontent.com/a-/ALV-UjVfmOJh_ssS7ZofL7C4v1YKP1Q5eDuv-3-sNEIYLy6FhD-STCA9=s120-c-rp-mo-ba4-br100', 'link': 'https://www.google.com/maps/contrib/114814082430689554722?hl=en-US', 'reviews': 67, 'photos': 142}",4,a year ago,"Nice environment , lots of instrument for exercise and gym members r so welcoming.So overall wonderful place for gym.
The gym area and equipment is mostly kept clean.
The changing room and shoe area needs better maintenance.
I hope they can improve and expand further in the future. 👍",
Fitness Zone Gym,"House: 1/B, Road: 14, Nikunja:2, Dhaka 1229, Bangladesh",+880 1683-124734,http://heliontechltd.com/,4.8,151,"{'name': 'Shehran Salam', 'thumbnail': 'https://lh3.googleusercontent.com/a-/ALV-UjVLKVGSxwHF9w5iMbk4I1m1ZbYpGn2f66l4xUScnj8e8IbLbTOA0w=s120-c-rp-mo-ba2-br100', 'link': 'https://www.google.com/maps/contrib/105194616898055940460?hl=en-US', 'reviews': 11, 'photos': 8}",5,Edited a year ago,"Good gym. The gym area and equipment is mostly kept clean.
The changing room and shoe area needs better maintenance.
I have been a member since 2022, no major complaints so far. I hope they can improve and expand further in the future. 👍",
Fitness Zone Gym,"House: 1/B, Road: 14, Nikunja:2, Dhaka 1229, Bangladesh",+880 1683-124734,http://heliontechltd.com/,4.8,151,"{'name': 'Arman Habib (Nahid)', 'thumbnail': 'https://lh3.googleusercontent.com/a-/ALV-UjULpuQ4xg6l_DdbyXqDJ19MlYVbUpOJFIHH-smmV1wCWGUU0b_2hQ=s120-c-rp-mo-ba4-br100', 'link': 'https://www.google.com/maps/contrib/100131257377205087893?hl=en-US', 'reviews': 52, 'photos': 155}",5,Edited 3 years ago,One of the best workouts and gym place around nikunja -2,
Fitness Zone Gym,"House: 1/B, Road: 14, Nikunja:2, Dhaka 1229, Bangladesh",+880 1683-124734,http://heliontechltd.com/,4.8,151,"{'name': 'Musfiq Khan Rana', 'thumbnail': 'https://lh3.googleusercontent.com/a-/ALV-UjXXN06zWO9vfJGj0RDnTEklgI2kPv8IplFzIvgY_gksQQu450RJ=s120-c-rp-mo-br100', 'link': 'https://www.google.com/maps/contrib/103503952781842081689?hl=en-US', 'reviews': 4, 'photos': 6}",5,2 years ago,Recently working out here. Good place to workout.,
Fitness Zone Gym,"House: 1/B, Road: 14, Nikunja:2, Dhaka 1229, Bangladesh",+880 1683-124734,http://heliontechltd.com/,4.8,151,"{'name': 'Adiba Himika', 'thumbnail': 'https://lh3.googleusercontent.com/a-/ALV-UjXa2r_cjQSDzuROE0Q7Km4omQoCqC28LJT2YHgcIUrHH3ZgUY6q=s120-c-rp-mo-br100', 'link': 'https://www.google.com/maps/contrib/103075963663842550578?hl=en-US', 'reviews': 2, 'photos': 0}",5,2 years ago,The best gym in Nikunja. They have a specialized trainer and diet chart for special weight loss. Also the owner of the gym is very helpful and helps with cardio .,
Shanto's Fit N Fine Gym,"Ka-149/1 (1sr Floor, Shahid Fazlul Haq Rd, Dhaka 1229, Bangladesh",+880 1715-856677,N/A,4.2,96,"{'name': 'Md. Shimul', 'thumbnail': 'https://lh3.googleusercontent.com/a-/ALV-UjVpHnBFyjcbtN46G-kYsjy2MaBMIDFBy8EZ8KOqrbFfRf04qrs=s120-c-rp-mo-ba4-br100', 'link': 'https://www.google.com/maps/contrib/118202353359438678505?hl=en-US', 'reviews': 56, 'photos': 106}",5,Edited 7 months ago,"The trainers are Knowledgeable and quite friendly to guide proper workout and diet plan. The GYM owner has vast vast experience in this profession.

Even the other members are quite friendly",
Shanto's Fit N Fine Gym,"Ka-149/1 (1sr Floor, Shahid Fazlul Haq Rd, Dhaka 1229, Bangladesh",+880 1715-856677,N/A,4.2,96,"{'name': 'Naimur Rahmam', 'thumbnail': 'https://lh3.googleusercontent.com/a-/ALV-UjVqXMWFHbKFCcocFTMXzqWJU2V9TSS45_XrV0KGDnWBwMFeQQi3=s120-c-rp-mo-ba5-br100', 'link': 'https://www.google.com/maps/contrib/107907875704194255104?hl=en-US', 'reviews': 47, 'photos': 677}",5,2 years ago,"This gym provide all kinds of facility to the member.

They have steam bath facilities.
They have all kinds of equipment for exercise.
The gym was under air conditioner facility.
The trainer Shanto bhai was a really good trainer with humble behaviour.",
Shanto's Fit N Fine Gym,"Ka-149/1 (1sr Floor, Shahid Fazlul Haq Rd, Dhaka 1229, Bangladesh",+880 1715-856677,N/A,4.2,96,"{'name': 'Md. Minul Islam Shovon', 'thumbnail': 'https://lh3.googleusercontent.com/a-/ALV-UjWiAAu4MtcGf4UDaA-yuis63vI2XV6nUv5SotMOoVMuAcRTsoVI=s120-c-rp-mo-ba4-br100', 'link': 'https://www.google.com/maps/contrib/113792565655181512795?hl=en-US', 'reviews': 32, 'photos': 66}",4,Edited 3 years ago,Nice interior and equipment. Looked neat and clean and hygienic. Modern equipments and flexible training hours.,
Shanto's Fit N Fine Gym,"Ka-149/1 (1sr Floor, Shahid Fazlul Haq Rd, Dhaka 1229, Bangladesh",+880 1715-856677,N/A,4.2,96,"{'name': 'Shaikh Askar Anindya', 'thumbnail': 'https://lh3.googleusercontent.com/a-/ALV-UjXSugskYsbIzQSc2-yzdAgSsaADoeGj2EbiR0UvvLqwaQF46TmU_Q=s120-c-rp-mo-ba5-br100', 'link': 'https://www.google.com/maps/contrib/106880991851513217746?hl=en-US', 'reviews': 40, 'photos': 601}",4,10 years ago,It's not that Big nor it have Expensive instruments... but Its really good for basic Exercise :),
Shanto's Fit N Fine Gym,"Ka-149/1 (1sr Floor, Shahid Fazlul Haq Rd, Dhaka 1229, Bangladesh",+880 1715-856677,N/A,4.2,96,"{'name': 'rasel fj', 'thumbnail': 'https://lh3.googleusercontent.com/a-/ALV-UjW6azsfu76TYsPi9dgviLb6IRPAAUiJ_redAsmhNyt56xv8UdpufA=s120-c-rp-mo-ba5-br100', 'link': 'https://www.google.com/maps/contrib/101057576294687880493?hl=en-US', 'reviews': 243, 'photos': 197}",5,a year ago,All new equipment and the trainer santo vai is so cooperative,
Fitness Park Bd,"03, Block#A, House#24, Main Road, Pallabi Rd, Dhaka 1216, Bangladesh",+880 1841-606669,N/A,3.9,84,"{'name': 'An setu', 'thumbnail': 'https://lh3.googleusercontent.com/a-/ALV-UjVvUgwzUoHJ_fQz-GA_un3ZQiIs1yUq_H3QsDxtMJXzRD8MuVUJ=s120-c-rp-mo-br100', 'link': 'https://www.google.com/maps/contrib/102267339369729817898?hl=en-US', 'reviews': 1, 'photos': 0}",5,2 months ago,"The gym has an aesthetic and motivating environment. Trainers are knowledgeable and always ready to guide. The management is friendly and supportive, and the gym is well-equipped with all necessary fitness items.",
Fitness Park Bd,"03, Block#A, House#24, Main Road, Pallabi Rd, Dhaka 1216, Bangladesh",+880 1841-606669,N/A,3.9,84,"{'name': 'Hello Moon', 'thumbnail': 'https://lh3.googleusercontent.com/a/ACg8ocKz3PubOfBEls5IQLHDlw6Q6ZkwXgbMacNSCMPPoFwgEnmmVw=s120-c-rp-mo-br100', 'link': 'https://www.google.com/maps/contrib/107561355966935009207?hl=en-US', 'reviews': 1, 'photos': 0}",1,3 months ago,"Don’t fall for the fake 5 star reviews! Most of the so-called “good reviews” here are written by staff and trainers themselves. The manager sitting at the reception is unbelievably rude literally he has no idea how to treat his paying customers with respect.

Yes, the equipment quality is decent, but the tredmils doesnt have incline options and don’t expect variety—there are no advanced machines, and the gym space is cramped. Yet they charge 1800 BDT per month, which is a complete joke considering far better gyms are available at this price.you gonna get 2 steam session per month but the catch is the steam is available only thursday and for only 2 hours with separate 2 sessions .like 7-8 pm and 9-10 pm ..during that time the steam will be completely packed and also suffocating with really bad smell inside.

About the trainers They couldn’t care less about you unless you’re throwing money at them or you are a girl. Their main job isn’t training—it’s manipulating you into buying overpriced personal training sessions or useless supplements like fat burners and BCAAs.but among trainers 1-2 guy is actually bit helpful and good .

This place is complete joke !stay away",
Fitness Park Bd,"03, Block#A, House#24, Main Road, Pallabi Rd, Dhaka 1216, Bangladesh",+880 1841-606669,N/A,3.9,84,"{'name': 'Md Rony', 'thumbnail': 'https://lh3.googleusercontent.com/a/ACg8ocK_eTtAmYAwaSSRkGtyGctDPcZUuESuYicxHKsEA4WAyaEEaA=s120-c-rp-mo-br100', 'link': 'https://www.google.com/maps/contrib/102613377692820762788?hl=en-US', 'reviews': 2, 'photos': 0}",5,5 months ago,"It’s a good gym. All the instruments are available here, the trainers are very helpful, and it’s always clean.",
Fitness Park Bd,"03, Block#A, House#24, Main Road, Pallabi Rd, Dhaka 1216, Bangladesh",+880 1841-606669,N/A,3.9,84,"{'name': 'Forhad Ullah Prianto', 'thumbnail': 'https://lh3.googleusercontent.com/a/ACg8ocKLphp0qd5GSzIquIiEPkYwKqyF_8sov9eleRo8U6t2rrWVBw=s120-c-rp-mo-br100', 'link': 'https://www.google.com/maps/contrib/105536547617730676680?hl=en-US', 'reviews': 1, 'photos': 1}",5,5 months ago,One of the best gyms I have seen in Mirpur. The main feature of the gym is that it is always clean.,
Fitness Park Bd,"03, Block#A, House#24, Main Road, Pallabi Rd, Dhaka 1216, Bangladesh",+880 1841-606669,N/A,3.9,84,"{'name': 'Md. Mohaymenul Islam Noyon', 'thumbnail': 'https://lh3.googleusercontent.com/a-/ALV-UjVbWtm5tEJPWyQQPWD-wc3GZFSCgGwV5Kge-o2QvF2ADJtDnH89=s120-c-rp-mo-ba3-br100', 'link': 'https://www.google.com/maps/contrib/116220086712809818200?hl=en-US', 'reviews': 11, 'photos': 67}",1,Edited 2 weeks ago,"I’ve been a member of this gym for over 2 years.
The equipment is okay and well-maintained, which is the main reason I stayed.
However, recently there have been unnecessary and poorly handled rules, and some trainers behave in an unprofessional and immature way. Instead of focusing on training and member support, they seem more focused on enforcing rules. The overall environment has become less friendly and more uncomfortable.

Membership cancellations are sometimes handled rudely by trainers, regardless of how long someone has been a member or their age. This is embarrassing. Management may speak politely, but meaningful changes are rarely seen.",
Fitness plus,"Level 5, House 7A Road No. 41, Dhaka 1212, Bangladesh",+880 1748-928540,http://fitnessplus.club/,4.5,53,"{'name': 'Prioti Khondaker', 'thumbnail': 'https://lh3.googleusercontent.com/a-/ALV-UjX7eaHpo4sfjVjoHK9VzyLWd3qMpcGP9dh4R0JyjzJh6dK983WM=s120-c-rp-mo-br100', 'link': 'https://www.google.com/maps/contrib/108953815016142936401?hl=en-US', 'reviews': 4, 'photos': 3}",5,2 months ago,"I've been a member of fitness plus for 1 year months and can honestly say it's the best fitness community I've ever been a part of. The facility is always spotless
Asma is an incredible instructor—knowledgeable, motivating, and always pushing you to your limit in the best way possible. If you're looking for a gym that is clean, well-equipped, and has a truly welcoming atmosphere, I highly recommend fitness plus",
Fitness plus,"Level 5, House 7A Road No. 41, Dhaka 1212, Bangladesh",+880 1748-928540,http://fitnessplus.club/,4.5,53,"{'name': 'Dina NWC Dhaka', 'thumbnail': 'https://lh3.googleusercontent.com/a-/ALV-UjXGHxi0PMO6WAwFwvx4aV3T7asf-Bk9VzaqkL0I6vmIgeIfOMrk=s120-c-rp-mo-br100', 'link': 'https://www.google.com/maps/contrib/113273564673255463225?hl=en-US', 'reviews': 1, 'photos': 0}",5,2 months ago,"Started the gym 6 months ago at 65 kg! As a girl, I was overweight. I joined out of curiosity but never thought Fitness Plus would become like home to me. Now I’m 45 kg! The trainers are really good  special thanks to Juwel Bhai and Shorif Bhai! Most importantly, the trainers are always helpful during workouts. For girls, this is the safest gym I’ve found in Banani.",
Fitness plus,"Level 5, House 7A Road No. 41, Dhaka 1212, Bangladesh",+880 1748-928540,http://fitnessplus.club/,4.5,53,"{'name': 'Anik Bhowmik', 'thumbnail': 'https://lh3.googleusercontent.com/a-/ALV-UjVkLl09ENz71hsPP8o4YtKTVWJJjVxDhczGj6H-Ro3ZvU_1c4aX=s120-c-rp-mo-br100', 'link': 'https://www.google.com/maps/contrib/100219481134423563066?hl=en-US', 'reviews': 4, 'photos': 1}",5,2 months ago,"One of the best gym in Banani! Though my home at Uttara! But came here everyday!  Its feel like a home for me!
Trainers are very friendly!  Regularly check my progress!  Wanted to loss fat but never thought i could do that in 3 months!

98 KG - 83 KG!  Thanks Fitness Plus! ❤️",
Fitness plus,"Level 5, House 7A Road No. 41, Dhaka 1212, Bangladesh",+880 1748-928540,http://fitnessplus.club/,4.5,53,"{'name': 'Takia Akter', 'thumbnail': 'https://lh3.googleusercontent.com/a-/ALV-UjWkaMCKxoVpjuEez1GffmbGxUjaSfsbjFAnFVN7Mz8cPPU4kTnW=s120-c-rp-mo-br100', 'link': 'https://www.google.com/maps/contrib/111301819710093704854?hl=en-US', 'reviews': 1, 'photos': 0}",5,2 months ago,"I tried every gym in Banani, and almost lost hope. Then I found Fitness Plus. As a girl, finding a safe gym that is truly dedicated to women is very difficult but Fitness Plus is different.

Head Trainer Juwel Bhai is the best trainer I’ve ever had. He’s not an ordinary gym trainer, he is exceptional. Trainers like Jakaria are very modest and polite toward female members. The steam bath is also very neat and clean!

Thank you, Fitness Plus, for changing my life.",
Fitness plus,"Level 5, House 7A Road No. 41, Dhaka 1212, Bangladesh",+880 1748-928540,http://fitnessplus.club/,4.5,53,"{'name': 'Sreeja', 'thumbnail': 'https://lh3.googleusercontent.com/a-/ALV-UjVVONBblcsbtZyxywCfi0AsDhpJ_o9tZ3EqYicov3y0uJlyL4xA=s120-c-rp-mo-br100', 'link': 'https://www.google.com/maps/contrib/106996910004050313050?hl=en-US', 'reviews': 2, 'photos': 1}",1,3 months ago,"If you’re a girl/woman reading this: don’t ever get into this gym! I was going to this gym for about two months, and while some trainers are decent, others, like Sharif and a few new recruits, often stare at women’s chests while talking. The gym has failed to train its staff properly (they actually don’t have that many trainers!), and many local male clients, especially 9-5 married loafers, make women uncomfortable with their male gaze and inappropriate behavior. I’ve personally been a victim of this harassment and can’t wait to expose the gym to The Daily Star and UNB. THIS GYM has no class and will take anyone from the streets who will pay, they only care about the money and once you pay, you’ll face all these. So disturbing and as well as disgusting. 0/10, don’t recommend",
Fitness Town Gym,"Hakim Tower, La-63/1, Middle badda over bridge, Pragati Sarani, E-6 Bir Uttam Rafiqul Islam Ave, Dhaka 1212, Bangladesh",+880 1711-783799,https://www.facebook.com/fitnesstowngym,4.6,139,"{'name': 'Ashraf Chowdhury', 'thumbnail': 'https://lh3.googleusercontent.com/a-/ALV-UjUyuspTi35LwGnCMNt1S-LORrKeMi-mgSEKYLenMyqbjMw8sE6HGw=s120-c-rp-mo-ba4-br100', 'link': 'https://www.google.com/maps/contrib/118222845556564691529?hl=en-US', 'reviews': 74, 'photos': 81}",5,4 years ago,"Amazing environment. Quality equipments, nice interior, good and wide space.

I just only felt the absence of steam bath. Except this overall is really  good.

Highly recommended them.",
Fitness Town Gym,"Hakim Tower, La-63/1, Middle badda over bridge, Pragati Sarani, E-6 Bir Uttam Rafiqul Islam Ave, Dhaka 1212, Bangladesh",+880 1711-783799,https://www.facebook.com/fitnesstowngym,4.6,139,"{'name': 'Razin Imran', 'thumbnail': 'https://lh3.googleusercontent.com/a-/ALV-UjUjA0z5OcPLD-JT85coMFLd0krYwZYIzenNRSHeaK6lUKj9CQML=s120-c-rp-mo-ba4-br100', 'link': 'https://www.google.com/maps/contrib/104736517254805282078?hl=en-US', 'reviews': 74, 'photos': 119}",5,2 months ago,Qualityful place. Wel equipped. Fresh atmosphere,
Fitness Town Gym,"Hakim Tower, La-63/1, Middle badda over bridge, Pragati Sarani, E-6 Bir Uttam Rafiqul Islam Ave, Dhaka 1212, Bangladesh",+880 1711-783799,https://www.facebook.com/fitnesstowngym,4.6,139,"{'name': 'Fahimul Islam', 'thumbnail': 'https://lh3.googleusercontent.com/a-/ALV-UjVnBox4bkZGbIH0BfOVFryWqqLzNCGIUBCoB59dFW0hkrQEXiW8=s120-c-rp-mo-ba3-br100', 'link': 'https://www.google.com/maps/contrib/104684388143792163137?hl=en-US', 'reviews': 21, 'photos': 11}",5,a year ago,"This gym truly stands out as the premier choice in the area. With its spacious layout, state-of-the-art equipment, and immaculate cleanliness, it sets the standard for excellence. What truly elevates it above the rest, though, is the expertise and dedication of its trainers. Mr. Anik Islam, in particular, played a pivotal role in refining my technique and boosting my confidence. His persistence and commitment to perfecting my form have made a significant difference in my fitness journey. Highly recommended for anyone seeking top-notch facilities and personalized training!",
Fitness Town Gym,"Hakim Tower, La-63/1, Middle badda over bridge, Pragati Sarani, E-6 Bir Uttam Rafiqul Islam Ave, Dhaka 1212, Bangladesh",+880 1711-783799,https://www.facebook.com/fitnesstowngym,4.6,139,"{'name': 'Rejaul Karim Sohug', 'thumbnail': 'https://lh3.googleusercontent.com/a-/ALV-UjUqAIaLanxS2VqUyt2up_7NfhwLXyzso7mNAlc7ZWyWzMXq8a81=s120-c-rp-mo-br100', 'link': 'https://www.google.com/maps/contrib/115248648180833482538?hl=en-US', 'reviews': 5, 'photos': 0}",5,2 years ago,It’s been a pleasure to be a member of this wonderful gym. The set up is so good and our instructor is helpful and friendly to everyone.  My Honest opinion is positive about this gym🤩.,
Fitness Town Gym,"Hakim Tower, La-63/1, Middle badda over bridge, Pragati Sarani, E-6 Bir Uttam Rafiqul Islam Ave, Dhaka 1212, Bangladesh",+880 1711-783799,https://www.facebook.com/fitnesstowngym,4.6,139,"{'name': 'Muhammad Hasan', 'thumbnail': 'https://lh3.googleusercontent.com/a-/ALV-UjV66iZx7iyRkitKbd3iaP2_AJ6FqPkFetriETvw4ySyc0pynOA1=s120-c-rp-mo-br100', 'link': 'https://www.google.com/maps/contrib/109354188163354642645?hl=en-US', 'reviews': 2, 'photos': 3}",5,8 months ago,"can you please includes a price and offer picture.
I want to join but can't find anything here",
Iron Nation Fitness BD,"4th Floor, Haque Plaza, House 7 Rd 14, Dhaka 1212, Bangladesh",+880 1312-605111,N/A,4.6,123,"{'name': 'Amber Islam', 'thumbnail': 'https://lh3.googleusercontent.com/a-/ALV-UjU4wVhCKLTUsPE9C7qr3ToyEcOf788zDU62_SiHBAz2e2RcDTrl=s120-c-rp-mo-ba5-br100', 'link': 'https://www.google.com/maps/contrib/116507503111416570667?hl=en-US', 'reviews': 142, 'photos': 520}",5,Edited 4 years ago,Very well equipped with good facilities and good trainers.,
Iron Nation Fitness BD,"4th Floor, Haque Plaza, House 7 Rd 14, Dhaka 1212, Bangladesh",+880 1312-605111,N/A,4.6,123,"{'name': 'fahimmuchi', 'thumbnail': 'https://lh3.googleusercontent.com/a-/ALV-UjX7rvKONZMncBmPo1wWrYApZO-lHImhgd6UVpUD96USjWO9cZjm=s120-c-rp-mo-ba2-br100', 'link': 'https://www.google.com/maps/contrib/108436845808702991127?hl=en-US', 'reviews': 12, 'photos': 6}",5,Edited a year ago,Probably one of the best Gyms in town!💪😎🔥,
Iron Nation Fitness BD,"4th Floor, Haque Plaza, House 7 Rd 14, Dhaka 1212, Bangladesh",+880 1312-605111,N/A,4.6,123,"{'name': 'Ahmed Reza', 'thumbnail': 'https://lh3.googleusercontent.com/a-/ALV-UjWm7eNEc62rE3Nr-LxVW2hnKanENu2jRxI8r0lpn0ZamMzK5Qx7jw=s120-c-rp-mo-ba3-br100', 'link': 'https://www.google.com/maps/contrib/105987762203285726183?hl=en-US', 'reviews': 18, 'photos': 33}",5,Edited 4 years ago,Very well equipped and clean gym. The trainers are excellent.,
Iron Nation Fitness BD,"4th Floor, Haque Plaza, House 7 Rd 14, Dhaka 1212, Bangladesh",+880 1312-605111,N/A,4.6,123,"{'name': 'Test Case', 'thumbnail': 'https://lh3.googleusercontent.com/a-/ALV-UjV5Vb4Hnu6X3t3v_iub83Pked0qQU0Sr5ueW1NFwuJ47pk-llLU=s120-c-rp-mo-ba3-br100', 'link': 'https://www.google.com/maps/contrib/110466027958335371462?hl=en-US', 'reviews': 20, 'photos': 20}",5,a year ago,Great equipments and very helpful trainers. The price is reasonable as well and the working hours are good. Highly recommend the place,
Iron Nation Fitness BD,"4th Floor, Haque Plaza, House 7 Rd 14, Dhaka 1212, Bangladesh",+880 1312-605111,N/A,4.6,123,"{'name': 'S I FOYSAL', 'thumbnail': 'https://lh3.googleusercontent.com/a-/ALV-UjVI8_8aETUlDZSPTkuaDwqii66wRuaJN7GhgC-AebsKj9S76noq=s120-c-rp-mo-ba5-br100', 'link': 'https://www.google.com/maps/contrib/106350572446396941435?hl=en-US', 'reviews': 81, 'photos': 559}",5,a year ago,Join Iron Nation Fitness to transform your fitness journey! Our state-of-the-art facilities are here to help you achieve your goals.,
Fitness 24/7 Rampura,"2, 1 DIT Rd, Dhaka 1219, Bangladesh",+880 1581-869998,N/A,4,98,"{'name': 'Mahathir Musaddek', 'thumbnail': 'https://lh3.googleusercontent.com/a-/ALV-UjUQSNb5lngxGny-UuJzVdr4lpgFWjqKWgCogXc_Ly438KZizLE=s120-c-rp-mo-br100', 'link': 'https://www.google.com/maps/contrib/115937509024153829483?hl=en-US', 'reviews': 1, 'photos': 0}",1,3 months ago,For just 2 days of daily membership they charged me 1000tk at first. I negotiated for 600 and then 500 after letting them know that I'm a student. Their equipments aren’t even that smooth. The gym lacks a lot of grips. The attachments they have aren’t that comfortable and worthwhile.,
Fitness 24/7 Rampura,"2, 1 DIT Rd, Dhaka 1219, Bangladesh",+880 1581-869998,N/A,4,98,"{'name': 'Berserk Mahi', 'thumbnail': 'https://lh3.googleusercontent.com/a/ACg8ocKvKv37XIiDeVloSvuztC2i_H66_t2RiuVlpnHlX-1NhaaVaw=s120-c-rp-mo-br100', 'link': 'https://www.google.com/maps/contrib/107910123524013823320?hl=en-US', 'reviews': 1, 'photos': 0}",1,3 months ago,"The worst gym I've ever ever visited. Most member aren’t friendly. I was mocked for posing in the mirror. I was there after a long break and lost a lot of muscle, i was just trying to create better mind muscle connection by posing..It's really frustrating when the gym members are this much unfriendly and always judging without knowing anything.",
Fitness 24/7 Rampura,"2, 1 DIT Rd, Dhaka 1219, Bangladesh",+880 1581-869998,N/A,4,98,"{'name': 'ahin lol', 'thumbnail': 'https://lh3.googleusercontent.com/a-/ALV-UjV8P7kI5Gper0Pe7LVsvzVvH3KNfHzOIXUxz-Qmll59C6DhCP66=s120-c-rp-mo-br100', 'link': 'https://www.google.com/maps/contrib/117778325110464820692?hl=en-US', 'reviews': 2, 'photos': 0}",5,2 months ago,Best gym in Rampura area. The trainers are really helpful and friendly. The equipments and the facilities are top noch. 10/10 would recommend.,
Fitness 24/7 Rampura,"2, 1 DIT Rd, Dhaka 1219, Bangladesh",+880 1581-869998,N/A,4,98,"{'name': 'Mahir Faisal', 'thumbnail': 'https://lh3.googleusercontent.com/a-/ALV-UjUzRLjbjW6hM6sSm8GHewVjOSgq1C2iecKAcQsYmQq50PjcMaqy0A=s120-c-rp-mo-ba4-br100', 'link': 'https://www.google.com/maps/contrib/116278621105025991350?hl=en-US', 'reviews': 41, 'photos': 83}",5,2 years ago,Great gym. Well trained trainers. Everything organized. Nice decorations. No bad smell or anything nice air flow. Has lift.,
Fitness 24/7 Rampura,"2, 1 DIT Rd, Dhaka 1219, Bangladesh",+880 1581-869998,N/A,4,98,"{'name': 'Shrabon Das', 'thumbnail': 'https://lh3.googleusercontent.com/a-/ALV-UjUjwJFkVr1alCcIhw1Jo4-EZJcnBc5y0oPiq7k9pB5eMQBs4C4h=s120-c-rp-mo-ba3-br100', 'link': 'https://www.google.com/maps/contrib/105783395298245068338?hl=en-US', 'reviews': 20, 'photos': 69}",5,11 months ago,"Equipment is well maintained, they also provide diet and nutrition plan. Overall buget a friendly gym.",
P.S Boss Gym,"31/A, 2nd Floor, Kazi Salam Mansion, Bazar, Dhaka 1229, Bangladesh",+880 1753-655512,N/A,4.7,134,"{'name': 'Sohan Hassan', 'thumbnail': 'https://lh3.googleusercontent.com/a-/ALV-UjXJAgOYcmhljSvYGbbnZmr6AFNw3CPTinUpEFafvj5ep9zu63ds=s120-c-rp-mo-br100', 'link': 'https://www.google.com/maps/contrib/102355838919967472575?hl=en-US', 'reviews': 1, 'photos': 0}",5,a month ago,"Recently i am Starting my workout in P.S Boss GYM ...

This is a good GYM in Khilkhet .. Thay have goods equipment and friendly behaviour in hare",
P.S Boss Gym,"31/A, 2nd Floor, Kazi Salam Mansion, Bazar, Dhaka 1229, Bangladesh",+880 1753-655512,N/A,4.7,134,"{'name': 'Faizu Taniya', 'thumbnail': 'https://lh3.googleusercontent.com/a-/ALV-UjXXiuRhUtMyJ7sKFy8qh7AVCfX27Ojvo_Bi_Obn0KCG2MHtKJXX=s120-c-rp-mo-br100', 'link': 'https://www.google.com/maps/contrib/116478706625053597566?hl=en-US', 'reviews': 1, 'photos': 0}",5,3 weeks ago,"i have experience  Little bit about  ""  but p.s Bose  gym  Very  special  i think  , because training very good
i m Very  happy  ther service",
P.S Boss Gym,"31/A, 2nd Floor, Kazi Salam Mansion, Bazar, Dhaka 1229, Bangladesh",+880 1753-655512,N/A,4.7,134,"{'name': 'Showket Islam', 'thumbnail': 'https://lh3.googleusercontent.com/a/ACg8ocJ3JP_sI38g9rnKM3vQtkugHyj9uJWw3Mlk1Q-MivnEC9cMTw=s120-c-rp-mo-br100', 'link': 'https://www.google.com/maps/contrib/116679458793204712871?hl=en-US', 'reviews': 2, 'photos': 0}",5,a week ago,"The best gym in Khilkhet and good service, experienced trainers, good environment, and very updated machinery. In my opinion",
P.S Boss Gym,"31/A, 2nd Floor, Kazi Salam Mansion, Bazar, Dhaka 1229, Bangladesh",+880 1753-655512,N/A,4.7,134,"{'name': 'Sakib borna', 'thumbnail': 'https://lh3.googleusercontent.com/a/ACg8ocKAeB304M8IK1aratEf8okjVGBpkpwvAkQ96j1xoezJwSkD9A=s120-c-rp-mo-br100', 'link': 'https://www.google.com/maps/contrib/107953909094127759472?hl=en-US', 'reviews': 1, 'photos': 0}",5,3 months ago,My name is  Mohiuddin  Khan  Sakib.  I am the new member of P.S Boss Gym. I feel better about ps boss gym of service ❤️❤️,
P.S Boss Gym,"31/A, 2nd Floor, Kazi Salam Mansion, Bazar, Dhaka 1229, Bangladesh",+880 1753-655512,N/A,4.7,134,"{'name': 'Anamul Kabir', 'thumbnail': 'https://lh3.googleusercontent.com/a/ACg8ocI2NZKXmsvx3NaQbkHiqTRQv2nQR_-ukODbVC2gDB-QlwWtmw=s120-c-rp-mo-br100', 'link': 'https://www.google.com/maps/contrib/103380825660231047418?hl=en-US', 'reviews': 1, 'photos': 0}",5,a month ago,A good structure comes out by the effort of good instructor which represent by our sajjaz vi. Its Really good to gym there.,
Burn out Fitness Gym & Studio,"1st floor, Alauddin Tower, House 17 Rd 113, Dhaka 1212, Bangladesh",+880 1784-635030,N/A,4.7,23,"{'name': 'Ravi Kabir', 'thumbnail': 'https://lh3.googleusercontent.com/a/ACg8ocKCInYAtM5wsLOvSM3Hcw2ut802sKWGVKwtMMnkVu3Exg-d_g=s120-c-rp-mo-br100', 'link': 'https://www.google.com/maps/contrib/107571861332070392702?hl=en-US', 'reviews': 1, 'photos': 0}",2,4 months ago,"Decent gym. Good enough machines. Main trainer is good too

The main manager lady is a great person - super reciprocating and kind.

Iron nation better.",
Burn out Fitness Gym & Studio,"1st floor, Alauddin Tower, House 17 Rd 113, Dhaka 1212, Bangladesh",+880 1784-635030,N/A,4.7,23,"{'name': 'Nabil Chowdhury', 'thumbnail': 'https://lh3.googleusercontent.com/a-/ALV-UjUhB8XVH58MG99TTsxLDjAVPPjSXHUrGYGgEInJOPxeGViQJ9CQXw=s120-c-rp-mo-br100', 'link': 'https://www.google.com/maps/contrib/109447477562943674146?hl=en-US', 'reviews': 6, 'photos': 0}",5,6 months ago,"Visiting Dhaka for three weeks. Needed a gym close to him. This gym has everything you need to stay fit and weight lift. Staff are friendly, equipment new and place is kept very clean.",
Burn out Fitness Gym & Studio,"1st floor, Alauddin Tower, House 17 Rd 113, Dhaka 1212, Bangladesh",+880 1784-635030,N/A,4.7,23,"{'name': 'imtiaz amin', 'thumbnail': 'https://lh3.googleusercontent.com/a/ACg8ocIz4ScUSaQtYmA5SqCdznXwpjWdRUXG4NUAhaFGvIaRkZqxzA=s120-c-rp-mo-ba3-br100', 'link': 'https://www.google.com/maps/contrib/108650495799849355009?hl=en-US', 'reviews': 26, 'photos': 7}",5,2 years ago,"My first month of Slim and Trim program went really well and had enrolled for the another. I can feel the change, I am more fit now, alhamdulillah. I had amazing experience getting trained by Sabrina apa, she is an excellent trainer. She understands trainees strength and weakness well and pushes for improvements. Thanks to Burnout Fitness and Sabrina apu.
From gym's perspective, it has less equipment, since focus is on free hand trainings like Zumba, HIIT, Aerobics etc. It is at 8th floor and has elevators.",
Burn out Fitness Gym & Studio,"1st floor, Alauddin Tower, House 17 Rd 113, Dhaka 1212, Bangladesh",+880 1784-635030,N/A,4.7,23,"{'name': 'Jabir Raihan', 'thumbnail': 'https://lh3.googleusercontent.com/a-/ALV-UjUL8AhyACZ0eFSgTGrsVlD7W4qLam5t0mAe1OPXXQXp_82sxnJ3Dw=s120-c-rp-mo-ba2-br100', 'link': 'https://www.google.com/maps/contrib/111226572680903115612?hl=en-US', 'reviews': 10, 'photos': 6}",5,2 years ago,"Sabrina apu is the best coach ever! So caring and workaholic. Pushes me to my limits and beyond. Love this gym. Certainly the best gym near Gulshan, Dhaka.",
Burn out Fitness Gym & Studio,"1st floor, Alauddin Tower, House 17 Rd 113, Dhaka 1212, Bangladesh",+880 1784-635030,N/A,4.7,23,"{'name': 'Shohana Monami', 'thumbnail': 'https://lh3.googleusercontent.com/a-/ALV-UjUrYU8GufgRw05r0OQqrXmGy80gwa3NJyI8BRLlZUxhShIx5eE2=s120-c-rp-mo-br100', 'link': 'https://www.google.com/maps/contrib/106560443973232434475?hl=en-US', 'reviews': 3, 'photos': 0}",5,2 years ago,"The first reason I like it is that it's only for ladies gym. I have just started but am having so much enjoy there. There are many options( hiit, Zumba,aerobics, yoga and so on) depending on needs. The ambience is too good. And the most important part of it’s that all the Trainers are so good especially Sabrina Rahman, she is amazing and too authentic to each segment of the gym operations. Everyone please come and join with us.
Thank you Burn Out Fitness.",
DR Fitness & Swimming Pool,"Dhaka Regency Hotel & Resort, Airport Rd, Dhaka 1229, Bangladesh",+880 1713-332504,http://www.dhakaregency.com/dr-fitness.php,4.6,19,"{'name': 'Ahtaer Rahman', 'thumbnail': 'https://lh3.googleusercontent.com/a-/ALV-UjUFZL0d-RdLEOaJptV1-UTSqUYo-cpacKOVVBQPxDqVT4Vq31rq=s120-c-rp-mo-ba5-br100', 'link': 'https://www.google.com/maps/contrib/100738131115616053079?hl=en-US', 'reviews': 154, 'photos': 590}",3,2 years ago,Swimming pool is not that much bigger but net & clean . Gym don’t have modernised equipment,
DR Fitness & Swimming Pool,"Dhaka Regency Hotel & Resort, Airport Rd, Dhaka 1229, Bangladesh",+880 1713-332504,http://www.dhakaregency.com/dr-fitness.php,4.6,19,"{'name': 'SHAD NOOR', 'thumbnail': 'https://lh3.googleusercontent.com/a-/ALV-UjWlYB96KcXTrVwZephDnOJCNXQRRvjfX3L3JvZFB2tJVzTNYZ0=s120-c-rp-mo-br100', 'link': 'https://www.google.com/maps/contrib/107497585259063756204?hl=en-US', 'reviews': 6, 'photos': 9}",5,3 years ago,"Their Instructor was very experience & the environment is so good with international standard. Their Interior, equipment, fatalities mostly i like. Swimming pool area environment is very impressive to me. I recommend their gym & Swimming.",
DR Fitness & Swimming Pool,"Dhaka Regency Hotel & Resort, Airport Rd, Dhaka 1229, Bangladesh",+880 1713-332504,http://www.dhakaregency.com/dr-fitness.php,4.6,19,"{'name': 'Tamanna Rahman', 'thumbnail': 'https://lh3.googleusercontent.com/a-/ALV-UjWucHUgp1HH6ADa76ew-hny5YUiTXCjviQY17oVPF2c5P-LyHs=s120-c-rp-mo-ba4-br100', 'link': 'https://www.google.com/maps/contrib/117148396356764057111?hl=en-US', 'reviews': 29, 'photos': 75}",5,3 years ago,"Perfect place for fitness lovers. This place has world class equipments with great trainers.
Swimming pool is on the rooftop with perfect Sky view. Also it has a jacuzzi which can be so soothing for anyone.
Also the run way view creates an aesthetic feeling.",
DR Fitness & Swimming Pool,"Dhaka Regency Hotel & Resort, Airport Rd, Dhaka 1229, Bangladesh",+880 1713-332504,http://www.dhakaregency.com/dr-fitness.php,4.6,19,"{'name': 'Ariful Islam', 'thumbnail': 'https://lh3.googleusercontent.com/a/ACg8ocLYK4R92VWEHuVkw35l5wFmV4SEyb_kttqOA9U1sbn17KUGVg=s120-c-rp-mo-br100', 'link': 'https://www.google.com/maps/contrib/110063486792491830430?hl=en-US', 'reviews': 3, 'photos': 0}",5,4 years ago,Dhaka Regency D R fitness is the best in city. Well behaved their stuff. Hygiene maintain all services. I am on Member  and will get special prevelage on Dhaka Regency DR Fitness and swimming pool.,
DR Fitness & Swimming Pool,"Dhaka Regency Hotel & Resort, Airport Rd, Dhaka 1229, Bangladesh",+880 1713-332504,http://www.dhakaregency.com/dr-fitness.php,4.6,19,"{'name': 'Taposhi Rabeya Afrin', 'thumbnail': 'https://lh3.googleusercontent.com/a/ACg8ocJdUQlabAo7waUv1_o_-uXHQrXKMezag4vBtKluJjDYL8hVkbDM=s120-c-rp-mo-br100', 'link': 'https://www.google.com/maps/contrib/109397181634695793582?hl=en-US', 'reviews': 9, 'photos': 1}",5,3 years ago,The pictures says it all!! What a breathtaking view while swimming.,
Dhaka Fitness,"Dhaka 1212, Bangladesh",+880 1732-325353,https://dhakafitness.net/,4.3,132,"{'name': 'Muhmood Zubair', 'thumbnail': 'https://lh3.googleusercontent.com/a-/ALV-UjXgLZimrMS5REWXr-q0ZNFzA2K-vkHLZYVRYjS_1A4_vrtvWncd=s120-c-rp-mo-ba4-br100', 'link': 'https://www.google.com/maps/contrib/112712419390444621329?hl=en-US', 'reviews': 34, 'photos': 354}",4,2 months ago,Excellent gym facilities. One drawback is there's no drinking water filter for members.,
Dhaka Fitness,"Dhaka 1212, Bangladesh",+880 1732-325353,https://dhakafitness.net/,4.3,132,"{'name': 'Nehan', 'thumbnail': 'https://lh3.googleusercontent.com/a/ACg8ocL--OOT8gdjUiIRx9034aKMUCoK1eTn8ZhjI-2B5NTzRrUI9Q=s120-c-rp-mo-br100', 'link': 'https://www.google.com/maps/contrib/112014189833586495791?hl=en-US', 'reviews': 3, 'photos': 1}",5,5 months ago,This is an excellent gym in every way possible price is very reasonable and low and there is every item and machines that you need the trainers are very friendly and helps a lot the environment is very nice and chill,
Dhaka Fitness,"Dhaka 1212, Bangladesh",+880 1732-325353,https://dhakafitness.net/,4.3,132,"{'name': 'Biksam', 'thumbnail': 'https://lh3.googleusercontent.com/a-/ALV-UjXSWxESXcWplW_aFenS0P_Y0d7rbBF6ZyqqRWOSKtSXbIHeBq0lOw=s120-c-rp-mo-ba5-br100', 'link': 'https://www.google.com/maps/contrib/103498500922732009545?hl=en-US', 'reviews': 129, 'photos': 1079}",4,Edited 7 years ago,The equipments are top-notch.Trainers are well behaved and friendly.,
Dhaka Fitness,"Dhaka 1212, Bangladesh",+880 1732-325353,https://dhakafitness.net/,4.3,132,"{'name': 'Adib Ahmed Arnob', 'thumbnail': 'https://lh3.googleusercontent.com/a-/ALV-UjWBq4yVxLhtsnhSN1FzXt1ThesIBSMTZwpzwreVT-ev5vG5z0JX=s120-c-rp-mo-br100', 'link': 'https://www.google.com/maps/contrib/107002882841067381078?hl=en-US', 'reviews': 13, 'photos': 0}",1,3 months ago,Worst gym. Very rude,
Dhaka Fitness,"Dhaka 1212, Bangladesh",+880 1732-325353,https://dhakafitness.net/,4.3,132,"{'name': 'Biswajit saha', 'thumbnail': 'https://lh3.googleusercontent.com/a-/ALV-UjW7PYrJUybQzVS2AwOu-2PmRY8sxBenkZYAisxoxQP9xxWtxuLt=s120-c-rp-mo-ba4-br100', 'link': 'https://www.google.com/maps/contrib/109168702838274264047?hl=en-US', 'reviews': 125, 'photos': 103}",5,Edited 2 years ago,Good place to workout near Gulshan-1. Well equipped and everything is there to make your body fit & shape. Male & female trainers are available for physical exercise.,
Gym Zone Bashundhara,"Road, Dhaka 1229, Bangladesh",+880 1675-603480,https://www.facebook.com/Gym-zone-Bashundhara-103550938854302?eid=ARCBw8hDWYcJSJHL6mNCYqlA7ayUfIwaY6Yl9AMX2BeiHfLdWsbDPBDCJKlE9iXzJMnIU7JkogDsMa65,4.6,75,"{'name': 'Momen ul alam', 'thumbnail': 'https://lh3.googleusercontent.com/a-/ALV-UjUYPK957_VC32Q5EwqBaitOCRkV0Q-lznw9bpxfvcNf3ULbVBm1Kg=s120-c-rp-mo-ba5-br100', 'link': 'https://www.google.com/maps/contrib/101298856107156761845?hl=en-US', 'reviews': 172, 'photos': 1007}",5,3 months ago,"A fantastic fitness center with everything you need for a complete workout. The equipment is modern and regularly maintained, and the entire facility is kept impeccably clean. Trainers are knowledgeable, approachable, and always ready to guide members on proper techniques.",
Gym Zone Bashundhara,"Road, Dhaka 1229, Bangladesh",+880 1675-603480,https://www.facebook.com/Gym-zone-Bashundhara-103550938854302?eid=ARCBw8hDWYcJSJHL6mNCYqlA7ayUfIwaY6Yl9AMX2BeiHfLdWsbDPBDCJKlE9iXzJMnIU7JkogDsMa65,4.6,75,"{'name': 'Riafath Kabir', 'thumbnail': 'https://lh3.googleusercontent.com/a/ACg8ocKHciydSZIXQJfM_3GpqcHtNAVNKqoK0x50Onw__jKxgT13FhE=s120-c-rp-mo-ba4-br100', 'link': 'https://www.google.com/maps/contrib/106900649586623344070?hl=en-US', 'reviews': 46, 'photos': 2}",3,3 weeks ago,"Everything is good but the management should look into the cleaning issues,specially washrooms.",
Gym Zone Bashundhara,"Road, Dhaka 1229, Bangladesh",+880 1675-603480,https://www.facebook.com/Gym-zone-Bashundhara-103550938854302?eid=ARCBw8hDWYcJSJHL6mNCYqlA7ayUfIwaY6Yl9AMX2BeiHfLdWsbDPBDCJKlE9iXzJMnIU7JkogDsMa65,4.6,75,"{'name': 'Ahtaer Rahman', 'thumbnail': 'https://lh3.googleusercontent.com/a-/ALV-UjUFZL0d-RdLEOaJptV1-UTSqUYo-cpacKOVVBQPxDqVT4Vq31rq=s120-c-rp-mo-ba5-br100', 'link': 'https://www.google.com/maps/contrib/100738131115616053079?hl=en-US', 'reviews': 154, 'photos': 590}",5,2 years ago,"It was a great experience for me . After long time work out in BD . I just came BD from Canada for celebrating Eid . & I was looking a good place for work out in Bashandara . I find GYM Zone & it was above my expectations. They are very net & clean , enough space as well full of equipments , additionally they are reasonable price. So I would recommend for GYM lover have a tour on GYM Zone .",
Gym Zone Bashundhara,"Road, Dhaka 1229, Bangladesh",+880 1675-603480,https://www.facebook.com/Gym-zone-Bashundhara-103550938854302?eid=ARCBw8hDWYcJSJHL6mNCYqlA7ayUfIwaY6Yl9AMX2BeiHfLdWsbDPBDCJKlE9iXzJMnIU7JkogDsMa65,4.6,75,"{'name': 'MD Kawser Akon', 'thumbnail': 'https://lh3.googleusercontent.com/a-/ALV-UjV9UVQE9wOuLH7iKHRSivi9wr6sZfQCv72mvt7msev4MGCBai0=s120-c-rp-mo-ba3-br100', 'link': 'https://www.google.com/maps/contrib/117229760031967127154?hl=en-US', 'reviews': 21, 'photos': 8}",5,a month ago,Good and Big Gym,
Gym Zone Bashundhara,"Road, Dhaka 1229, Bangladesh",+880 1675-603480,https://www.facebook.com/Gym-zone-Bashundhara-103550938854302?eid=ARCBw8hDWYcJSJHL6mNCYqlA7ayUfIwaY6Yl9AMX2BeiHfLdWsbDPBDCJKlE9iXzJMnIU7JkogDsMa65,4.6,75,"{'name': 'Tanvir Ehateshamul Hoque', 'thumbnail': 'https://lh3.googleusercontent.com/a-/ALV-UjVs-HMSeSPGM2BJt02J_XKnB3ukS84bj2f1rhiyKF4r-uiFWdgHyg=s120-c-rp-mo-ba3-br100', 'link': 'https://www.google.com/maps/contrib/114724911767813778552?hl=en-US', 'reviews': 21, 'photos': 29}",4,8 months ago,"Good gym with big space & decent number of equipments. Gets a bit crowdy after 6pm. Overall, highly recommended",
Fitness power gym,"ছাইদনগর,১০০ ফিট রোড, Dhaka 1212, Bangladesh",+880 1714-243552,N/A,4.3,15,"{'name': 'Lajeta Rahman', 'thumbnail': 'https://lh3.googleusercontent.com/a-/ALV-UjUzyvjHMZXYojcbNJyUPV8hrq48embJLvzW0kRDi1CXnGiEFm0ddg=s120-c-rp-mo-ba2-br100', 'link': 'https://www.google.com/maps/contrib/106297180619785657403?hl=en-US', 'reviews': 9, 'photos': 18}",5,Edited a year ago,I highly recommend Fitness Power GYM. It's a good gym around the whole Vatara .💝💝,
Fitness power gym,"ছাইদনগর,১০০ ফিট রোড, Dhaka 1212, Bangladesh",+880 1714-243552,N/A,4.3,15,"{'name': 'Zahid Anik', 'thumbnail': 'https://lh3.googleusercontent.com/a-/ALV-UjU8dYmWFLNC6WNLN0Qy1y-tR_R_3x7iWKprk5YcCT11yvEI6AMO=s120-c-rp-mo-br100', 'link': 'https://www.google.com/maps/contrib/108548862979708182967?hl=en-US', 'reviews': 5, 'photos': 3}",5,Edited 2 months ago,Excellent gym with all standard equipments,
Fitness power gym,"ছাইদনগর,১০০ ফিট রোড, Dhaka 1212, Bangladesh",+880 1714-243552,N/A,4.3,15,"{'name': 'Mehedi Hasan', 'thumbnail': 'https://lh3.googleusercontent.com/a-/ALV-UjVM7Tf9AzSFknLxo8jEhLlgPssT4YJaH7Y6CRpx7Rf29EVbwKrR=s120-c-rp-mo-br100', 'link': 'https://www.google.com/maps/contrib/111517643070647817004?hl=en-US', 'reviews': 1, 'photos': 0}",5,4 years ago,"I highly recommend Fitness Power GYM!
No matter what your fitness level or background is, the trainers are super friendly and interested in helping you achieve your fitness goals. My favorite part of the workouts is the tips and tricks they give me.
Since I started, I've noticed an improvement in my energy and appearance.",
Fitness power gym,"ছাইদনগর,১০০ ফিট রোড, Dhaka 1212, Bangladesh",+880 1714-243552,N/A,4.3,15,"{'name': 'Shajedul Islam Sami', 'thumbnail': 'https://lh3.googleusercontent.com/a-/ALV-UjUIRImy1isIST7MN-lDJfWWFIrJ9FMxo_kAYF8BM-ALk761Fbaa=s120-c-rp-mo-br100', 'link': 'https://www.google.com/maps/contrib/104647985175357091645?hl=en-US', 'reviews': 2, 'photos': 1}",5,a year ago,"I do gym here everyday, it's a good gym around the whole Vatara, I guess...",
Fitness power gym,"ছাইদনগর,১০০ ফিট রোড, Dhaka 1212, Bangladesh",+880 1714-243552,N/A,4.3,15,"{'name': 'Azizul Hakim Shawon', 'thumbnail': 'https://lh3.googleusercontent.com/a-/ALV-UjXzPDKupNGaPEOKUESpBpeqFHHT8SXpx5YdmjDfEPuPpmSO6BouMg=s120-c-rp-mo-br100', 'link': 'https://www.google.com/maps/contrib/102557469059149818392?hl=en-US', 'reviews': 7, 'photos': 0}",5,4 years ago,A very beautiful gym with each and every equipment you desire for💪,
JK Fitness Arena GYM,"Block D, Noor Tower, House 29, 31 Road No. 1, Dhaka 1212, Bangladesh",+880 1896-566647,https://www.jkfitnessarena.com/,4.6,55,"{'name': 'Ar Ashik', 'thumbnail': 'https://lh3.googleusercontent.com/a-/ALV-UjUd8iJS_E3W8EFamudnd9PY3Rp69rofVAaJbsNEmCJW0hWJ0tGm=s120-c-rp-mo-br100', 'link': 'https://www.google.com/maps/contrib/118184242855124226802?hl=en-US', 'reviews': 2, 'photos': 5}",5,a year ago,"One of the best GYM in Bangladesh. All gym trainers behavior is very friendly. they train and guide very professionally l. they follow Dr. Jahangir Kabir sir and share theory of Dr. Jahangir Kabir sir.
Everyone is welcome to visit here.",
JK Fitness Arena GYM,"Block D, Noor Tower, House 29, 31 Road No. 1, Dhaka 1212, Bangladesh",+880 1896-566647,https://www.jkfitnessarena.com/,4.6,55,"{'name': 'Sheikh Mohammad Mustafa', 'thumbnail': 'https://lh3.googleusercontent.com/a-/ALV-UjUeFKK--PcZDBtGwmC2lYU6w8Xq0IO5h5TJ8IR1RDtoeFunCXM=s120-c-rp-mo-ba5-br100', 'link': 'https://www.google.com/maps/contrib/107708586182406741683?hl=en-US', 'reviews': 100, 'photos': 1216}",5,6 months ago,Well equipped. Spacious. Separate cardio Zone. AC. Sauna facility. What else you need! Within affordable fees.,
JK Fitness Arena GYM,"Block D, Noor Tower, House 29, 31 Road No. 1, Dhaka 1212, Bangladesh",+880 1896-566647,https://www.jkfitnessarena.com/,4.6,55,"{'name': 'Muhtasim Tahmid', 'thumbnail': 'https://lh3.googleusercontent.com/a-/ALV-UjXyVKuqZIFx2iAkXKOkR3EMpzZHRGUsXgIErzy3gFvcnzghWAaw=s120-c-rp-mo-ba2-br100', 'link': 'https://www.google.com/maps/contrib/107694136299224169985?hl=en-US', 'reviews': 10, 'photos': 12}",5,a year ago,Best gym in town with updated and latest equipments. Trainers are helpful. Friendly environment.,
JK Fitness Arena GYM,"Block D, Noor Tower, House 29, 31 Road No. 1, Dhaka 1212, Bangladesh",+880 1896-566647,https://www.jkfitnessarena.com/,4.6,55,"{'name': 'Mukit Chowdhury', 'thumbnail': 'https://lh3.googleusercontent.com/a/ACg8ocJUXwCFcVIB6ivLeWDvPZ03h9ejHXzxSJ28UXAb_cNFmZ5rDu8=s120-c-rp-mo-br100', 'link': 'https://www.google.com/maps/contrib/111884442873780422271?hl=en-US', 'reviews': 1, 'photos': 0}",5,4 weeks ago,Best gym in Dhaka...they should open more branch in city,
JK Fitness Arena GYM,"Block D, Noor Tower, House 29, 31 Road No. 1, Dhaka 1212, Bangladesh",+880 1896-566647,https://www.jkfitnessarena.com/,4.6,55,"{'name': 'Hasibul Hasan', 'thumbnail': 'https://lh3.googleusercontent.com/a-/ALV-UjXQhEtnSJO_Wc9hJwKgnivFgegp5L5q1FOxHCxtA8Yna3vJS7Wr3A=s120-c-rp-mo-ba2-br100', 'link': 'https://www.google.com/maps/contrib/107270685299085788623?hl=en-US', 'reviews': 6, 'photos': 13}",5,a year ago,"Absolutely love this gym! It's equipped with everything I need for an intense workout, from the latest machines to a wide variety of free weights. The atmosphere is motivating, clean, Whether you're just starting out or a seasoned athlete, this is the place to be. Highly recommend for anyone serious about fitness!",
Body Balance Bangladesh,"Surecell Medical Building, Plot 2 Rd 21, Dhaka 1212, Bangladesh",+880 1873-222288,https://www.facebook.com/bodybalancebangladesh,4.4,121,"{'name': 'Sk Walid', 'thumbnail': 'https://lh3.googleusercontent.com/a-/ALV-UjVBIO01jRo4xp6gluDhoDEGXUyy1wcSvmVLAh3GnZ3ctaBAkluo8Q=s120-c-rp-mo-ba3-br100', 'link': 'https://www.google.com/maps/contrib/103063357738201945464?hl=en-US', 'reviews': 5, 'photos': 84}",5,8 months ago,"I've been working out at Body Balance Gym for the past 4 months, and I’m really happy with the visible results in my weight loss journey. The trainers are well-behaved, knowledgeable, and always helpful—they genuinely care about your progress. The gym has everything you need if you're serious about fitness and ready to take on the challenge. Highly recommended!",
Body Balance Bangladesh,"Surecell Medical Building, Plot 2 Rd 21, Dhaka 1212, Bangladesh",+880 1873-222288,https://www.facebook.com/bodybalancebangladesh,4.4,121,"{'name': 'Nikita B', 'thumbnail': 'https://lh3.googleusercontent.com/a-/ALV-UjXtTukiZVRgdXyjo6Y7NC7_Gyt7tTkSpT4nXoO_-UqOyCqNfe_a=s120-c-rp-mo-br100', 'link': 'https://www.google.com/maps/contrib/100582508651380454993?hl=en-US', 'reviews': 1, 'photos': 1}",5,Edited a year ago,"Body Balance Gym isn't just a place to work out; it's a community where you feel at home. The atmosphere is welcoming, and the trainers go above and beyond to create a supportive environment. Their dedication and knowledge ensure that every workout is tailored to your needs. I've met some incredible people here, and the friendly bonding among members is truly special. If you're looking for a gym where you'll not only get fit but also feel like part of a family, Body Balance is the place to be.",
Body Balance Bangladesh,"Surecell Medical Building, Plot 2 Rd 21, Dhaka 1212, Bangladesh",+880 1873-222288,https://www.facebook.com/bodybalancebangladesh,4.4,121,"{'name': '1_ Mamun', 'thumbnail': 'https://lh3.googleusercontent.com/a-/ALV-UjUuiHpD9alTk1YUtFeIf1mHPKHP6FNXgtbaCUb5RjfG_HKZ4lXO=s120-c-rp-mo-br100', 'link': 'https://www.google.com/maps/contrib/117736270781077512612?hl=en-US', 'reviews': 1, 'photos': 0}",5,8 months ago,"I joined Body Balance Gym for light exercises, not bodybuilding, and it’s been a great experience so far. What I really appreciate is that the trainers respect your personal goals—they guide you without putting unnecessary pressure or trying to divert you from your focus. That’s very important to me. I prefer the morning sessions, which are quiet and peaceful. Evenings tend to get a bit crowded as many members come after work. Overall, a great gym with the right mindset.",
Body Balance Bangladesh,"Surecell Medical Building, Plot 2 Rd 21, Dhaka 1212, Bangladesh",+880 1873-222288,https://www.facebook.com/bodybalancebangladesh,4.4,121,"{'name': 'Shah Alam', 'thumbnail': 'https://lh3.googleusercontent.com/a-/ALV-UjW5fEzUb8kB7d45OW_UBUVtMHUPFUF1HfkqDRBBSmVhCb4bGCSx=s120-c-rp-mo-br100', 'link': 'https://www.google.com/maps/contrib/115141648235096065049?hl=en-US', 'reviews': 2, 'photos': 0}",5,8 months ago,"Great environment, top-notch equipment, and professional trainers! Body Balance Gym in Gulshan 1 offers everything you need for a focused and effective workout. The gym is clean, well-maintained, and the staff are friendly and supportive. Highly recommended for anyone serious about fitness in Dhaka!",
Body Balance Bangladesh,"Surecell Medical Building, Plot 2 Rd 21, Dhaka 1212, Bangladesh",+880 1873-222288,https://www.facebook.com/bodybalancebangladesh,4.4,121,"{'name': 'Niloy Shahriar', 'thumbnail': 'https://lh3.googleusercontent.com/a-/ALV-UjWusL68xBVchchaSGRLn43wS6SRsc29XYib0orbc-5VKAwnH-5QWg=s120-c-rp-mo-ba4-br100', 'link': 'https://www.google.com/maps/contrib/116423506342948489505?hl=en-US', 'reviews': 27, 'photos': 24}",5,Edited 2 years ago,"Best GYM in Dhaka.
Basically it's for those, who wants to invest their body, and love to go for a hygienic place.
State of the art.
Trainer & batman are too friendly, helpful and cooperative.",
X-Treme Gym BD,"134/1 Lake Castle, Matikata Rd, Dhaka 1206, Bangladesh",+880 1790-203201,N/A,4.3,93,"{'name': 'Md. Tanvir Shehab 2513103625', 'thumbnail': 'https://lh3.googleusercontent.com/a-/ALV-UjXbnzi-DBDOPubQJJGOtundF1Ayc7RbkX4xXOxHuw4eBF1hJw=s120-c-rp-mo-br100', 'link': 'https://www.google.com/maps/contrib/109183769249028039132?hl=en-US', 'reviews': 1, 'photos': 0}",1,2 months ago,Disgusting Gym. Trainers are not available. Also they lack decency and polite behaviour.,
X-Treme Gym BD,"134/1 Lake Castle, Matikata Rd, Dhaka 1206, Bangladesh",+880 1790-203201,N/A,4.3,93,"{'name': 'AI -9', 'thumbnail': 'https://lh3.googleusercontent.com/a/ACg8ocJjox3hTL0-VkMycooPledLYipnU4iMDYeeVOF3nEilHOUk=s120-c-rp-mo-ba3-br100', 'link': 'https://www.google.com/maps/contrib/110364775282166864005?hl=en-US', 'reviews': 47, 'photos': 15}",1,a year ago,First they try to take the money for 3-6 months and talk about all the sweet things. Once you have given them that huge non refundable deposit they don't care about you anymore.,
X-Treme Gym BD,"134/1 Lake Castle, Matikata Rd, Dhaka 1206, Bangladesh",+880 1790-203201,N/A,4.3,93,"{'name': 'CaptainFINN', 'thumbnail': 'https://lh3.googleusercontent.com/a-/ALV-UjVG20HQCJRdy34iCNxWiS5eqc5Gz_zad3pQnY0jSJ2z1YDS8AR9=s120-c-rp-mo-ba2-br100', 'link': 'https://www.google.com/maps/contrib/117340717356842718609?hl=en-US', 'reviews': 5, 'photos': 16}",1,3 years ago,"They don't have any professional trainer. They don't have AC facilities but they take handsome payment like 2500tk per month. And the space of the gym is too small like tiny 😆 This gym isn't good for beginners. Even they don't have good instrument too😡 another words, they don't clean their Instrument regularly, u will find lot of mosquitoes 🦟 even u can't do ur workout because of mosquitoes. They take high payment from us but they don't give full facilities. Faltu gym akta",
X-Treme Gym BD,"134/1 Lake Castle, Matikata Rd, Dhaka 1206, Bangladesh",+880 1790-203201,N/A,4.3,93,"{'name': 'Nofayel Nur', 'thumbnail': 'https://lh3.googleusercontent.com/a/ACg8ocKlA8F1ULnxHGZwFdQUoFaDvT68FTnPQgIQ_N8pcsRrjjIHqw=s120-c-rp-mo-br100', 'link': 'https://www.google.com/maps/contrib/116066357357482705809?hl=en-US', 'reviews': 1, 'photos': 0}",1,a year ago,"Too much High price & not that much good
I am already visited there",
X-Treme Gym BD,"134/1 Lake Castle, Matikata Rd, Dhaka 1206, Bangladesh",+880 1790-203201,N/A,4.3,93,"{'name': 'Faisal Ahmed', 'thumbnail': 'https://lh3.googleusercontent.com/a-/ALV-UjXyxi4nc8QQMd8UH7D66L0iq-dg1X_Tnq1QaZTVtYHSKihpXQgz=s120-c-rp-mo-br100', 'link': 'https://www.google.com/maps/contrib/109792455481645098612?hl=en-US', 'reviews': 1, 'photos': 0}",2,a year ago,Price so much high. Service not so good.,
Assemble Fitness,"8th floor, Green Grandeur, 58/E Kemal Ataturk Ave, Dhaka 1213, Bangladesh",+880 1847-546080,http://www.assemblefitnessbd.com/,4.6,43,"{'name': 'Lexi Hopp', 'thumbnail': 'https://lh3.googleusercontent.com/a-/ALV-UjXSrQWjpooeHP_51e10dbWApVL4IsKaI8klWAIhn3ZKz9pfDj1I=s120-c-rp-mo-br100', 'link': 'https://www.google.com/maps/contrib/109051025964030600215?hl=en-US', 'reviews': 4, 'photos': 7}",5,a year ago,The team at CrossFit assemble is great! The gym has everything you need for CrossFit. (Only missing thing is music! BYO headphones if you want to listen to music while you workout). The coaches demonstrate the movements and walk through the programming. There is separate locker rooms with showers. It’s a great gym!,
Assemble Fitness,"8th floor, Green Grandeur, 58/E Kemal Ataturk Ave, Dhaka 1213, Bangladesh",+880 1847-546080,http://www.assemblefitnessbd.com/,4.6,43,"{'name': 'Sabahat Rahman', 'thumbnail': 'https://lh3.googleusercontent.com/a-/ALV-UjWVgN8GmCSHtC3MwEKLe-aAvHPG2vsWVc6vOULV9R35Sf7q4xc=s120-c-rp-mo-br100', 'link': 'https://www.google.com/maps/contrib/108202362617495784571?hl=en-US', 'reviews': 11, 'photos': 0}",5,a year ago,"Looking for the best group training gym in Bangladesh? Look no further! With internationally certified and highly qualified trainers, this gym offers expertly crafted classes designed to suit all fitness levels. Whether you’re a beginner or a fitness enthusiast, their variety of well-designed classes will help you achieve your goals. I highly recommend this gym—it’s a place where results happen, and you won’t be disappointed!",
Assemble Fitness,"8th floor, Green Grandeur, 58/E Kemal Ataturk Ave, Dhaka 1213, Bangladesh",+880 1847-546080,http://www.assemblefitnessbd.com/,4.6,43,"{'name': 'Raj Haque', 'thumbnail': 'https://lh3.googleusercontent.com/a-/ALV-UjXS88kuVHnh8pRX8wR6vWbE5XAtlgEgwJdC-Ip1nc11HguKcSw=s120-c-rp-mo-br100', 'link': 'https://www.google.com/maps/contrib/113387638568368908693?hl=en-US', 'reviews': 3, 'photos': 8}",5,a year ago,"CrossFit is great if you're looking to get in good overall shape. I’ve been on the hunt for a proper gym for a long time. I started running since last February & CrossFit helped me so much with my strength and endurance

I love the community. The coaches & everyone in the gym are really helpful. The equipments are really good & the timed workouts really help push boundaries unlike any other gym",
Assemble Fitness,"8th floor, Green Grandeur, 58/E Kemal Ataturk Ave, Dhaka 1213, Bangladesh",+880 1847-546080,http://www.assemblefitnessbd.com/,4.6,43,"{'name': 'Alif rahman abir', 'thumbnail': 'https://lh3.googleusercontent.com/a-/ALV-UjXmMIwyGAWvrVB9sPLGweAshBnLJ6dvZIHel_PSDDOQH0qTtFSc=s120-c-rp-mo-br100', 'link': 'https://www.google.com/maps/contrib/110055606538131414475?hl=en-US', 'reviews': 2, 'photos': 1}",5,a year ago,"In Dhaka finding a proper gym or somewhere I can workout properly is kind of tough. But this gym that I am currently workout at is one the best gym in Dhaka city. Even though I live somewhat far away from where the gym is located, I still come here almost everyday for my workout. The environment of this gym is very pleasant and everyone here is friendly and respectful towards each other. The couches in this gym are friendly and supportive as well as being very professional, they help us figure out how to make a good workout routine and if something changes, they also help us adjust our schedule or workout routine. I am happy that I was able to find CrossFit Assemble and I am also impressed with all the equipment’s that we are provided with.",
Assemble Fitness,"8th floor, Green Grandeur, 58/E Kemal Ataturk Ave, Dhaka 1213, Bangladesh",+880 1847-546080,http://www.assemblefitnessbd.com/,4.6,43,"{'name': 'Shakila Zaman', 'thumbnail': 'https://lh3.googleusercontent.com/a-/ALV-UjW33XbyvvFAy__0p4AKo9ltwijRwR3kXOYJn_mpA12JoFMW4HYw1A=s120-c-rp-mo-br100', 'link': 'https://www.google.com/maps/contrib/106016760752823876109?hl=en-US', 'reviews': 2, 'photos': 2}",5,a year ago,"I have always pushed myself to hit the gym for last couple of years. I couldn’t even enjoy my workout days.I have changed so may gyms to experience different trainers and exercises .But outcome was same.
I got to know about CrossFit from Durdana (One of the coaches of CrossFit).She explained how CrossFit is designed and why I should join the very first CrossFit box of Bangladesh.
After joining I somehow liked the way our coach ( Mr.Daif) designs everyday workout, he focuses on each and everyone of the group and scales  everyday routine accordingly.
As CrossFit guides about lifestyle, it can change a person’s daily lifestyle. After few months of doing it, I see a very different person in me.
Thank u  CrossFit Assemble Bangladesh.",
The Workout Club,"1st Floor, Plot 3448 Shagufta New Rd, Dhaka, In front of Mirpur DOHS gate, Mirpur, Dhaka 1216, Bangladesh",+880 1913-842910,N/A,4.9,29,"{'name': 'Afia Ibnat', 'thumbnail': 'https://lh3.googleusercontent.com/a/ACg8ocJK4iMnAa4v-sZVMhxA1qvN2EoF1KeTPI0Is-3F_1M5_rk85XI=s120-c-rp-mo-ba2-br100', 'link': 'https://www.google.com/maps/contrib/102984431602445159382?hl=en-US', 'reviews': 14, 'photos': 11}",4,6 months ago,"Great Gym. The trainers are super friendly too. However, I’d recommend adding some core machines such as Leg Press, Lateral Raise Machine, Chest Fly Machine to the female gym. Though the trainer makes us do alternative exercises, I still believe having the machines would be more efficient for our workout journey.",
The Workout Club,"1st Floor, Plot 3448 Shagufta New Rd, Dhaka, In front of Mirpur DOHS gate, Mirpur, Dhaka 1216, Bangladesh",+880 1913-842910,N/A,4.9,29,"{'name': 'Raging Silence', 'thumbnail': 'https://lh3.googleusercontent.com/a-/ALV-UjXzRQ5axdp38YJdhoayZXa8ciSoWFv6XH_2xFcEps4_hv9fDpYv=s120-c-rp-mo-br100', 'link': 'https://www.google.com/maps/contrib/117982727253766522675?hl=en-US', 'reviews': 2, 'photos': 1}",5,4 months ago,"Best time to be around is at 3pm-430 pm ish. It can get crowded afterwards. But the facilities and the equipments are well maintauned. The steam and ice bath are very relaxing.

The sense of community is pretty strong. Loving it.",
The Workout Club,"1st Floor, Plot 3448 Shagufta New Rd, Dhaka, In front of Mirpur DOHS gate, Mirpur, Dhaka 1216, Bangladesh",+880 1913-842910,N/A,4.9,29,"{'name': 'Shahir', 'thumbnail': 'https://lh3.googleusercontent.com/a/ACg8ocI0u7ywGaZ-PPktqQWs85rZfWWtdHgkVPaNoU4C-B0jt3MrmA=s120-c-rp-mo-br100', 'link': 'https://www.google.com/maps/contrib/105093848021251923360?hl=en-US', 'reviews': 1, 'photos': 1}",5,4 months ago,"The perfect place for lifting heavy, gaining muscle and having a community beyond lifting. The atmosphere and company is like non other. Highly recommend!",
The Workout Club,"1st Floor, Plot 3448 Shagufta New Rd, Dhaka, In front of Mirpur DOHS gate, Mirpur, Dhaka 1216, Bangladesh",+880 1913-842910,N/A,4.9,29,"{'name': 'Fahim Shahriar', 'thumbnail': 'https://lh3.googleusercontent.com/a/ACg8ocIAXNco58XXBPKi-SFktkr4HpstLrO-Nikzu6GUJhZUUDgFZw=s120-c-rp-mo-br100', 'link': 'https://www.google.com/maps/contrib/109490263708443505866?hl=en-US', 'reviews': 1, 'photos': 0}",5,4 months ago,"Excellent environment, adequate equipments, the trainers are super friendly and will help any member in a heartbeat. It feels like being in a welcoming and warm community where everyone pushes everyone to be the best version of themselves.",
The Workout Club,"1st Floor, Plot 3448 Shagufta New Rd, Dhaka, In front of Mirpur DOHS gate, Mirpur, Dhaka 1216, Bangladesh",+880 1913-842910,N/A,4.9,29,"{'name': 'javed siddiqui', 'thumbnail': 'https://lh3.googleusercontent.com/a/ACg8ocJvXxvp3CBps5DSVgDrSUVEFQl-N2RbhlBnA4kvFGeLVxtMEQ=s120-c-rp-mo-br100', 'link': 'https://www.google.com/maps/contrib/111491882312008576266?hl=en-US', 'reviews': 2, 'photos': 0}",5,a year ago,"I took the Full day package of the workout club and come here often after my office. My 1 month has been completed and now I am re enrolling for 6 months with my wife for their Bogo Buy 1 get 1 offer. Recently I joined their Kickboxing group class held at 7pm and so far I have been able to reduce 4kg in 1 month. The owners are very young and extremely cordial and have helped me in my training programme and guided nutrition. The trainer Samin is also very helpful. I have worked out at Starbase, Gymzone and Title Fitness before but so far the workout club has been my best experience in terms of behavior, classes, pricing and cleanliness",
Ironclad Fitness Arena,"ka-9/10,Jagannathpur, Nasar Tower,3rd Floor, Bashundhara Rd, Dhaka, Bangladesh",+880 1818-388891,N/A,4.3,36,"{'name': 'Shefath Islam', 'thumbnail': 'https://lh3.googleusercontent.com/a-/ALV-UjXpPpu_MlVePaMaymEs3mhvJW_nBn6QzUHXGgi3LX4Fhjokufze=s120-c-rp-mo-ba3-br100', 'link': 'https://www.google.com/maps/contrib/111775136738254386349?hl=en-US', 'reviews': 24, 'photos': 9}",4,3 months ago,It's a good setup overall. Do note that there is a ladies hour shenanigans from 1pm to 4pm and the usual 6pm to 9pm horde is ever present!,
Ironclad Fitness Arena,"ka-9/10,Jagannathpur, Nasar Tower,3rd Floor, Bashundhara Rd, Dhaka, Bangladesh",+880 1818-388891,N/A,4.3,36,"{'name': 'Zoheb Hridoy', 'thumbnail': 'https://lh3.googleusercontent.com/a-/ALV-UjU3B71vxmYc7aKM-V_Jb__956xBYcG19q44E-2e2MdFUenc-z50=s120-c-rp-mo-br100', 'link': 'https://www.google.com/maps/contrib/112576533774557012673?hl=en-US', 'reviews': 8, 'photos': 2}",2,3 months ago,"I didn't like the environment, place looks dirty, unorganized weight plates r everywhere. It is good enough for some people but not for me",
Ironclad Fitness Arena,"ka-9/10,Jagannathpur, Nasar Tower,3rd Floor, Bashundhara Rd, Dhaka, Bangladesh",+880 1818-388891,N/A,4.3,36,"{'name': 'Sifat Siddique', 'thumbnail': 'https://lh3.googleusercontent.com/a-/ALV-UjX0AgjQY4TnU9QWkFO9brYOPEWG-6wg6bBsW2mHvBK_vwL_9tD-Og=s120-c-rp-mo-ba4-br100', 'link': 'https://www.google.com/maps/contrib/110818368770944924061?hl=en-US', 'reviews': 221, 'photos': 87}",5,2 years ago,Best gym around Bashundhara. Good rates and friendly staff.,
Ironclad Fitness Arena,"ka-9/10,Jagannathpur, Nasar Tower,3rd Floor, Bashundhara Rd, Dhaka, Bangladesh",+880 1818-388891,N/A,4.3,36,"{'name': 'Islam Shafiq', 'thumbnail': 'https://lh3.googleusercontent.com/a/ACg8ocKkNHX5TRk-t9BlV5v2Drtqfs3_9gYy2A1Z-wO0y0kwfh1JWEfC=s120-c-rp-mo-ba4-br100', 'link': 'https://www.google.com/maps/contrib/117367251663689891716?hl=en-US', 'reviews': 16, 'photos': 378}",5,4 years ago,"Best gym in Bashundhara.
With worldclass modern gym equipment.
Specially Relax Fitness items.",
Ironclad Fitness Arena,"ka-9/10,Jagannathpur, Nasar Tower,3rd Floor, Bashundhara Rd, Dhaka, Bangladesh",+880 1818-388891,N/A,4.3,36,"{'name': 'Halima Akter', 'thumbnail': 'https://lh3.googleusercontent.com/a-/ALV-UjWTW3-JaUbJXU0QGbKeAe_hKVGHrR4KLjXz6v9fK9hHzdAokNCC=s120-c-rp-mo-ba3-br100', 'link': 'https://www.google.com/maps/contrib/112200591181220691632?hl=en-US', 'reviews': 14, 'photos': 39}",5,2 years ago,"Great gym . Separate working hours for ladies Which really helps. Great female trainer. And her classes are the best.
At the end changing your body is all in your own hands.",
Metal Cave Gym,"Q9C5+8HJ Society, House No. 836, 3rd and 4th Floor, Road No. 2, Dhaka 1207, Bangladesh",+880 1911-770208,N/A,4.4,446,"{'name': 'Apurbo Hridoy', 'thumbnail': 'https://lh3.googleusercontent.com/a-/ALV-UjVUA-V98LQV2XrPQAySyRSg72861T6TIF3pRAz43Ie76vQHyTup=s120-c-rp-mo-ba2-br100', 'link': 'https://www.google.com/maps/contrib/117363497161614231672?hl=en-US', 'reviews': 6, 'photos': 12}",5,8 months ago,"This gym is a top spot for heavy lifters and fitness lovers. It has perfect equipment, a cool and motivating environment, and plenty of weights and machines in two separate floors. The steam bath is good quality and has clean washroom as well. I’ve been working out here for 2/3 months and had good result. The top floor don’t have any ac and I would say that’s a downside of this gym.",
Metal Cave Gym,"Q9C5+8HJ Society, House No. 836, 3rd and 4th Floor, Road No. 2, Dhaka 1207, Bangladesh",+880 1911-770208,N/A,4.4,446,"{'name': 'MD SEYAM', 'thumbnail': 'https://lh3.googleusercontent.com/a-/ALV-UjXShwyBD1puBISI3Du4hIvm3iN-nbWWobDGdYw2j-MbRJKpdt4=s120-c-rp-mo-ba4-br100', 'link': 'https://www.google.com/maps/contrib/118278504872819476285?hl=en-US', 'reviews': 41, 'photos': 396}",5,8 months ago,"I can say without any doubt that MCG is the best gym of that particular area.Especially it offers huge opportunities to grow as a Powerlifter. Their SBD equipments are top notch.
They have ample instruments for cardio as well. Overall, it’s a great gym!",
Metal Cave Gym,"Q9C5+8HJ Society, House No. 836, 3rd and 4th Floor, Road No. 2, Dhaka 1207, Bangladesh",+880 1911-770208,N/A,4.4,446,"{'name': 'Santanu Barai', 'thumbnail': 'https://lh3.googleusercontent.com/a-/ALV-UjXSu8JMjSxE-TBIMcCgd_lWTB4s_Tw1_cCnKSS5ETYh_cGV-EraHg=s120-c-rp-mo-ba6-br100', 'link': 'https://www.google.com/maps/contrib/110221029897411335364?hl=en-US', 'reviews': 908, 'photos': 575}",4,7 years ago,"In Adabar, Ring road, this is the best gym centre. You can built your body according to your demand. The trainer will help you to fulfil your dream. The trainer is too much cordial. Male and female gym facility is available here. This gym is well decorated. All types of modern equipments are available here.",
Metal Cave Gym,"Q9C5+8HJ Society, House No. 836, 3rd and 4th Floor, Road No. 2, Dhaka 1207, Bangladesh",+880 1911-770208,N/A,4.4,446,"{'name': 'Nexus Deep', 'thumbnail': 'https://lh3.googleusercontent.com/a-/ALV-UjVCVvF0LSlR5KShAi45cntWaukSBL5PlEqx981wkrhCpfN0k5es=s120-c-rp-mo-br100', 'link': 'https://www.google.com/maps/contrib/107309513855136710209?hl=en-US', 'reviews': 1, 'photos': 7}",5,Edited 3 years ago,"Best gym in Dhaka, Mohammad Pur. Good Environment!! Best Equipment!! Enough Space!! I just Love Metal Cave Gym!! 💪",
Metal Cave Gym,"Q9C5+8HJ Society, House No. 836, 3rd and 4th Floor, Road No. 2, Dhaka 1207, Bangladesh",+880 1911-770208,N/A,4.4,446,"{'name': 'Md Bappi', 'thumbnail': 'https://lh3.googleusercontent.com/a/ACg8ocJ6e48DDrWCs7zk8gaR3dNxXeeTDKmi8NHz3VKMF3CtwKOmGw=s120-c-rp-mo-br100', 'link': 'https://www.google.com/maps/contrib/112292082891730801638?hl=en-US', 'reviews': 1, 'photos': 0}",5,5 months ago,Best Gym for Powerlifting+Bodybuilding 🥇🥇,
Big Barbell Gym,"Ground Floor, The House of Hanif Company, House no- 720/1, Beribad Tin Rastar Mor, Dhaka 1207, Bangladesh",+880 1928-290000,N/A,4.5,180,"{'name': 'AKM Morshed', 'thumbnail': 'https://lh3.googleusercontent.com/a-/ALV-UjUwW3XCJ3mM_Xu_d0SYqKJ17Sn1HAvC78waGCZ9RNwe4TgyUNNmDA=s120-c-rp-mo-ba4-br100', 'link': 'https://www.google.com/maps/contrib/106838521396938013923?hl=en-US', 'reviews': 158, 'photos': 56}",4,2 weeks ago,"At the age of 48, first time ever I joined in any gym. The gym is really very good for me and sufficient equipment so far I notice. Two trainer Manik and Tamim is very cooperative. Especially Tamim is perfectionist and very serious 😄. Owner should be more careful about toilet regarding cleanliness😜. Many member compalain about switching off, pls look into this issue cause the whole area is lock and there is no air ventilation.",
Big Barbell Gym,"Ground Floor, The House of Hanif Company, House no- 720/1, Beribad Tin Rastar Mor, Dhaka 1207, Bangladesh",+880 1928-290000,N/A,4.5,180,"{'name': 'Nafis Ahnaf Tashin', 'thumbnail': 'https://lh3.googleusercontent.com/a/ACg8ocJD1xIF4_1DOYMTXTkIAZtaRUFuer8kinDMxNx3rBcY1zaM1A=s120-c-rp-mo-br100', 'link': 'https://www.google.com/maps/contrib/118022918302801232959?hl=en-US', 'reviews': 1, 'photos': 1}",2,Edited 6 months ago,"The gym is good in most of the cases...got sufficient equipments and good trainers.. but there are huge lackings too..First of all, here's a short guy called shojib, who is a staff and caretaker of the gym, but his attitude towards the members are really unprofessional and rude..He thinks as if he owns the gymHe doesn't know how to interact with the members. He doesn't have the mere manners and politeness to ask a member to put down the weights or any other things politely. The owner imam hasan bhai is a really great guy and a pretty down to earth person... 95% of the gym members are also good in behaviour,class and also helpful.. although I got one ""khaishta"" member who kind of harrassed me one day. Another issue is the gym don't turn on the AC most of the time , even during hot summer days. The short mannerless guy called shojib turns off the AC after a Short time without asking anyone in the gym, he sometimes turns off the music and even turns off the fan and lights in night time..He should atleast learn to ask the members politely if he can turn off the lights and fans..rather he does whatever he wants.. over-all, the gym is a good option for people nearby Mohammadpur housing limited, 3 rastar mor and around. They give good offers also..but the major issues are the caretaker and the mentality to save money by turning off the AC. Thank you",
Big Barbell Gym,"Ground Floor, The House of Hanif Company, House no- 720/1, Beribad Tin Rastar Mor, Dhaka 1207, Bangladesh",+880 1928-290000,N/A,4.5,180,"{'name': 'Mohammad Zia Uddin', 'thumbnail': 'https://lh3.googleusercontent.com/a-/ALV-UjUq8lGQ7ga-eUP0eXM7zudX_A1XsuvFpCsu8FD3vY7wRueocvw=s120-c-rp-mo-ba4-br100', 'link': 'https://www.google.com/maps/contrib/110941915019804814638?hl=en-US', 'reviews': 40, 'photos': 742}",5,5 months ago,"Great GYM with great and experienced trainer.
Love it ❤️",
Big Barbell Gym,"Ground Floor, The House of Hanif Company, House no- 720/1, Beribad Tin Rastar Mor, Dhaka 1207, Bangladesh",+880 1928-290000,N/A,4.5,180,"{'name': 'Samin Yasar', 'thumbnail': 'https://lh3.googleusercontent.com/a-/ALV-UjWaKiI-lhqE6YhdyA3AXGfrygfqbxoZlyBw_cbKj_hzL6Jd0eK2=s120-c-rp-mo-br100', 'link': 'https://www.google.com/maps/contrib/117301049536331002221?hl=en-US', 'reviews': 1, 'photos': 0}",3,6 months ago,"A recurring issue lies in the management of basic amenities, particularly the air conditioning. The AC is often turned off shortly after being switched on—even during peak hours or extremely hot weather—making workouts uncomfortable. This is typically done by a staff member named Shojib, whose behavior toward members is also noticeably unprofessional. His lack of basic courtesy and disregard for member comfort negatively impacts the overall experience. However, most members are respectful and friendly, and the owner, Imam Hasan bhai, is courteous and down to earth.

While the gym has strong potential and remains a good option for those in the Mohammadpur Housing Limited and 3 Rastar Mor area, better attention to facility management—especially climate control—would significantly improve the member experience.",
Big Barbell Gym,"Ground Floor, The House of Hanif Company, House no- 720/1, Beribad Tin Rastar Mor, Dhaka 1207, Bangladesh",+880 1928-290000,N/A,4.5,180,"{'name': 'AR Robin', 'thumbnail': 'https://lh3.googleusercontent.com/a-/ALV-UjXa_fhzxcN7j3eWlkmZr6eDXUd7kvK31Kl9ONXrdfK4b01mCKam=s120-c-rp-mo-ba2-br100', 'link': 'https://www.google.com/maps/contrib/101626252431717295995?hl=en-US', 'reviews': 3, 'photos': 22}",5,9 months ago,"That's a Cool Gym.
Trainers are so good & friendly  💖",
Fynora Fitness Gym,"9 Rd 10, Dhaka 1230, Bangladesh",+880 1756-588814,N/A,5,49,"{'name': 'Apurbo Iqbalkhan joy', 'thumbnail': 'https://lh3.googleusercontent.com/a-/ALV-UjVTVe9AIosSghkvw4k6iLFx2OxDuw3v99DRcT5qCjDXpzfIyek=s120-c-rp-mo-ba2-br100', 'link': 'https://www.google.com/maps/contrib/116218314395616674822?hl=en-US', 'reviews': 6, 'photos': 33}",5,Edited 2 months ago,"Fynora Gym is one of the best fitness centers for residents of Sector 4. The gym is located on Road 9, Sector 4. One of the key highlights of Fynora Gym is its wide range of equipment, which allows members to work out freely and comfortably. I have been training here for the past three months, and the experience has been excellent.",
Fynora Fitness Gym,"9 Rd 10, Dhaka 1230, Bangladesh",+880 1756-588814,N/A,5,49,"{'name': 'Md Rony Molla', 'thumbnail': 'https://lh3.googleusercontent.com/a-/ALV-UjUfv_Nf_1pkvRZISDQUSxWIJbpmFGz4djpptFLJI03oqHowE0g=s120-c-rp-mo-br100', 'link': 'https://www.google.com/maps/contrib/100944047815069308339?hl=en-US', 'reviews': 3, 'photos': 3}",5,6 months ago,"Best gym at low cost. Highly recommended. All the buddies are very friendly. Space,lightings and equipments are good.",
Fynora Fitness Gym,"9 Rd 10, Dhaka 1230, Bangladesh",+880 1756-588814,N/A,5,49,"{'name': 'Eshat david', 'thumbnail': 'https://lh3.googleusercontent.com/a-/ALV-UjVwgl8mUy6sTDuwUvXlqwOKFGG9TDZ-XMGmy4iEsnImPauIlMux=s120-c-rp-mo-br100', 'link': 'https://www.google.com/maps/contrib/114854157720433315574?hl=en-US', 'reviews': 2, 'photos': 4}",5,9 months ago,Best gym at low cost. Good environment and i found many friendly gym buddies 🫡❤️,
Fynora Fitness Gym,"9 Rd 10, Dhaka 1230, Bangladesh",+880 1756-588814,N/A,5,49,"{'name': 'Siam Al Hasan', 'thumbnail': 'https://lh3.googleusercontent.com/a-/ALV-UjXV2Kc8e5RQIuUjU7cYkyBOiR7XGaCgrLYIdhtmSiWhC5qRu_tE=s120-c-rp-mo-br100', 'link': 'https://www.google.com/maps/contrib/105441800991322888545?hl=en-US', 'reviews': 3, 'photos': 7}",5,8 months ago,"“Fantastic Gym with a Welcoming Vibe!”

I’ve been coming here for a while, and I must say this gym is both affordable and beautiful.

The environment is relaxed, yet motivating, and it’s perfect for anyone at an intermediate fitness level looking to improve their routine.

There’s a variety of options for all kinds of workouts. The lighting adds a unique touch that really makes the space feel modern and inspiring.

It’s a great place to focus on your fitness goals while feeling comfortable and supported.

Would definitely recommend it to anyone looking to level up their workouts!",
Fynora Fitness Gym,"9 Rd 10, Dhaka 1230, Bangladesh",+880 1756-588814,N/A,5,49,"{'name': 'Md Ibrahim hossain Sakib', 'thumbnail': 'https://lh3.googleusercontent.com/a-/ALV-UjVu8BXtWJ1_SZvFVIfUWsCLjFU9UVIl5bpPcBmslkj9mXB3BTSZWg=s120-c-rp-mo-br100', 'link': 'https://www.google.com/maps/contrib/110173455364404719272?hl=en-US', 'reviews': 2, 'photos': 1}",5,8 months ago,Good service.... Good experience.... Need and clean gym.... All said satisfied,
gym zone mirpur 12,"12, Sujat Mansion, Building No.-04 Begum Rokeya Avenue, Road, Dhaka 1216, Bangladesh",+880 1675-603480,https://www.facebook.com/gymzonebd121,4.4,172,"{'name': 'Steven Wallce Anik', 'thumbnail': 'https://lh3.googleusercontent.com/a-/ALV-UjUAYt59l6qQ8NL4NTZtYt0_SOIb3sc0HVvZrnSXJ6oTTxWdmIvr=s120-c-rp-mo-ba4-br100', 'link': 'https://www.google.com/maps/contrib/112430005963953457217?hl=en-US', 'reviews': 23, 'photos': 93}",5,3 months ago,"Pros:
* The facility is large and more spacious than many other gyms in the area.
* Equipment is generally clean.
* There's a small section for gym apparel and a food corner.

Cons:
* It gets extremely crowded on weekdays between 4 PM and 9 PM.
* There are long waiting times for equipment during these peak hours.
Pricing: 2,500 TK admission fee. Monthly fees are 1,500 TK (Regular) and 2,000 TK (Silver).",
gym zone mirpur 12,"12, Sujat Mansion, Building No.-04 Begum Rokeya Avenue, Road, Dhaka 1216, Bangladesh",+880 1675-603480,https://www.facebook.com/gymzonebd121,4.4,172,"{'name': 'Amit Sarker', 'thumbnail': 'https://lh3.googleusercontent.com/a-/ALV-UjWMOzmQucXtNqRct44lEhe2jF8AfLnnjQ9DdJSV8P6WTq1-eYJhtQ=s120-c-rp-mo-ba6-br100', 'link': 'https://www.google.com/maps/contrib/109580976777394071975?hl=en-US', 'reviews': 316, 'photos': 2134}",5,Edited 10 months ago,"Friendly staffs. Steam bath and locker available here. 1 month, 3 months, 6 months and 1 year packages available here. Combined gym for both male and female. Clean and sufficient space.",
gym zone mirpur 12,"12, Sujat Mansion, Building No.-04 Begum Rokeya Avenue, Road, Dhaka 1216, Bangladesh",+880 1675-603480,https://www.facebook.com/gymzonebd121,4.4,172,"{'name': 'Apurba Afiat', 'thumbnail': 'https://lh3.googleusercontent.com/a-/ALV-UjXALqrpxErTKmGgEeVwiu6EYsB2X3s1E705fUtO_DcgsorQwUW9=s120-c-rp-mo-br100', 'link': 'https://www.google.com/maps/contrib/108381933349627034557?hl=en-US', 'reviews': 36, 'photos': 44}",2,5 months ago,"Gym is good, they have lots of equipments and it is also very spacious. My only issue is with the trainers. They don’t pay any heed to the males who go their to workout. They only pay heed to the females and stick with them like parasites.

On my second day at the gym, I saw a male trainer intentionally touch a female who went their for workouts. After seeing these type of pervert acts, I stopped going to this gym. I hope the management takes note of their trainers behaviour into account.",
gym zone mirpur 12,"12, Sujat Mansion, Building No.-04 Begum Rokeya Avenue, Road, Dhaka 1216, Bangladesh",+880 1675-603480,https://www.facebook.com/gymzonebd121,4.4,172,"{'name': 'Towsif Abir', 'thumbnail': 'https://lh3.googleusercontent.com/a-/ALV-UjWlIbx3ZiF9JTRn0dLw4ErJwwu9oITyvpELsQLyEPtsnxfBib0=s120-c-rp-mo-br100', 'link': 'https://www.google.com/maps/contrib/108237790621759183516?hl=en-US', 'reviews': 3, 'photos': 0}",5,4 months ago,"Enough equipments and space. Traniers are not always available, true, but that's a common problem in most of the gyms to be fair. However, people here are super friendly. And the space is not cramped like most gyms.",
gym zone mirpur 12,"12, Sujat Mansion, Building No.-04 Begum Rokeya Avenue, Road, Dhaka 1216, Bangladesh",+880 1675-603480,https://www.facebook.com/gymzonebd121,4.4,172,"{'name': 'Eahea Ratan', 'thumbnail': 'https://lh3.googleusercontent.com/a-/ALV-UjW2Hodf0l8hI1DCsPUdBAqCRruBPNyQu5x5FIex3A-Ab7zB-nQ=s120-c-rp-mo-br100', 'link': 'https://www.google.com/maps/contrib/115277445348710351919?hl=en-US', 'reviews': 6, 'photos': 3}",3,6 months ago,"The gym is good. Lost of equipment.
Trainers are not helpful enough (just first day introduce the machines with me, nothing else, never look back to check am i doing wrong or not). I guess they only give support to their clients, not the regular members. So join here on your own! I don't think 2k per month is worthy here.",
Muscle fit gym,"Mg tower, E Rampura, Dhaka 1219, Bangladesh",+880 1715-873729,N/A,5,49,"{'name': 'Hanjala Taki', 'thumbnail': 'https://lh3.googleusercontent.com/a/ACg8ocKzVjSa3rZCjDBxKAHm66KwLPVKKNziEZ_ZzAUC5t6LSTw8lw=s120-c-rp-mo-br100', 'link': 'https://www.google.com/maps/contrib/110226681332515193845?hl=en-US', 'reviews': 2, 'photos': 14}",5,3 months ago,Very nice gym in rampura Area 😊,
Muscle fit gym,"Mg tower, E Rampura, Dhaka 1219, Bangladesh",+880 1715-873729,N/A,5,49,"{'name': 'Sohan khan', 'thumbnail': 'https://lh3.googleusercontent.com/a-/ALV-UjX9Yv_fxovuDf84CXc6erKVeL8GPreRFE5eTxsLKc9sv4o1Loc_eQ=s120-c-rp-mo-br100', 'link': 'https://www.google.com/maps/contrib/106484598544675650977?hl=en-US', 'reviews': 1, 'photos': 0}",5,3 months ago,Very good space for gym,
Muscle fit gym,"Mg tower, E Rampura, Dhaka 1219, Bangladesh",+880 1715-873729,N/A,5,49,"{'name': 'sajal sarkar', 'thumbnail': 'https://lh3.googleusercontent.com/a/ACg8ocLJv7_pJ6sMIt6MWsOz4i1CNfIw13EHIL_UIBz6L965G7t-Yg=s120-c-rp-mo-br100', 'link': 'https://www.google.com/maps/contrib/102721641406088423995?hl=en-US', 'reviews': 1, 'photos': 0}",5,a month ago,Very nice gum,
Muscle fit gym,"Mg tower, E Rampura, Dhaka 1219, Bangladesh",+880 1715-873729,N/A,5,49,"{'name': 'Hasan Mahmud', 'thumbnail': 'https://lh3.googleusercontent.com/a-/ALV-UjWaj3rpOBNm2bKwMWE0wH7wKRdESRuKRa-mIdDpfCJzhA2Bn30Q=s120-c-rp-mo-br100', 'link': 'https://www.google.com/maps/contrib/111858718476332062579?hl=en-US', 'reviews': 3, 'photos': 23}",5,7 months ago,"Fantastic  GYM, super friendly  and great  equipment",
Muscle fit gym,"Mg tower, E Rampura, Dhaka 1219, Bangladesh",+880 1715-873729,N/A,5,49,"{'name': 'Masud islam Rana', 'thumbnail': 'https://lh3.googleusercontent.com/a/ACg8ocLUopHIcJBOoKI3Mo0d6QHyjhl6NjXZv8Hcm3Spq1IhByy6Yg=s120-c-rp-mo-br100', 'link': 'https://www.google.com/maps/contrib/107852935527659495804?hl=en-US', 'reviews': 1, 'photos': 0}",5,4 months ago,"Good gym, i like it",
Platinum Gym,"house-16, Road-03, block-D, Dhaka 1219, Bangladesh",+880 1733-521052,N/A,4.4,166,"{'name': 'Shahrear Joy', 'thumbnail': 'https://lh3.googleusercontent.com/a-/ALV-UjXvTtiaTZC78rWWEefLa2VhDt76f8RMmKe9qxPDJr86H3BovQUD=s120-c-rp-mo-ba4-br100', 'link': 'https://www.google.com/maps/contrib/114240743381348856395?hl=en-US', 'reviews': 30, 'photos': 245}",4,a year ago,There gym is quite smaller but they have approximately all kind of gym equipment.They have 2 male shift and 1 female shift.Also their trainer is available in both shifts,
Platinum Gym,"house-16, Road-03, block-D, Dhaka 1219, Bangladesh",+880 1733-521052,N/A,4.4,166,"{'name': 'Fauzia Rafa', 'thumbnail': 'https://lh3.googleusercontent.com/a-/ALV-UjUCQ_N5NRvAjvpNBPAuYJqbOmrEc-MMZvD5SjBeA1V9cGG2cyPZsg=s120-c-rp-mo-ba3-br100', 'link': 'https://www.google.com/maps/contrib/117195627205867753432?hl=en-US', 'reviews': 24, 'photos': 27}",1,4 months ago,"Very rude owner. In stead of resolving issue, he prefers losing customer, not female friendly at all. Outsiders can see what’s happening inside the gym. Separate female time slot but male employees can see through cctv. Trainer also not cooperative…",
Platinum Gym,"house-16, Road-03, block-D, Dhaka 1219, Bangladesh",+880 1733-521052,N/A,4.4,166,"{'name': 'Kat', 'thumbnail': 'https://lh3.googleusercontent.com/a/ACg8ocKCEhgCj_-mFf3al2LZF1oBIwOxOjD9IdyOnOmesJMQltX34Yg=s120-c-rp-mo-br100', 'link': 'https://www.google.com/maps/contrib/109340060663370045574?hl=en-US', 'reviews': 1, 'photos': 0}",2,a year ago,"I honestly have a very mixed review about this gym. Everything about it is so disorganized, excluding the lack of space, equipment, and mats. There are some issues that can be fixed, such as a strange rule where they charge an extra 500 for a diet chart, which is usually provided for free at other gyms. Additionally, the treadmill time is limited to a maximum of 8 minutes. What can you do in just 8 minutes? Most gyms recommend at least 15 minutes or more on the treadmill, so they should extend the time.

Moreover, the women’s only time is a complete hassle. The elderly women often start arguments, so I suggest changing the schedule to have time slots from 1 to 3 for young women aged 13-25 and 3 to 5 for the older women. Young women could attend during the older women’s time if needed, but the elderly women’s time should be fixed to prevent conflicts. It’s very frustrating.

Finally, I would suggest that the female gym trainer act more professionally, avoiding favoritism and gossiping.",
Platinum Gym,"house-16, Road-03, block-D, Dhaka 1219, Bangladesh",+880 1733-521052,N/A,4.4,166,"{'name': 'Md Mahir', 'thumbnail': 'https://lh3.googleusercontent.com/a-/ALV-UjWi0QCeC5ynLZU79TEbBC4QTYEQWzAs9fvy-hrPSZF0NrGIBUxT=s120-c-rp-mo-ba3-br100', 'link': 'https://www.google.com/maps/contrib/117923598962073064939?hl=en-US', 'reviews': 13, 'photos': 5}",2,Edited 4 months ago,"Pretty good... There is large variety of machines...Trainers can be upgraded

Updating my review after 2 years: Gym is now wayyy too much overcrowded, jekono machine er jonno wait kora lage, bikaler time e ac charbe na -so if you are someone who likes to workout at that time-just avoid this gym(gorome boiled hoye jaben, matter of fact i tried to complain that ac kno chara hobe na and they replied je gym tokhon emnei thanda thake…bs),lack of weights is significant ….Overall if you can , choose a better gym",
Platinum Gym,"house-16, Road-03, block-D, Dhaka 1219, Bangladesh",+880 1733-521052,N/A,4.4,166,"{'name': 'Raiyan Ahmed', 'thumbnail': 'https://lh3.googleusercontent.com/a-/ALV-UjXDCkqziJkhTbGg4T-tkIZxg7xD0glMGkt8NDwpUQm78Xn5jjUjdQ=s120-c-rp-mo-br100', 'link': 'https://www.google.com/maps/contrib/114171315389741059567?hl=en-US', 'reviews': 9, 'photos': 4}",5,Edited a year ago,A really nice place to workout with quite new equipments. The green theme of this gymnasium helps your eyes in a soothing way while you are working really hard! They also have a TV where they play workouts of world class bodybuilders which helps you to improve yours.,
Maximum Fitnessssssssss,"2, Indira Road, Farmgate, Dhaka 1210, Bangladesh",+880 1711-763310,N/A,4.3,95,"{'name': 'Rafin Mahamud', 'thumbnail': 'https://lh3.googleusercontent.com/a/ACg8ocKNtXvxbOL4PUFxsFP8ZDEP7MHcBZvhvjMwnSvYcD__AE9LDA=s120-c-rp-mo-ba5-br100', 'link': 'https://www.google.com/maps/contrib/114072162925673735533?hl=en-US', 'reviews': 134, 'photos': 500}",4,a year ago,Their price policy is very Good also they have proper equipments for Building Fitness. All is Hammer strength Equipment. Their early membership is so cheap as service. Just Have to improve inside gym lighting. Overall it’s a very Good gym,
Maximum Fitnessssssssss,"2, Indira Road, Farmgate, Dhaka 1210, Bangladesh",+880 1711-763310,N/A,4.3,95,"{'name': 'Shihab Hossain Auni', 'thumbnail': 'https://lh3.googleusercontent.com/a-/ALV-UjXfYBZsSW9YSLAFpck3izbZnvQAN-jx_1ULDgFQ2Rmw64yFyY1U=s120-c-rp-mo-ba2-br100', 'link': 'https://www.google.com/maps/contrib/107881855659584816630?hl=en-US', 'reviews': 10, 'photos': 8}",1,a month ago,Not a well structured place for beginners,
Maximum Fitnessssssssss,"2, Indira Road, Farmgate, Dhaka 1210, Bangladesh",+880 1711-763310,N/A,4.3,95,"{'name': 'Masroaf Shahrin Shimanto', 'thumbnail': 'https://lh3.googleusercontent.com/a-/ALV-UjV0UE0SsZU7qHYJUuXdU7ZS6Gf8hDxNVlV_e1aPwn4HfNT4ivA=s120-c-rp-mo-br100', 'link': 'https://www.google.com/maps/contrib/105857340507089696702?hl=en-US', 'reviews': 7, 'photos': 0}",5,2 years ago,"Maximum Fitness is an enriched gymnasium. The instuctors are very friendly. The environment is so refreshing. In my opinion, this is the best gym in Farmgate.",
Maximum Fitnessssssssss,"2, Indira Road, Farmgate, Dhaka 1210, Bangladesh",+880 1711-763310,N/A,4.3,95,"{'name': 'Jupiter C', 'thumbnail': 'https://lh3.googleusercontent.com/a/ACg8ocIxbM96wrqkQF3vJcul39L3gowNADq6ZsfylNa2DlV1SImtGTUr=s120-c-rp-mo-ba5-br100', 'link': 'https://www.google.com/maps/contrib/107278556006065364915?hl=en-US', 'reviews': 199, 'photos': 682}",4,5 years ago,"One of the well equipped gyms at Farmgate, Dhaka. Located at the 4th floor of Shezan tower. They also offer steam bath facility. Overall, you can take their gym services.",
Maximum Fitnessssssssss,"2, Indira Road, Farmgate, Dhaka 1210, Bangladesh",+880 1711-763310,N/A,4.3,95,"{'name': 'MD B.I Emon ISO Certified Consultant', 'thumbnail': 'https://lh3.googleusercontent.com/a-/ALV-UjVDy7OMxLJyuXbR26z9zqWLrLxkERsrI4JTPPQ2o38GWo0bT9n4Nw=s120-c-rp-mo-ba6-br100', 'link': 'https://www.google.com/maps/contrib/110666346507064244102?hl=en-US', 'reviews': 117, 'photos': 2814}",4,5 years ago,Their price policy is very Good also they have proper equipments for Building Fitness. All is Hammer strength Equipment. Their early membership is so cheap as service. Just Have to improve inside gym lighting. Overall it’s a very Good gym,
Silver Gym,"HOLDING 7-8, AMINA GREEN PARK, Banasree Main Rd, Dhaka 1212, Bangladesh",+880 1705-360925,N/A,4.3,331,"{'name': 'Saddman Tahmid', 'thumbnail': 'https://lh3.googleusercontent.com/a-/ALV-UjUwDtJqYdlqOcRXswki6zu_ttTeNFwXEBejgocZhYV1nOST2wCibw=s120-c-rp-mo-ba3-br100', 'link': 'https://www.google.com/maps/contrib/110018682361225024392?hl=en-US', 'reviews': 9, 'photos': 18}",5,2 months ago,"One of the finest gyms in Dhaka. Compared to other gyms their machinery is well equipped and it is fully air conditioned. Monthly fee is 2000tk but they have some attractive 3,6 and 12 monthly package offers. The staffs are friendly too.",
Silver Gym,"HOLDING 7-8, AMINA GREEN PARK, Banasree Main Rd, Dhaka 1212, Bangladesh",+880 1705-360925,N/A,4.3,331,"{'name': 'Shahrear Joy', 'thumbnail': 'https://lh3.googleusercontent.com/a-/ALV-UjXvTtiaTZC78rWWEefLa2VhDt76f8RMmKe9qxPDJr86H3BovQUD=s120-c-rp-mo-ba4-br100', 'link': 'https://www.google.com/maps/contrib/114240743381348856395?hl=en-US', 'reviews': 30, 'photos': 245}",5,a year ago,The gym is well decorated that's why it became more professional.Hence the gym is located in 7th floor the outside noise is absolutely zero here which makes the environment perfect for doing sessions.They have professional trainers for guide you properly and they also have a good quality and handsome quantity of gym equipments.Both male and female customers can gym here separately because they have 2 male shifts and 1 female shift.,
Silver Gym,"HOLDING 7-8, AMINA GREEN PARK, Banasree Main Rd, Dhaka 1212, Bangladesh",+880 1705-360925,N/A,4.3,331,"{'name': 'Md Asiful Hoque Prodhan', 'thumbnail': 'https://lh3.googleusercontent.com/a-/ALV-UjVfiZC9XrLbkkFR9_uFLLR-IuOdtgT0pjOAEjs3LJkBQ08d7Tg3Jg=s120-c-rp-mo-ba5-br100', 'link': 'https://www.google.com/maps/contrib/113507787453589036522?hl=en-US', 'reviews': 105, 'photos': 1269}",5,2 years ago,"This gym in Bansree is considered among the finest, offering ample space for workouts. It caters to both men and women separately, ensuring a comfortable environment. The gym is well-equipped with various exercise instruments and is fully air-conditioned for a pleasant workout experience. Additionally, there's a small clothing shop located near the front desk. The well-trained trainer is known for being supportive and helpful, adding value to the overall gym experience.",
Silver Gym,"HOLDING 7-8, AMINA GREEN PARK, Banasree Main Rd, Dhaka 1212, Bangladesh",+880 1705-360925,N/A,4.3,331,"{'name': 'Haque’s Diary', 'thumbnail': 'https://lh3.googleusercontent.com/a-/ALV-UjXbkBSn7HKqLuUZHlyIbi77acpjhsuNKy84oG4k2pfMDFUVLy-F=s120-c-rp-mo-ba6-br100', 'link': 'https://www.google.com/maps/contrib/102124900356198764885?hl=en-US', 'reviews': 67, 'photos': 2928}",5,Edited 2 years ago,One of the best gym in BANSREE. Huge space . Both man & woman can workout here separately. All instruments are available here. Full air conditioned. You can also find here a small cloth shop beside the front desk. Trainer is well trained. He is a helpful guy. Also there are 3 person in the gym you can find here who will help you in the gym. Also female have separate part there you can find all types of equipment. Treadmill machine you can find there in both male and female section. This gym remains open from 7:30 am to 1 p.M and also 4 pm to 10 PM. Also you can do workout in Friday. that day gym opens from 4 pm to 10 pm. The owner of this gym is a good and gentle person . Total he has 4 gym.,
Silver Gym,"HOLDING 7-8, AMINA GREEN PARK, Banasree Main Rd, Dhaka 1212, Bangladesh",+880 1705-360925,N/A,4.3,331,"{'name': 'Vonvon', 'thumbnail': 'https://lh3.googleusercontent.com/a-/ALV-UjX8w-ITP8QBmabF7FRBK5EEupG4KE2TuLGEzGCWEc917PVXVZY=s120-c-rp-mo-br100', 'link': 'https://www.google.com/maps/contrib/101744713322455641351?hl=en-US', 'reviews': 1, 'photos': 0}",2,2 months ago,"Good gym and great trainers for boys but girl trainers worst than ever , this  matter should be fixed so that girls can go there and can get a good environment because if trainers are good I think it is a great gym for girls also.....",
Golden Gym,"Block #C Road #13 House #2, E Rampura, Dhaka, Bangladesh",+880 1725-533634,https://www.facebook.com/G2Gym,4.1,256,"{'name': 'Rajib Saha', 'thumbnail': 'https://lh3.googleusercontent.com/a-/ALV-UjXqmEd4TWru9y86K3DznINfqIiEUC0X1XdXsisG_F3DohLNy5aD=s120-c-rp-mo-ba3-br100', 'link': 'https://www.google.com/maps/contrib/116754290702942238313?hl=en-US', 'reviews': 22, 'photos': 78}",5,Edited a year ago,Its a very reasonable Gym for everyone. Especially who wants to start Gym. Whatever equipment is here its more than enough for a daily workout. You can enjoy your workout and build your body shape.,
Golden Gym,"Block #C Road #13 House #2, E Rampura, Dhaka, Bangladesh",+880 1725-533634,https://www.facebook.com/G2Gym,4.1,256,"{'name': 'Samiur Rahman Ridon', 'thumbnail': 'https://lh3.googleusercontent.com/a-/ALV-UjX6drfn5xh_iEPziqOSvsrc_5icyGcEgKs84Gp6ORDUX-Uf7-MA=s120-c-rp-mo-ba4-br100', 'link': 'https://www.google.com/maps/contrib/113177709469740365496?hl=en-US', 'reviews': 35, 'photos': 66}",4,2 years ago,Very well place . Friendly trainer. All services are good. Some machine are broken which is very few. Otherwise all other instruments work good. I'm quite satisfied but not 100%,
Golden Gym,"Block #C Road #13 House #2, E Rampura, Dhaka, Bangladesh",+880 1725-533634,https://www.facebook.com/G2Gym,4.1,256,"{'name': 'Pathway Bangladesh', 'thumbnail': 'https://lh3.googleusercontent.com/a-/ALV-UjUE95nn7nUgplFHvdxZcRb7AiNcb51bl55VK9l2Kl8hSRzVZk1F=s120-c-rp-mo-br100', 'link': 'https://www.google.com/maps/contrib/109160091039919405967?hl=en-US', 'reviews': 2, 'photos': 1}",5,3 months ago,Really nice gym. Helpful and friendly trainer. Huge space in gym area.,
Golden Gym,"Block #C Road #13 House #2, E Rampura, Dhaka, Bangladesh",+880 1725-533634,https://www.facebook.com/G2Gym,4.1,256,"{'name': 'Gazi Ismail Hossain', 'thumbnail': 'https://lh3.googleusercontent.com/a-/ALV-UjUhfvJKyKPZbf9Rm-WHGwkVa34RykMN6Shgy1YOKYJmiFLZQWsd=s120-c-rp-mo-br100', 'link': 'https://www.google.com/maps/contrib/102245998961338848413?hl=en-US', 'reviews': 1, 'photos': 0}",1,9 months ago,Worst gym. The equipments are very outdated and the environment is not very suitable.But the trainers are pretty Good.,
Golden Gym,"Block #C Road #13 House #2, E Rampura, Dhaka, Bangladesh",+880 1725-533634,https://www.facebook.com/G2Gym,4.1,256,"{'name': 'Rifon', 'thumbnail': 'https://lh3.googleusercontent.com/a-/ALV-UjV1CluW2bhjNBUwMUiG9S24J5Pgw3h8kNGhmYKlWp4x9Gf-7r4B2w=s120-c-rp-mo-ba5-br100', 'link': 'https://www.google.com/maps/contrib/117924000653851026962?hl=en-US', 'reviews': 120, 'photos': 335}",5,4 years ago,I started today 2nd December 2021. The place doesn't have any automatic cardio machine the treadmill is also manual. The tools and machines are all rusted but these days ppl like to pay more for such rough b tuff looks so think of it that way :p. Price is very reasonable though and u know why,
Tapout Fitness,"2, LK TOWER, 5th floor, Plot 59, 61 Rd 23, Dhaka 1212, Bangladesh",+880 1983-240027,N/A,4.7,6,"{'name': 'Ismail Sayeed', 'thumbnail': 'https://lh3.googleusercontent.com/a-/ALV-UjWUCIOWvPQQ4Wr9SKICJYFhaH3T_Xt4R9xWyUTI7XkK-rIsml97=s120-c-rp-mo-ba4-br100', 'link': 'https://www.google.com/maps/contrib/105728227150317193159?hl=en-US', 'reviews': 98, 'photos': 93}",5,8 months ago,"Very modern Gym with an equal amount of strength training equipment and enough cardio for a large volume of people.

The high ceilings and the spacious interior gives it a nice premium view, you don’t feel cramped like in other gyms they have many scheduled activities like Zumba passes on most days.

The owners are very professional and the trainers seem to be very motivated as well.",
Tapout Fitness,"2, LK TOWER, 5th floor, Plot 59, 61 Rd 23, Dhaka 1212, Bangladesh",+880 1983-240027,N/A,4.7,6,"{'name': 'ishak Ahmed foraz', 'thumbnail': 'https://lh3.googleusercontent.com/a-/ALV-UjVJwLNVsTYNI03-OynniCd4QlQSu4_VC53D3TX_c86PW8CsHsRC8Q=s120-c-rp-mo-ba2-br100', 'link': 'https://www.google.com/maps/contrib/112829359858967592811?hl=en-US', 'reviews': 3, 'photos': 42}",5,9 months ago,Great environment 🤍,
Tapout Fitness,"2, LK TOWER, 5th floor, Plot 59, 61 Rd 23, Dhaka 1212, Bangladesh",+880 1983-240027,N/A,4.7,6,"{'name': 'Evan Galib', 'thumbnail': 'https://lh3.googleusercontent.com/a-/ALV-UjWS3mNzwHoIBRvB_fGvEHP5WRSXQTG6-jpIXKvANeqXtnI3Ep-YqA=s120-c-rp-mo-ba4-br100', 'link': 'https://www.google.com/maps/contrib/117165060926270408333?hl=en-US', 'reviews': 60, 'photos': 164}",4,4 months ago,,
Tapout Fitness,"2, LK TOWER, 5th floor, Plot 59, 61 Rd 23, Dhaka 1212, Bangladesh",+880 1983-240027,N/A,4.7,6,"{'name': 'ASM Rubiat Hossen', 'thumbnail': 'https://lh3.googleusercontent.com/a-/ALV-UjXtrE_sUsBUZyaI0igo6U-5MDNrhtrJAzIXYeqbamf0ZF-B-LZZRg=s120-c-rp-mo-ba3-br100', 'link': 'https://www.google.com/maps/contrib/102644558339994780756?hl=en-US', 'reviews': 15, 'photos': 1}",5,7 months ago,,
Tapout Fitness,"2, LK TOWER, 5th floor, Plot 59, 61 Rd 23, Dhaka 1212, Bangladesh",+880 1983-240027,N/A,4.7,6,"{'name': 'Muhammad Munim', 'thumbnail': 'https://lh3.googleusercontent.com/a-/ALV-UjWi7TRU6VToQcJNhWHuwz27VwHX_0sT9Qw8uCsLpFBEsvmBySob=s120-c-rp-mo-ba4-br100', 'link': 'https://www.google.com/maps/contrib/106807975374891695469?hl=en-US', 'reviews': 69, 'photos': 19}",5,11 months ago,,
"Multi Gym Premium, Shiya Masjid","Plot No. 24/1-24/2, 4th & 5th Floor, Shiya Masjid Mor, Ring Rd, Dhaka 1207, Bangladesh",+880 1313-197435,https://www.multigympremium.com/,4,359,"{'name': 'Fitness Club', 'thumbnail': 'https://lh3.googleusercontent.com/a-/ALV-UjUUdEg0W5g4LBf0_5IzrOSObwvveu5Q03z4pnM2JZM7euuEBb0=s120-c-rp-mo-br100', 'link': 'https://www.google.com/maps/contrib/113909113744200776970?hl=en-US', 'reviews': 1, 'photos': 0}",1,2 months ago,"I’ve been a member of Multi Gym Premium, and my experience with Assistant Trainer Rakib Hossain has been extremely disappointing.

He often appears unqualified and unsure about workouts or muscle anatomy, frequently searching Google before explaining exercises. This makes members lose confidence in his guidance.

Even worse, his behavior towards female members is highly unprofessional. He tries to disturb and engage ladies unnecessarily, and I’ve personally heard him gossip about their clothes and partners with other members. This kind of conduct is completely unacceptable in a professional gym environment.

He also pressures members to take personal training from him despite lacking the proper knowledge or physique to train others effectively. Many of my gym friends are already fed up and have switched gyms because of his behavior.

A “premium” gym should maintain higher standards of professionalism and staff quality. Metal Cave and R Gym are far better options in Mohammadpur. I sincerely hope the management takes strict action for the reputation of the gym and the comfort of its members.",
"Multi Gym Premium, Shiya Masjid","Plot No. 24/1-24/2, 4th & 5th Floor, Shiya Masjid Mor, Ring Rd, Dhaka 1207, Bangladesh",+880 1313-197435,https://www.multigympremium.com/,4,359,"{'name': 'Dr Abu Bakkar Siddique', 'thumbnail': 'https://lh3.googleusercontent.com/a-/ALV-UjUDaL5oZCsdZr2ziO8YqZbs5M_L3kYiL8-BKSxZ7ZQhnweWXxnx=s120-c-rp-mo-br100', 'link': 'https://www.google.com/maps/contrib/101496116557736020405?hl=en-US', 'reviews': 2, 'photos': 0}",1,2 months ago,"I’m writing this out of pure frustration after seeing how poorly Multi Gym Premium is managed. The so-called Assistant Trainer, Rakib Hossain, is one of the worst examples of an unqualified and unprofessional trainer I’ve ever seen.

He doesn’t know proper workout science, can’t name basic muscles, and often searches on Google in front of members just to explain simple exercises. That’s beyond embarrassing for a gym that claims to be “premium.”

Even more disgusting is his behavior with female members. He tries to talk to them unnecessarily, makes disturbing comments, and gossips about their clothes and partners with other male members. This isn’t just unprofessional — it’s shameful and toxic for a fitness environment.

He also forces members to take personal training from him, though he clearly lacks both knowledge and a proper physique. Many members, including my friends, have already left the gym because of him.

If the management truly cares about their reputation, they should:
1️⃣ Hire certified trainers with real fitness knowledge.
2️⃣ Train staff on respect, discipline, and communication.
3️⃣ Create a zero-tolerance policy for gossip, harassment, and unprofessional behavior.
4️⃣ Supervise assistant trainers closely — not let them run wild.

Right now, Multi Gym Premium is far below the standards of a professional gym. If you’re serious about fitness, visit Metal Cave or R Gym — they’re miles ahead in professionalism, respect, and training quality.",
"Multi Gym Premium, Shiya Masjid","Plot No. 24/1-24/2, 4th & 5th Floor, Shiya Masjid Mor, Ring Rd, Dhaka 1207, Bangladesh",+880 1313-197435,https://www.multigympremium.com/,4,359,"{'name': 'Ashique Mahmood', 'thumbnail': 'https://lh3.googleusercontent.com/a-/ALV-UjWw62so3MgJUPVvsqRIamgPP65EGc0ai4yr_qko45nws24XQR1VQQ=s120-c-rp-mo-ba4-br100', 'link': 'https://www.google.com/maps/contrib/102436233030622750837?hl=en-US', 'reviews': 43, 'photos': 155}",4,2 years ago,"Well equipped and clean gym in the area. Opening hours are standard, has lockers, changing rooms, shower and sauna. Equipments are in good shape since it’s all pretty new. Staff are friendly and helpful.

It lacks open space for free workouts and does feel a bit cramped with a lot of equipment dumped in one area. It has also has a mix of units for the weights without unit labels, both pounds and kilos - making it rather inconvenient for tracking your workouts.",
"Multi Gym Premium, Shiya Masjid","Plot No. 24/1-24/2, 4th & 5th Floor, Shiya Masjid Mor, Ring Rd, Dhaka 1207, Bangladesh",+880 1313-197435,https://www.multigympremium.com/,4,359,"{'name': 'Mohammed Zahidul Alam Marzan', 'thumbnail': 'https://lh3.googleusercontent.com/a-/ALV-UjWc9WXKjOBSsOW2V1WAeOfjTA6W1mLHvZa_05KBH5P2LnhKL7REOw=s120-c-rp-mo-ba6-br100', 'link': 'https://www.google.com/maps/contrib/113173312824430861411?hl=en-US', 'reviews': 328, 'photos': 326}",4,2 years ago,"The Multi Gym is a fitness enthusiast's dream come true, offering a top-notch and updated workout experience. What sets this gym apart is its commitment to staying on the cutting edge of fitness technology, featuring a wide array of brand-new machines that cater to every aspect of one's fitness journey.

One standout feature of the Multi Gym is the availability of a full-time instructor. Having a dedicated fitness professional on hand at all times is a game-changer. Whether you're a beginner looking for guidance or an experienced athlete aiming to refine your technique, the instructor's expertise ensures that your workouts are effective and safe.

The range of equipment at the Multi Gym is nothing short of impressive. From state-of-the-art cardio machines to specialized strength-training equipment, it caters to all fitness levels and goals. The maintenance and cleanliness of the machines are impeccable, reflecting a commitment to a hygienic and enjoyable workout environment.

Moreover, the Multi Gym's layout is designed with convenience in mind. Ample space between machines ensures that you never feel crowded, and the atmosphere is always motivating. Whether you prefer to work out solo or thrive on the energy of a group fitness class, the gym offers a variety of options to suit your preferences.

In conclusion, the Multi Gym stands as a testament to modern fitness facilities. With its updated equipment, full-time instructor support, and dedication to member satisfaction, it's an exceptional place to pursue your fitness goals. If you're looking for a gym that combines cutting-edge technology with expert guidance, look no further than the Multi Gym for a fitness experience that exceeds expectations.",
"Multi Gym Premium, Shiya Masjid","Plot No. 24/1-24/2, 4th & 5th Floor, Shiya Masjid Mor, Ring Rd, Dhaka 1207, Bangladesh",+880 1313-197435,https://www.multigympremium.com/,4,359,"{'name': ""Hasib's Insight Lab"", 'thumbnail': 'https://lh3.googleusercontent.com/a-/ALV-UjWnWpOgeHVu-1TJt7e2VBh7T5ls-9JsP1wQ7mDZ1ePPTpNR9yc=s120-c-rp-mo-ba6-br100', 'link': 'https://www.google.com/maps/contrib/112013294380526200168?hl=en-US', 'reviews': 94, 'photos': 501}",4,Edited 5 years ago,"A decent spot to construct your body. Evryone is amicable and the rec center itself is open and clean. Some ecquipments may be a spot corroded however contrasted with the 1000 month to month expense, I believe it's a fair place. popular gym in this area",
MUSCLE MAKER GYM,"La-60/1, 1212 Progoti Soroni, Dhaka 1212, Bangladesh",+880 1849-847841,http://facebook.com/musclemaker.mmg,4.9,939,"{'name': 'Aritra Khandakar', 'thumbnail': 'https://lh3.googleusercontent.com/a/ACg8ocK5V1hvWSAvBvh1fHR-1nVLgEBGGkWiy3THnyEt9J4pGgEIZg=s120-c-rp-mo-br100', 'link': 'https://www.google.com/maps/contrib/103916072903143393374?hl=en-US', 'reviews': 1, 'photos': 3}",5,8 months ago,"Muscle Maker Gym offers a motivating environment with top-notch equipment and spacious workout areas. The trainers are knowledgeable, friendly, and always ready to guide members. Cleanliness and hygiene are well-maintained throughout the facility. They offer flexible membership plans suited for all fitness levels. Overall, it’s a great place to achieve your fitness goals.",
MUSCLE MAKER GYM,"La-60/1, 1212 Progoti Soroni, Dhaka 1212, Bangladesh",+880 1849-847841,http://facebook.com/musclemaker.mmg,4.9,939,"{'name': 'Eshrak Ahmed Eshti', 'thumbnail': 'https://lh3.googleusercontent.com/a-/ALV-UjWMp4_QdLOwDajVlNTiS_DhMo7ohRDEDeev2A2xRfA15P7hSa59=s120-c-rp-mo-br100', 'link': 'https://www.google.com/maps/contrib/109259084417474762144?hl=en-US', 'reviews': 2, 'photos': 1}",5,3 months ago,"Muscle Maker Gym is one of the best fitness spots around. The environment is really motivating and the trainers genuinely care about your progress. The equipment is well maintained and there is a great balance between strength training and cardio options. What I like most is the positive vibe. Everyone is focused yet friendly and supportive. If you are serious about your fitness journey or just getting started, this is definitely the place to be",
MUSCLE MAKER GYM,"La-60/1, 1212 Progoti Soroni, Dhaka 1212, Bangladesh",+880 1849-847841,http://facebook.com/musclemaker.mmg,4.9,939,"{'name': 'Choyon Rahman', 'thumbnail': 'https://lh3.googleusercontent.com/a-/ALV-UjWW3lSiWzd2mBEN-Tfd1HWcFN7ydOj0NqId5ZgmjDUuKF_J9e0=s120-c-rp-mo-br100', 'link': 'https://www.google.com/maps/contrib/100825205505889658486?hl=en-US', 'reviews': 1, 'photos': 2}",5,a year ago,"""I've had an amazing experience at Muscle Maker Gym, where I worked out daily for 2 hours. The facility is clean, well-equipped, and provides an environment that’s both motivating and comfortable.

The staff are always supportive and attentive, helping me stay consistent with my routine. The variety of equipment and workout options have really pushed me to achieve my fitness goals.

Highly recommended for anyone serious about fitness!""",
MUSCLE MAKER GYM,"La-60/1, 1212 Progoti Soroni, Dhaka 1212, Bangladesh",+880 1849-847841,http://facebook.com/musclemaker.mmg,4.9,939,"{'name': 'Partha jaman', 'thumbnail': 'https://lh3.googleusercontent.com/a-/ALV-UjVdQemEmdpOg61n1Ik5Erh1_JPPLP9fTVvWSFm5Fm9v16iu7Ks=s120-c-rp-mo-br100', 'link': 'https://www.google.com/maps/contrib/118237112022788013945?hl=en-US', 'reviews': 2, 'photos': 0}",5,a month ago,"This gym is really good. The environment is clean, the trainers are helpful, and the equipment is well-maintained.",
MUSCLE MAKER GYM,"La-60/1, 1212 Progoti Soroni, Dhaka 1212, Bangladesh",+880 1849-847841,http://facebook.com/musclemaker.mmg,4.9,939,"{'name': 'Asad Borhan', 'thumbnail': 'https://lh3.googleusercontent.com/a-/ALV-UjVRJknOcYdolXXjwGiKjff9YWcVi1f2dR6xuVmWHGs7AEwKFrJB=s120-c-rp-mo-ba4-br100', 'link': 'https://www.google.com/maps/contrib/103943470500200470886?hl=en-US', 'reviews': 40, 'photos': 36}",5,11 months ago,Well equipped gym. Lots of machines and well trained staff and Trainers. They are having a new year discount this whole January,
Aamra Active | Best Gym in Gulshan Dhaka,"House - 8 Rd No. 50, Dhaka 1212, Bangladesh",+880 1731-003727,https://aamraactive.com/,4.3,100,"{'name': 'Blazebub', 'thumbnail': 'https://lh3.googleusercontent.com/a-/ALV-UjXlu5xiac_v5PxTJZuGM48JRBy-nzj-V87I5xMHiom7LVqhRI4=s120-c-rp-mo-ba5-br100', 'link': 'https://www.google.com/maps/contrib/101231915231808449903?hl=en-US', 'reviews': 93, 'photos': 469}",2,5 months ago,"They don’t have enough equipments and missing a lot of quality ones like squat rakes and a proper deadlift place, they only have a kind of multi purpose one.",
Aamra Active | Best Gym in Gulshan Dhaka,"House - 8 Rd No. 50, Dhaka 1212, Bangladesh",+880 1731-003727,https://aamraactive.com/,4.3,100,"{'name': 'Sakeb', 'thumbnail': 'https://lh3.googleusercontent.com/a-/ALV-UjX_BuYjPYPeh_sQjGLE_EZ4M36dnSmV04EQ0akZWSzZJIL604dI7w=s120-c-rp-mo-ba3-br100', 'link': 'https://www.google.com/maps/contrib/117707902207405514423?hl=en-US', 'reviews': 65, 'photos': 16}",5,3 years ago,"Having tried 4 different gyms during my time in Dhaka,  I found this to be the best in terms of facilities,  cleanliness, and most importantly the professionalism of the staff. There is ample space and equipment for both cardio and weight training.",
Aamra Active | Best Gym in Gulshan Dhaka,"House - 8 Rd No. 50, Dhaka 1212, Bangladesh",+880 1731-003727,https://aamraactive.com/,4.3,100,"{'name': 'zarif ahmed', 'thumbnail': 'https://lh3.googleusercontent.com/a-/ALV-UjVUhihi-dNycf7teNvaljGBJarR8qjP8Hjq7WBB8thRFXIFaNZ8=s120-c-rp-mo-br100', 'link': 'https://www.google.com/maps/contrib/114833689318307510140?hl=en-US', 'reviews': 6, 'photos': 0}",4,Edited 3 years ago,"I have been a member of Amra Active since November 2021 or so. This gym is a really good place with proper environment, facilities, very kind behaviour of staff and employees etc especially Shahed Bhaia .My trainer has been  Mridul Bhai.  After working under his training I can just say he is an outstanding trainer , instructor,   and someone especially who understands what the member exactly wants , when he or she wants it and also depending on the health, weight, height,etc conditions of a human he works accordingly which is what it shud be because everyone can't just go through the same level of training as we humans are different in terms of body structure etc etc . Over the past few months it's not that just my body weight has decreased a lot but my structure of the body has changed positively exactly the way I and my family members wanted it to be. He is a very good trainer to be honest.  I still remember the first day at Amra Active when I had just fallen from the treadmill at a speed of like 2 or so because back then I had a pretty weak physical fitness . But since then the way Mr Mridul bhai shaped me up every single day till now enables me to smoothly run at treadmill at a speed of 10 or so now as everyday I see improvement in myself. However, I want to draw the attention of the higher management of Amra Active that very recently for few days I cud not go to the gym due to personal reasons and then as I tried to call my instructor I found out his phone is switched off. Then I got to know that Mr Mridul Bhai has been temporarily suspended from this gym. This is totally unacceptable to me and at the same time very unfortunate.  I would clearly like to mention that I won't work under any other trainers and suddenly at this moment I won't even change my trainer rather than Mr Mridul Bhai. Hence, in this case I really want to see the cooperation of Amra Active in this matter so that I can again work under Mr Mridu Bhai or if  not then I will claim a return of my money and quit my membership ASAP. This is because its the duty of the organisation to inform us if such things like trainer change or so happens at least few months prior to the incident and its totally unfair and not acceptable if we the members are informed suddenly that my instructor is not there anymore.  I want a reply kindly on this matter because at this point I am so concerned regarding my fitness in the upcoming days and also for the future of mine . Your cooperation will be highly appreciated. I really hoped to extend my membership at the gym due to the overall excellent service of the gym but at this moment I will rethink my decision for sure .",
Aamra Active | Best Gym in Gulshan Dhaka,"House - 8 Rd No. 50, Dhaka 1212, Bangladesh",+880 1731-003727,https://aamraactive.com/,4.3,100,"{'name': 'Sharif Islam', 'thumbnail': 'https://lh3.googleusercontent.com/a-/ALV-UjWK7U1SZgIEEWqR5OzKCpG1FtiRzdzSGYZE94UHgEns-3r4j4My5Q=s120-c-rp-mo-ba7-br100', 'link': 'https://www.google.com/maps/contrib/108797272569149360062?hl=en-US', 'reviews': 851, 'photos': 8456}",3,6 years ago,"Medium sized gym, very good quality instruments,  Nice n clean. Good service,  instructors are nice and friendly. Nice environment, Crowd is foreigners & aristocrats Overall very good.",
Aamra Active | Best Gym in Gulshan Dhaka,"House - 8 Rd No. 50, Dhaka 1212, Bangladesh",+880 1731-003727,https://aamraactive.com/,4.3,100,"{'name': 'Karim Waheed', 'thumbnail': 'https://lh3.googleusercontent.com/a-/ALV-UjUI3pQOIn7ZZjzRGOEDm2OqzftJk9DUoa9KhzkfxfMqPAt_Zqq6=s120-c-rp-mo-ba4-br100', 'link': 'https://www.google.com/maps/contrib/109464487274768078456?hl=en-US', 'reviews': 83, 'photos': 202}",4,Edited 7 years ago,"Pretty good gym, with adequate exercise machines, weights and other equipments. Attendants are friendly, helpful. Offers various forms of yoga classes too.",
Dhali Fitness Center (DFC),"Plot: 1113, Road: 17, Dhaka 1212, Bangladesh",+880 1642-999999,https://www.dhalifitnesscenter.com/,4.2,447,"{'name': 'rachel labis', 'thumbnail': 'https://lh3.googleusercontent.com/a-/ALV-UjXkpNknBVFUWL2UuvvBadcNhHalPsW-ile9dPHyelTX6-PAv6IA=s120-c-rp-mo-ba3-br100', 'link': 'https://www.google.com/maps/contrib/101284236836553860375?hl=en-US', 'reviews': 18, 'photos': 46}",5,a year ago,I love dhali fitness sm I almost want to gatekeep it. There is a pool and badminton court as well as 2 restaurants. I mostly frequent the gym which has a lot of natural light and its very spacious. There are sufficient equipment and free weights too.,
Dhali Fitness Center (DFC),"Plot: 1113, Road: 17, Dhaka 1212, Bangladesh",+880 1642-999999,https://www.dhalifitnesscenter.com/,4.2,447,"{'name': 'Zubayer Shafi', 'thumbnail': 'https://lh3.googleusercontent.com/a-/ALV-UjVytJZ-mEdZRbZtJ_HEeqvN_LQGssSZ0YEZ-2qHbAkjBQBy7Vg=s120-c-rp-mo-ba4-br100', 'link': 'https://www.google.com/maps/contrib/114119609752454295461?hl=en-US', 'reviews': 81, 'photos': 72}",4,11 months ago,"Good place for light sporting activity. Didn't kick us out for being mildly obnoxious, which was so kind of them. The floor to ceiling windows could use some blinders, bcoz the outdoor lights were mildly annoying from one side of the court. Otherwise, chill place!",
Dhali Fitness Center (DFC),"Plot: 1113, Road: 17, Dhaka 1212, Bangladesh",+880 1642-999999,https://www.dhalifitnesscenter.com/,4.2,447,"{'name': 'Abdullah Al-Mamun', 'thumbnail': 'https://lh3.googleusercontent.com/a-/ALV-UjU0Mw9auk8JLIBnBL12oPTvyuqMU3ChFyyFYmOjL9UztTx6WSiD=s120-c-rp-mo-ba5-br100', 'link': 'https://www.google.com/maps/contrib/113561203801635367006?hl=en-US', 'reviews': 221, 'photos': 1171}",4,2 years ago,"Very well organised fitness centre with almost all types of Gym facilities. There is also badminton ground, a small swimming pool and a coffee shop. I have been satisfied with their service. But they are very expensive specially their foods. Parking space is very small. Overall good experience.",
Dhali Fitness Center (DFC),"Plot: 1113, Road: 17, Dhaka 1212, Bangladesh",+880 1642-999999,https://www.dhalifitnesscenter.com/,4.2,447,"{'name': 'Shafayat', 'thumbnail': 'https://lh3.googleusercontent.com/a-/ALV-UjWbQfOsN1nWbrUNJxp2RFK8rcY69VhFdFUe1ELcksX9ZJBg5WuQqg=s120-c-rp-mo-ba3-br100', 'link': 'https://www.google.com/maps/contrib/117702639196793989165?hl=en-US', 'reviews': 14, 'photos': 95}",4,a year ago,"I've only used the pool so far.
Did swimming training here during Ramadan, hence it was less crowded. Also there are usually three slots
1. Female
2. Male under 14
3. Male 14 and above

Training plan:
12 classes, each 1.5 hours.
Friday and Saturday.

But due ramadan time, 2 and 3 were combined.
The trainer is friendly and relaxed. He gives time to kids much more which is expected but might be frustrating to some older learners who prefer more assistance.

But nonetheless, I can say within the training schedule, I felt confident enough to swim through the deep end.

Other info:
The place gets pretty crowded after noon and its hard to swim laps. But if you just want to dip in the water then it's fine.

- No heating available in winter.
- You must bring your own towels and bags.
- Open till 10:30PM.",
Dhali Fitness Center (DFC),"Plot: 1113, Road: 17, Dhaka 1212, Bangladesh",+880 1642-999999,https://www.dhalifitnesscenter.com/,4.2,447,"{'name': 'Md Ferdous Wahid', 'thumbnail': 'https://lh3.googleusercontent.com/a-/ALV-UjVCE0SwA0LhfBxEM12vMI7gUO5Ju8ShKr14aFpFGhNELjm4VCsYCA=s120-c-rp-mo-ba6-br100', 'link': 'https://www.google.com/maps/contrib/104852354398682717864?hl=en-US', 'reviews': 455, 'photos': 2004}",4,3 years ago,"Recent craze in Bashundhara Residential Area.  Equipped fitness zone. Swimming Pool and restaurant under a roof.
Nearby coffee shop is there. Just opposite to Walton Head office.
Enjoyable with friends and family.",
Gold's Gym Bangladesh,"Block N Bashundhara Sports City, Dhaka, Bangladesh",+880 1704-112385,N/A,4.5,45,"{'name': 'Rabbi Rahman', 'thumbnail': 'https://lh3.googleusercontent.com/a-/ALV-UjWyx61PgFAFqdc2tnRqd197Lzb0ZSSOi2wbeLDZrEmSIkEfVlgO=s120-c-rp-mo-ba4-br100', 'link': 'https://www.google.com/maps/contrib/102906162601167522391?hl=en-US', 'reviews': 66, 'photos': 278}",5,a month ago,"When you think of premium gym, think of Gold's gym. If you nearby panthapath, green road or even kawran bazar and looking for a clean and quality place to build muscles then visit Gold's Gym located at Level 8 of Bashundhara City.

They have all sorts of foreign exercise equipments and machinaries you might think of and even a decent pool (men and women time based).",
Gold's Gym Bangladesh,"Block N Bashundhara Sports City, Dhaka, Bangladesh",+880 1704-112385,N/A,4.5,45,"{'name': 'Ameer Kamalee', 'thumbnail': 'https://lh3.googleusercontent.com/a/ACg8ocLGHxh60-kBHcI9U9DQXV2QKr3xEcATYbEUyX5JB4nJ0srK5Hs=s120-c-rp-mo-br100', 'link': 'https://www.google.com/maps/contrib/111164692606047114406?hl=en-US', 'reviews': 5, 'photos': 2}",5,2 weeks ago,"Good gym with Technogym weights and equipment, pool and other facilities. Day pass starts from 2000 taka. You do need to bring gym shoes as you cannot wear outside shoes",
Gold's Gym Bangladesh,"Block N Bashundhara Sports City, Dhaka, Bangladesh",+880 1704-112385,N/A,4.5,45,"{'name': 'MM Rahman', 'thumbnail': 'https://lh3.googleusercontent.com/a-/ALV-UjUSoHylJLMr9OQ8kYHS6DN2Mk5DfsvzAxx1IRj9WEvibLbbU80B=s120-c-rp-mo-br100', 'link': 'https://www.google.com/maps/contrib/110364791572065858744?hl=en-US', 'reviews': 1, 'photos': 0}",5,4 months ago,I am currently a member of this gym and I have to say this definitely has to be the best gym in the country. The equipment and facilities are world class. Also the fact they have a separate section for female members is truly amazing. I want to also mention that the female head trainer Eti has been so supportive of my journey so far she is really exceptional. Much recommended.,
Gold's Gym Bangladesh,"Block N Bashundhara Sports City, Dhaka, Bangladesh",+880 1704-112385,N/A,4.5,45,"{'name': 'Mr. Alex', 'thumbnail': 'https://lh3.googleusercontent.com/a-/ALV-UjXdzVTwWmkyaS3P2MGY9ATwwDTZ-bSt7dEC8ACDUiovkAvzDRWF=s120-c-rp-mo-ba4-br100', 'link': 'https://www.google.com/maps/contrib/103507206300283687352?hl=en-US', 'reviews': 52, 'photos': 277}",1,a month ago,"I visited Bashundhara Gold Gym and had an appointment with one of their instructors. I shared my health issues and different types of pain in detail, but throughout the entire conversation he was fully focused on his phone. This kind of behaviour from a well-known gym instructor is completely unacceptable.

I live abroad, and abroad gym instructors treat clients like friends — they listen, they guide, and they welcome new members with respect. But even after talking for more than 20 minutes, I did not receive proper attention from him. An instructor without basic manners on how to talk, welcome, and guide new clients can be harmful both for the gym’s reputation and for clients’ health progress.

I am sharing this feedback to alert the management and inform other residents or potential members. No one should have to face such unprofessional behaviour in a gym environment.",
Gold's Gym Bangladesh,"Block N Bashundhara Sports City, Dhaka, Bangladesh",+880 1704-112385,N/A,4.5,45,"{'name': 'Ismail Sayeed', 'thumbnail': 'https://lh3.googleusercontent.com/a-/ALV-UjWUCIOWvPQQ4Wr9SKICJYFhaH3T_Xt4R9xWyUTI7XkK-rIsml97=s120-c-rp-mo-ba4-br100', 'link': 'https://www.google.com/maps/contrib/105728227150317193159?hl=en-US', 'reviews': 98, 'photos': 93}",4,7 months ago,Joined Gold’s Gym swimming package. Still under some construction and installation of equipment. Amazing facility regardless. Great team. Bobby bhai helped onboard me. Truly state of the art and will continue to be a beacon of luxury fitness in Dhaka,
Cherry Drops Fitness And Lifestyle 2.0,"2.0,8th Floor, Cherry drops fitness and lifestyle, Molla Tower Shopping Complex, 464 Dhaka 1219, Dhaka 1219, Bangladesh",+880 1610-021342,https://www.cherrydropsbd.com/,5,2,"{'name': 'Mahamud Mamun', 'thumbnail': 'https://lh3.googleusercontent.com/a-/ALV-UjV29gs6OOOamOuUfM_YuzpGRtAuxvzuCn7Mls5xJfeeaUYKjwft3g=s120-c-rp-mo-br100', 'link': 'https://www.google.com/maps/contrib/101554858017798954900?hl=en-US', 'reviews': 2, 'photos': 10}",5,2 weeks ago,World class GYM in area,
Cherry Drops Fitness And Lifestyle 2.0,"2.0,8th Floor, Cherry drops fitness and lifestyle, Molla Tower Shopping Complex, 464 Dhaka 1219, Dhaka 1219, Bangladesh",+880 1610-021342,https://www.cherrydropsbd.com/,5,2,"{'name': 'Shimanto Sen', 'thumbnail': 'https://lh3.googleusercontent.com/a-/ALV-UjUTYKJL7IPH51_x0Yygl0EMLKSFamQgAs0urghpSCVy99eHxxIh=s120-c-rp-mo-br100', 'link': 'https://www.google.com/maps/contrib/102864225983530305605?hl=en-US', 'reviews': 0, 'photos': 2}",5,2 weeks ago,,
Dynamic Gym & Fitness Zone,"30/4 East Hazipara, near Hazipara Petrol pump, Dhaka 1219, Bangladesh",+880 1712-185857,N/A,4.2,14,"{'name': 'ZI Joty', 'thumbnail': 'https://lh3.googleusercontent.com/a-/ALV-UjW1HJ0IY35o2NfUeUuufRJ9OFWmRyqxSqLOvIXad9IcMBC8CviWTQ=s120-c-rp-mo-ba2-br100', 'link': 'https://www.google.com/maps/contrib/101406705394767024241?hl=en-US', 'reviews': 1, 'photos': 5}",5,Edited 4 weeks ago,It's a very reasonable gym.... environment and the facilities is very good... highly recommend,
Dynamic Gym & Fitness Zone,"30/4 East Hazipara, near Hazipara Petrol pump, Dhaka 1219, Bangladesh",+880 1712-185857,N/A,4.2,14,"{'name': 'Irfan Ahmed', 'thumbnail': 'https://lh3.googleusercontent.com/a-/ALV-UjUmPQL4UfMTj_d60bVEC9bUhCqRUusI4NH6NiavvWm1XIK98BF1=s120-c-rp-mo-ba2-br100', 'link': 'https://www.google.com/maps/contrib/104752789438268619692?hl=en-US', 'reviews': 21, 'photos': 0}",5,2 years ago,"Good Gym.
Trainers are friendly and expert.
Manager recently bought an iphone.",
Dynamic Gym & Fitness Zone,"30/4 East Hazipara, near Hazipara Petrol pump, Dhaka 1219, Bangladesh",+880 1712-185857,N/A,4.2,14,"{'name': 'Himel Chowdhury', 'thumbnail': 'https://lh3.googleusercontent.com/a-/ALV-UjV2hQ5eM23QvomXtsBOgWCQNfrpIe77oBQzgQewtiEtxuBz3Gg=s120-c-rp-mo-br100', 'link': 'https://www.google.com/maps/contrib/117181781799760620213?hl=en-US', 'reviews': 1, 'photos': 0}",1,a year ago,"Worst equipment, very rusty, the dumbbells are not even proper. Highly not recommended.",
Dynamic Gym & Fitness Zone,"30/4 East Hazipara, near Hazipara Petrol pump, Dhaka 1219, Bangladesh",+880 1712-185857,N/A,4.2,14,"{'name': 'Mohammad Rashik Zaman', 'thumbnail': 'https://lh3.googleusercontent.com/a-/ALV-UjUA5Jylx3jFVmBJskR8dy-Uo4u3JBxnHyxI1JTDGzH7VJ_b49oT=s120-c-rp-mo-ba2-br100', 'link': 'https://www.google.com/maps/contrib/114003913619721837181?hl=en-US', 'reviews': 19, 'photos': 6}",5,2 years ago,"The owner is very friendly, enough Equipment. Large space",
Dynamic Gym & Fitness Zone,"30/4 East Hazipara, near Hazipara Petrol pump, Dhaka 1219, Bangladesh",+880 1712-185857,N/A,4.2,14,"{'name': 'Shourav Chowdhury', 'thumbnail': 'https://lh3.googleusercontent.com/a-/ALV-UjU8uIvzZDsv6YxITVxGeC2rmyo6QEH0fZICzG5iIIL6Ngx7smeG=s120-c-rp-mo-br100', 'link': 'https://www.google.com/maps/contrib/113142516951844908268?hl=en-US', 'reviews': 1, 'photos': 0}",4,a year ago,Good,
Planet Fitness BD,"RC8P+J94, Mufti Abdur Rahman Rd, Dhaka, Bangladesh",+880 1311-066022,https://www.facebook.com/planetfitnessbd?mibextid=LQQJ4d,3.9,91,"{'name': 'Suha Tabil', 'thumbnail': 'https://lh3.googleusercontent.com/a/ACg8ocIX3SVgKsl-GMsNw7PCogx83n1qF9dZFhTDjWl_LNSEyGdYRA=s120-c-rp-mo-ba2-br100', 'link': 'https://www.google.com/maps/contrib/107696674678282635074?hl=en-US', 'reviews': 10, 'photos': 4}",3,4 months ago,"Not very clean gym, yoga Mat are really dirty and don’t get sanitised frequently. Steam room smells bed. And there are cockroaches. 😒 however all relevant equipments are there. It’s okay if u want a budget friendly gym and no other place to go.",
Planet Fitness BD,"RC8P+J94, Mufti Abdur Rahman Rd, Dhaka, Bangladesh",+880 1311-066022,https://www.facebook.com/planetfitnessbd?mibextid=LQQJ4d,3.9,91,"{'name': 'Deb shipra', 'thumbnail': 'https://lh3.googleusercontent.com/a-/ALV-UjV1pViNWVfDLHCV9fyhUZKyKXDe2akOA__3hEu2NaMuTe8g0F9E=s120-c-rp-mo-br100', 'link': 'https://www.google.com/maps/contrib/106824541503083652655?hl=en-US', 'reviews': 4, 'photos': 0}",3,2 months ago,"Some trainers are not helpful at all..
And maybe some has poor emotional regulation,don’t know how to behave.
.sometimes too crowded as well.
Few equipments,sauna is broken.steam is okay but not nice.",
Planet Fitness BD,"RC8P+J94, Mufti Abdur Rahman Rd, Dhaka, Bangladesh",+880 1311-066022,https://www.facebook.com/planetfitnessbd?mibextid=LQQJ4d,3.9,91,"{'name': 'Emran Sumon', 'thumbnail': 'https://lh3.googleusercontent.com/a/ACg8ocKw7gSLnuqcJxMHG1LchlftMoZrRZxW2NfoWQAoMZhKJN7LJCV3=s120-c-rp-mo-ba4-br100', 'link': 'https://www.google.com/maps/contrib/103831953936184978613?hl=en-US', 'reviews': 211, 'photos': 139}",5,a year ago,"New Equipment full Gym in Bashundhara.  Atmosphere is so good. Value for money. Trainer and staffs are helpful.  They have gents and ladies different changing room, steambath System.",
Planet Fitness BD,"RC8P+J94, Mufti Abdur Rahman Rd, Dhaka, Bangladesh",+880 1311-066022,https://www.facebook.com/planetfitnessbd?mibextid=LQQJ4d,3.9,91,"{'name': 'Sakib Azad', 'thumbnail': 'https://lh3.googleusercontent.com/a-/ALV-UjVCJ6NDcAJvNV7cq3OIz6_Z6LV7KeWrpe6R9Fz-tK7yJRPKQjz-=s120-c-rp-mo-ba4-br100', 'link': 'https://www.google.com/maps/contrib/104255247932581746984?hl=en-US', 'reviews': 32, 'photos': 139}",5,a year ago,Very well equipped gym with great atmosphere & great trainers🦾,
Planet Fitness BD,"RC8P+J94, Mufti Abdur Rahman Rd, Dhaka, Bangladesh",+880 1311-066022,https://www.facebook.com/planetfitnessbd?mibextid=LQQJ4d,3.9,91,"{'name': 'pH StoRies', 'thumbnail': 'https://lh3.googleusercontent.com/a-/ALV-UjXYfpaIxHdHL4KcEb5P5hf15yYqSeOdhgm7CRAv0dNxVru-FwcA=s120-c-rp-mo-ba3-br100', 'link': 'https://www.google.com/maps/contrib/104740670825723974155?hl=en-US', 'reviews': 11, 'photos': 4}",4,Edited 6 months ago,It is a decent gym. Almost all types of equipment are available for workout. Trainers are friendly too.,
Fitness Planet GYM,"Kamal Soroni Rd, Dhaka, Bangladesh",+880 1559-993111,N/A,4.4,357,"{'name': 'Al Helal Jehad', 'thumbnail': 'https://lh3.googleusercontent.com/a-/ALV-UjWcxLPEMas2uU1XIgSiD4VCYanszA0dNJ-2h4bcihE-e9QlN0_M=s120-c-rp-mo-ba4-br100', 'link': 'https://www.google.com/maps/contrib/116392292210318596600?hl=en-US', 'reviews': 20, 'photos': 179}",4,a year ago,"The gym experience was very good and definitely worth the price. For the cost, there’s plenty of gym equipment, all of excellent quality. You can find various types of machines, including a well-equipped cardio section. The workout area is spacious enough.

The men’s bathroom, changing room, and steam room are in the same section, and they are clean and well-maintained. There are also separate changing rooms and facilities for women.

The gym offers good workout routines, and while the trainer is helpful, they could be better.

Overall, it’s a great place to work out. Full air conditioned . You can park your bike in front of the gym as it’s located by the roadside, and there’s also parking available within the building.",
Fitness Planet GYM,"Kamal Soroni Rd, Dhaka, Bangladesh",+880 1559-993111,N/A,4.4,357,"{'name': 'Orchi', 'thumbnail': 'https://lh3.googleusercontent.com/a-/ALV-UjUle4ds1l6ROQS9Qpu_RIkzkS4NCXg9bHzMakvJPP25tUuHVutS=s120-c-rp-mo-br100', 'link': 'https://www.google.com/maps/contrib/112971090350088853564?hl=en-US', 'reviews': 1, 'photos': 0}",1,3 weeks ago,Not worth the money. You pay for floor area nothing else. Filled with very old people only.If you ask them for advice about muscle cramp or exercise the manager lady forces you to pay for their physiotherapy packages which was supposed to be free btw and doesnt give any advice at all.They don't turn on all the ACs only 1 and when asked says rest are broken. Very poor management and lack of trainers no direction at all because only a few trainers overworking and underqualified. Any gym is better than this. Claims to be best gym in uttara what a joke.,
Fitness Planet GYM,"Kamal Soroni Rd, Dhaka, Bangladesh",+880 1559-993111,N/A,4.4,357,"{'name': 'Boorhan Uddin', 'thumbnail': 'https://lh3.googleusercontent.com/a-/ALV-UjVCH3-kUCKKJhijJjLsn2q4FVBDYXo67tvMdEGLes92Z7dnxAvc=s120-c-rp-mo-ba4-br100', 'link': 'https://www.google.com/maps/contrib/107838330650548973667?hl=en-US', 'reviews': 39, 'photos': 123}",5,Edited 5 years ago,"Fitness Planet is one of the best equipped gym not only in Mirpur but also in the vicinity of Dhaka City as well. The trainers are very friendly and closely monitor each member's workout, plan and hop in to help whenever required. I've been a member of this gym for two months now and I've seen members of others gym to move to this gym for betterments. I hope the management of the gym keep up the good work to help us fit and healthy. Best wishes for Fitness Planet.",
Fitness Planet GYM,"Kamal Soroni Rd, Dhaka, Bangladesh",+880 1559-993111,N/A,4.4,357,"{'name': 'Mhs Porag', 'thumbnail': 'https://lh3.googleusercontent.com/a-/ALV-UjX653Vn836pj59izG_jsRJZAzTDfbudeco4buEasCb1cFXpEjgT_g=s120-c-rp-mo-ba2-br100', 'link': 'https://www.google.com/maps/contrib/105179727732610924989?hl=en-US', 'reviews': 20, 'photos': 18}",5,5 years ago,"Best combined gym of the zone. Placed at 60feet ,Very close to Agargoan office zone towards Mirpur 2
You'll get wise assist from both Owners and trainers side. Ladies and gents changing section sperated maintaining standard level of privacy, there's steam facilities as well.",
Fitness Planet GYM,"Kamal Soroni Rd, Dhaka, Bangladesh",+880 1559-993111,N/A,4.4,357,"{'name': 'S M ANIK ZAMAN', 'thumbnail': 'https://lh3.googleusercontent.com/a-/ALV-UjVikgcRZOh19Lqq1X1Q6RkfYJ3j8gc8cFXCjhz2uxgB3Zhgc7bm=s120-c-rp-mo-ba3-br100', 'link': 'https://www.google.com/maps/contrib/107238255582338331787?hl=en-US', 'reviews': 14, 'photos': 22}",5,5 years ago,One of the best GYM in Dhaka. Fitness Planet Gym management is very good. Well experienced trainers are available for members.,
Red gym Mohammadpur ( Ladies & Gents Floor Separate),"House No -31, Mohammadpur ( প্রিন্স বাজারের পিছনে রোডে রেড জিম, 11A Tajmahal Rd, 1207, Bangladesh",+880 1786-321655,N/A,4.9,123,"{'name': 'Afnaan Mahdi', 'thumbnail': 'https://lh3.googleusercontent.com/a-/ALV-UjVwsEDgpAxrYlWny3n0xxJXvTHUKv210Tr3ntc2vBBCPfc_vT7COg=s120-c-rp-mo-br100', 'link': 'https://www.google.com/maps/contrib/117309503443844772082?hl=en-US', 'reviews': 5, 'photos': 3}",5,2 years ago,"Gym's good. Environment's sufficient. Equipments are no problems. I enjoyed my time here.

Back in the old days, I was 89 kg and now I'm 63 kg.
I'm currently aiming for a six packs body. Hopefully I'll achieve it.",
Red gym Mohammadpur ( Ladies & Gents Floor Separate),"House No -31, Mohammadpur ( প্রিন্স বাজারের পিছনে রোডে রেড জিম, 11A Tajmahal Rd, 1207, Bangladesh",+880 1786-321655,N/A,4.9,123,"{'name': 'Mohin Ashraf', 'thumbnail': 'https://lh3.googleusercontent.com/a/ACg8ocK0Tcu4epwvlgy3qXrKnJXUcoiDSbCDGP-25CMsJRgCDvClfw=s120-c-rp-mo-br100', 'link': 'https://www.google.com/maps/contrib/113129447647518042407?hl=en-US', 'reviews': 2, 'photos': 5}",5,2 years ago,"One of the best gym in mohammadpur tajmahal Road ,nice environment and good trainer",
Red gym Mohammadpur ( Ladies & Gents Floor Separate),"House No -31, Mohammadpur ( প্রিন্স বাজারের পিছনে রোডে রেড জিম, 11A Tajmahal Rd, 1207, Bangladesh",+880 1786-321655,N/A,4.9,123,"{'name': 'Rezoyan Rifat', 'thumbnail': 'https://lh3.googleusercontent.com/a-/ALV-UjXVknZC8_Ch6Bhslg1twEgirTmf5jUV_iEH78te9mAEkoAqw8Os=s120-c-rp-mo-br100', 'link': 'https://www.google.com/maps/contrib/112323416982516308473?hl=en-US', 'reviews': 2, 'photos': 4}",5,2 years ago,This Gym is realy good. Environment is perfect. It contains every kind of tools,
Red gym Mohammadpur ( Ladies & Gents Floor Separate),"House No -31, Mohammadpur ( প্রিন্স বাজারের পিছনে রোডে রেড জিম, 11A Tajmahal Rd, 1207, Bangladesh",+880 1786-321655,N/A,4.9,123,"{'name': 'Kamrun naher Shapla', 'thumbnail': 'https://lh3.googleusercontent.com/a/ACg8ocLakT2QNNO-SyqfsCM_ib6KmG22l3_Tv7ZKfyD4B13Bp4e0DA=s120-c-rp-mo-br100', 'link': 'https://www.google.com/maps/contrib/113513370389847315399?hl=en-US', 'reviews': 1, 'photos': 3}",5,2 years ago,"This gym is very good. The trainers here are very sincere. They take care of every member of the gym as a person. In a word, this gym has less trouble and more results in less time.",
Red gym Mohammadpur ( Ladies & Gents Floor Separate),"House No -31, Mohammadpur ( প্রিন্স বাজারের পিছনে রোডে রেড জিম, 11A Tajmahal Rd, 1207, Bangladesh",+880 1786-321655,N/A,4.9,123,"{'name': 'Rafid Hossain', 'thumbnail': 'https://lh3.googleusercontent.com/a-/ALV-UjU-jchDeYbyNty31mRFFizQ_WUpZh0jbb558fpf3cxWyv3W5kD6=s120-c-rp-mo-br100', 'link': 'https://www.google.com/maps/contrib/102181614927694347707?hl=en-US', 'reviews': 1, 'photos': 1}",5,2 years ago,One of the best gyms I've ever seen. Trainers are so friendly. Environment is clean and equipments are good and has pretty good space.,
