business_name,business_address,business_phone,business_website,business_rating,business_total_reviews,reviewer_name,review_rating,review_date,review_text,review_additional_info
Izumi Japanese Kitchen,"House 24 C, Rd 119, Dhaka 1212, Bangladesh",+880 1933-446677,https://m.facebook.com/izumiBD/,4.5,2233,"{'name': 'Raunak Maskay', 'thumbnail': 'https://lh3.googleusercontent.com/a/ACg8ocKFvcX0OpCmMhqqAWSwG3a1RaCwCRcSH1JWCuCZkQVvvWOKALx6=s120-c-rp-mo-ba8-br100', 'link': 'https://www.google.com/maps/contrib/101776671255445758678?hl=en-US', 'reviews': 135, 'photos': 9998}",5,a month ago,"Izumi Japanese Kitchen in Gulshan, Dhaka is one of the finest places to experience authentic Japanese cuisine in Bangladesh. From the moment you step in, the ambience transports you straight to Japan with a beautifully designed Sakura tree, lotus ponds, fish-filled water features, and a gentle waterfall that create a peaceful and elegant atmosphere. It’s the perfect spot for a relaxing meal, a date night, or even a quiet lunch after a busy day.

The seafood here is the true highlight fresh, flavorful, and prepared to perfection. You must try their salmon dishes, shrimp tempura, and the sushi and sashimi platters, which showcase the best of Japanese craftsmanship and taste. Other must-try dishes include the dragon roll, fish platter, udon and soba noodles, maki, kabayaki, sukiyaki, and nabemono, each offering a unique flavor and presentation that reflect the authentic taste of Japan.

The service is excellent, with courteous staff who are attentive without being intrusive. Prices are reasonable considering the quality and experience. The restaurant accepts cash and card payments, and VAT bills are provided.

Overall, Izumi Japanese Kitchen offers an unforgettable dining experience a beautiful fusion of authentic Japanese flavors, serene ambience, and top-notch service right in the heart of Gulshan.",
Izumi Japanese Kitchen,"House 24 C, Rd 119, Dhaka 1212, Bangladesh",+880 1933-446677,https://m.facebook.com/izumiBD/,4.5,2233,"{'name': 'Dewan Asif', 'thumbnail': 'https://lh3.googleusercontent.com/a-/ALV-UjWJ35niXA0Gsx1L8J5vyXQbydgsqfrYV4YsXAsceSoQ0T1AbD1uLA=s120-c-rp-mo-ba7-br100', 'link': 'https://www.google.com/maps/contrib/100094161477995738246?hl=en-US', 'reviews': 482, 'photos': 4020}",5,4 months ago,"Izumi Japanese Kitchen is a great place for real Japanese food. The menu has lots of Sushi and Maki options, and they serve seafood in many different cooking styles like grilled, fried, or with rice.

From the food we tried:

🍜 Yaki Udon (Stir-Fried Udon Noodles) – Thick noodles stir-fried with beef, cabbage, and mushrooms. It was flavorful and filling, with a nice smoky taste.

🥩 Steak with Sauce – A Japanese-style beef steak covered in a rich tomato-mushroom sauce, served with croquettes and vegetables. The steak was soft and juicy, and the sauce added great flavor.

🍤 Tempura – Light and crispy deep-fried vegetables and prawns. It was not oily, and the coating was perfect. A must-try for tempura lovers.

🍚 Crispy Soft Shell Crab Fried Rice – This dish looked amazing and tasted even better. The crab was crunchy, and the rice had a nice mix of herbs and flavor.

🍣 Shrimp Tempura Maki Roll – Wrapped in seaweed, the sushi was fresh, well-balanced, and had the perfect amount of crunch from the tempura inside.

Overall, the food was fresh, nicely presented, and full of flavor. The place is clean and cozy, with a calm Japanese vibe.

A bit on the higher price side, but totally worth it for quality Japanese food.

✅ Highly recommended if you love authentic Japanese cuisine.",
Izumi Japanese Kitchen,"House 24 C, Rd 119, Dhaka 1212, Bangladesh",+880 1933-446677,https://m.facebook.com/izumiBD/,4.5,2233,"{'name': 'Dr. Mehruba Mona', 'thumbnail': 'https://lh3.googleusercontent.com/a/ACg8ocJQhRVqnjx2Fo68SezhSGQZHz9IfhngU16Ta-2KIPIlqbSLK8k=s120-c-rp-mo-ba5-br100', 'link': 'https://www.google.com/maps/contrib/111985086601936267794?hl=en-US', 'reviews': 196, 'photos': 687}",5,Edited 8 months ago,"One of the authentic Japanese restaurant in Dhaka. It was really a delightful experience with a very welcoming and pleasant environment and soothing ambience.
All the dishes I tried, cooked to perfection and absolutely delicious, full of flavor and seemed like fresh and high-quality ingredients were used. The service was top-notch as well. Highly recommended for Japanese food lovers.",
Izumi Japanese Kitchen,"House 24 C, Rd 119, Dhaka 1212, Bangladesh",+880 1933-446677,https://m.facebook.com/izumiBD/,4.5,2233,"{'name': 'Md Kamrul Islam', 'thumbnail': 'https://lh3.googleusercontent.com/a-/ALV-UjU1ZcZ9lRQ3HkcNHP6zUr7prFx5I_g3AtTShNdIot1X_OU62R6igA=s120-c-rp-mo-ba5-br100', 'link': 'https://www.google.com/maps/contrib/100826247155269354717?hl=en-US', 'reviews': 99, 'photos': 1314}",5,5 months ago,"Izumi is one of the best authentic Japanese restaurants in Dhaka.
Hidden in Gulshan, it offers a serene ambience, exceptional service, and delicious dishes made with fresh, high-quality ingredients. The sushi, sashimi, and tempura are standout items. Though pricey, it's worth it for Japanese food lovers. Highly recommended!",
Izumi Japanese Kitchen,"House 24 C, Rd 119, Dhaka 1212, Bangladesh",+880 1933-446677,https://m.facebook.com/izumiBD/,4.5,2233,"{'name': 'Danielle W', 'thumbnail': 'https://lh3.googleusercontent.com/a-/ALV-UjXJgHh2KOAwD_iufBylyeeLMfBFZAmAm0eTUPXJo5DXrDBrzkyW=s120-c-rp-mo-ba5-br100', 'link': 'https://www.google.com/maps/contrib/103508806697120706796?hl=en-US', 'reviews': 129, 'photos': 542}",5,8 months ago,"What a chic restaurant. Hidden in Gulshan, this restaurant I chose based on reviews and found because of some helpful locals. Nigiri and sashimi platter was delicious and I highly recommend it - expensive but cured my sushi fix. Service was friendly, attentive, excellent from beginning to end, the atmosphere and ambiance was desirable, and the food was so enjoyable. Walked in without reservation on a Friday night around 1930, no wait - although reservations I’d recommend.",
Izumi Japanese Kitchen,"House 24 C, Rd 119, Dhaka 1212, Bangladesh",+880 1933-446677,https://m.facebook.com/izumiBD/,4.5,2233,"{'name': 'Jahid Hasan', 'thumbnail': 'https://lh3.googleusercontent.com/a-/ALV-UjWQ6M9WU6FnFt83aVNMkx17jPKyGx6IkU6Ssxfxd7dsv8aDtlM4dw=s120-c-rp-mo-ba7-br100', 'link': 'https://www.google.com/maps/contrib/111444462957990878597?hl=en-US', 'reviews': 210, 'photos': 5673}",5,10 months ago,"Really a wonderful experience. A top Japanese restaurant in Dhaka, in fact the best. We had the tempura which was served perfectly, amazing assortment of sushi’s and the mains were great as well. The decor is minimalistic and sets the perfect ambience in which to indulge. Don’t miss the huge tree in the backyard which was brought all the way from Japan! Overall an exceptional experience and definitely worth visiting.Izumi is my favorite Japanese restaurant. The sushi is amazing, the tempura were sooooo good. the last time I went to Izumi was I think a few months ago. I went with my aunt and uncle and my cousins. The food was extraordinary. It was rich with flavors. It was just balanced. My best friend, Adam's birthday was there. But unfortunately I could not go. My father always goes there for lunch if he can. And I wish I could go again soon.",
Izumi Japanese Kitchen,"House 24 C, Rd 119, Dhaka 1212, Bangladesh",+880 1933-446677,https://m.facebook.com/izumiBD/,4.5,2233,"{'name': 'Shahriar Soikot', 'thumbnail': 'https://lh3.googleusercontent.com/a-/ALV-UjXziCz-OtFX56Oyj5ozlc64FvHr6WOqU63XXCObZFtYxkhLBC-v=s120-c-rp-mo-ba4-br100', 'link': 'https://www.google.com/maps/contrib/115758105425344449304?hl=en-US', 'reviews': 71, 'photos': 382}",5,a year ago,"10/10 experience.
The food is tad expensive no doubt. We were 8 person, spent 25k BDT rather quickly 😭😭😭.
Everything else was amazing. The place is low key. Was hard to spot without any visual branding in front of the building.
The inside was spacious, well decorated with soft light. There was an artificial waterfall thing in wall and big yard in front of it which was pretty cool.
Now the food. It was awesome. Their beef udon and sushi/sashimi were exquisite. I didn’t like the ramen that much but everything else was perfect.
Their lemonade (plain, not the mint one) was the best I’ve ever had. Such delicate balance of sweetness, tanginess and coldness. *chef kiss*
Will visit again but not too soon considering how much it costs. Per person cost can blow up to 3000++ pretty quickly. A more budget friendly but delicious Japanese food place is Izakaya in Dhanmondi. Well, not as Grand as Izumi but definitely better value.",
Izumi Japanese Kitchen,"House 24 C, Rd 119, Dhaka 1212, Bangladesh",+880 1933-446677,https://m.facebook.com/izumiBD/,4.5,2233,"{'name': 'Shahriar Mamun', 'thumbnail': 'https://lh3.googleusercontent.com/a-/ALV-UjXG6d-oa7ZtFxSkw92fF_MBnGt8hxMKqPEPEyxTaVdywkjfezYX=s120-c-rp-mo-ba4-br100', 'link': 'https://www.google.com/maps/contrib/111163992414796748468?hl=en-US', 'reviews': 44, 'photos': 396}",5,a year ago,"It’s been years that I have had this desire of visiting this place for, but it was only July the 4th this year that I finally was there on. Better late than never!

The place is simply amazing. It’s spacious, so mindfully decorated, great ambience, minimal interior design, and it has all the elements to make you feel welcome and comfortable. I loved it a lot.

Yes, it’s expensive, kind of, but for this quality I was more than happy (mmm, or maybe not this much, haha) with the price we were paying for the food. Mineral water is served free here which is admirable. You will have a wide variety of different options to choose from.

It’s a two-storied building. We had a table at the ground floor. We ordered bento box. Everything tasted excellent. My best experience with Japanese food in Dhaka has been with “Samdado” until then. But I would say “Izumi” is a class of its own.

I always joked that it’s a place where you don’t go to eat with your own money, rather you go with someone who pays for you. But after this first visit, I think I’m more than willing to pay for myself the next time I’m there. And there will be a lot of “next time” like that here, I believe.",
The Garden Kitchen at Sheraton Dhaka,"44 Kemal Ataturk Ave, Dhaka 1213, Bangladesh",+880 1313-709099,https://www.marriott.com/hotels/hotel-information/restaurant/dacsi-sheraton-dhaka/,4.4,770,"{'name': 'Taaif Mehadi', 'thumbnail': 'https://lh3.googleusercontent.com/a/ACg8ocJACTd2j8whCHelX47q6WkVwnTWSkdNWQCFiN8SeiPYnu2ntXwO=s120-c-rp-mo-ba5-br100', 'link': 'https://www.google.com/maps/contrib/113944573405569135424?hl=en-US', 'reviews': 184, 'photos': 280}",4,a month ago,"The Garden Kitchen Buffet at Sheraton Dhaka offers a delightful dining experience with an impressive spread of dishes that cater to a wide range of tastes. From succulent grilled meats to fresh seafood, flavorful curries, and an array of international cuisines, every item on the buffet is crafted with care and bursting with flavor. The dessert section is a standout, with an assortment of decadent cakes, pastries, and local sweets that are hard to resist. The quality of the food is consistently high, and the presentation is impeccable, making it a feast for both the palate and the eyes.

However, the experience comes with a couple of caveats. The buffet tends to get extremely busy on Fridays, which can lead to longer wait times for seating and a slightly chaotic atmosphere. It’s advisable to book in advance or arrive early to avoid the rush. Additionally, the price is on the steeper side, with the cost hovering around BDT 7,000–8,000 per person. That said, the experience becomes significantly more affordable if you take advantage of bank promotions, such as buy-one-get-one or buy-one-get-two deals, which are often available.

Overall, Garden Kitchen delivers a premium buffet experience with exceptional food quality, but the Friday crowds and high price point are worth considering. If you’re looking for a luxurious dining outing and can snag a bank deal, it’s well worth a visit!",
The Garden Kitchen at Sheraton Dhaka,"44 Kemal Ataturk Ave, Dhaka 1213, Bangladesh",+880 1313-709099,https://www.marriott.com/hotels/hotel-information/restaurant/dacsi-sheraton-dhaka/,4.4,770,"{'name': 'Waliul Islam', 'thumbnail': 'https://lh3.googleusercontent.com/a-/ALV-UjX78I9mBc8v6KfuUZORuf7ORjlbPCntxD9WeCVMN2o9I0lSkMa3=s120-c-rp-mo-ba4-br100', 'link': 'https://www.google.com/maps/contrib/115042067071836459035?hl=en-US', 'reviews': 87, 'photos': 266}",5,Edited a month ago,A premium experience with wide variety of options and top notch service. Their sumptuous menu and exquisite presentation made the whole experience remarkable and amenities were well provided with utmost care. Food taste was superb and gave me a feel of authentic culinary journey.,
The Garden Kitchen at Sheraton Dhaka,"44 Kemal Ataturk Ave, Dhaka 1213, Bangladesh",+880 1313-709099,https://www.marriott.com/hotels/hotel-information/restaurant/dacsi-sheraton-dhaka/,4.4,770,"{'name': 'Tanvir Ahassan', 'thumbnail': 'https://lh3.googleusercontent.com/a-/ALV-UjVuyDMI01qfLKLHaLBZublL1dQZYYUPJO2BBaWndKm-vRMxAUNdUg=s120-c-rp-mo-ba4-br100', 'link': 'https://www.google.com/maps/contrib/109097033585936686281?hl=en-US', 'reviews': 61, 'photos': 223}",5,4 months ago,"Last night, we treated ourselves to the dinner buffet at The Garden Kitchen in Sheraton, and it was an absolute feast for the senses! From the moment we walked in, the warm ambiance and inviting spread set the tone for a fantastic dining experience.

The Turkish kebab was a standout—juicy, perfectly spiced, and so flavorful that I couldn’t resist going back for seconds. The Nehari was rich and aromatic, with tender meat that melted in the mouth, while the dumplings were delightfully soft and packed with delicious fillings. And oh, the steak—cooked just right, succulent, and full of smoky goodness.

The dessert section was a sweet lover’s paradise! From delicate pastries to creamy treats, every bite was heavenly. It’s rare to find a buffet where every dish shines, but The Garden Kitchen nailed it.

What made the evening even better was the kids' zone, which kept our little ones happily entertained while we enjoyed our meal. The only downside? Cold drinks weren’t included in the buffet, which would have been a nice touch.

Overall, it was a wonderful experience—great food, a welcoming atmosphere, and plenty of variety. If you’re looking for a satisfying buffet with something for everyone, The Garden Kitchen is definitely worth a visit!",
The Garden Kitchen at Sheraton Dhaka,"44 Kemal Ataturk Ave, Dhaka 1213, Bangladesh",+880 1313-709099,https://www.marriott.com/hotels/hotel-information/restaurant/dacsi-sheraton-dhaka/,4.4,770,"{'name': 'Shahtaj Noor', 'thumbnail': 'https://lh3.googleusercontent.com/a-/ALV-UjV8HCFrSlrk_TZmk2AGPKWcaFw55quiLrc7CeeQCM-S-Uq6G0CM1A=s120-c-rp-mo-ba5-br100', 'link': 'https://www.google.com/maps/contrib/106240315640834442047?hl=en-US', 'reviews': 133, 'photos': 685}",4,2 months ago,"Went there for both brunch and dinner. In spite of reservations it took time to get seats. They offer bogo on weekends so too many people. Initial offered seats were makeshift, congested and almost attached to other tables. So we denied. They arranged another table after 10/15 minutes. Dinner buffet was good. Many cuisines were available. Liked the grill and Asia section. Fish items were very good. Many desserts were available.l but mostly tasted similar. Liked macha cheesecake and kulfi.
For brunch, items were plenty and tasty. Varieties of juices are also available for brunch which are included in buffet prices.",
The Garden Kitchen at Sheraton Dhaka,"44 Kemal Ataturk Ave, Dhaka 1213, Bangladesh",+880 1313-709099,https://www.marriott.com/hotels/hotel-information/restaurant/dacsi-sheraton-dhaka/,4.4,770,"{'name': 'Samiha & Sadia', 'thumbnail': 'https://lh3.googleusercontent.com/a-/ALV-UjWy-cMm-4haMAq1C8w4Z1R0eEa8bZcGZ5QupYGJWV181tFy5FO_=s120-c-rp-mo-ba5-br100', 'link': 'https://www.google.com/maps/contrib/110601408104617002943?hl=en-US', 'reviews': 50, 'photos': 1079}",4,Edited 2 months ago,"Undoubtedly one of the finest buffet experiences in Dhaka, offering not just incredible food but an ambiance that truly elevates the dining experience. The decor was thoughtfully designed, and the management ensured everything ran seamlessly., The dessert section was a feast for both the eyes and the palate, with an impressive array of choices. But what truly stole the show for me were the perfectly cooked steaks and the delightful dumplings -absolutely unforgettable!",
The Garden Kitchen at Sheraton Dhaka,"44 Kemal Ataturk Ave, Dhaka 1213, Bangladesh",+880 1313-709099,https://www.marriott.com/hotels/hotel-information/restaurant/dacsi-sheraton-dhaka/,4.4,770,"{'name': 'KAZI FARDIN ISLAM ABIR', 'thumbnail': 'https://lh3.googleusercontent.com/a-/ALV-UjVCJaP6gXfW_vFNJ5EJPehTThY4GymiPrYjPMStjb_4TfKEp_rSZg=s120-c-rp-mo-ba6-br100', 'link': 'https://www.google.com/maps/contrib/107744756214836462684?hl=en-US', 'reviews': 182, 'photos': 1885}",5,a year ago,"**Buffet Review: Sheraton – The Garden Kitchen**

Sheraton’s buffet, served at **The Garden Kitchen**, is undoubtedly one of the finest buffet experiences in Dhaka. Known for its extensive and well-curated selection of dishes, this buffet offers a diverse range of cuisines, including international and local favorites, catering to a wide variety of tastes. The spread includes everything from fresh salads, soups, and appetizers to a grand selection of main courses, including premium cuts of meat, seafood, and vegetarian options. The live cooking stations are a highlight, where chefs prepare dishes like pasta, grills, and stir-fries to your exact preference, adding a personal touch to the dining experience.

One of the best things about Sheraton’s buffet is its **""buy one, get two""** offers that are frequently available through various bank cards, making it an exceptional value for money, especially given the premium quality of food. These discounts make it a popular choice for group dinners, family outings, and celebrations. However, it’s important to note that **drinks are not included** in the buffet price, which is a standard practice but something to be mindful of when budgeting for the meal.

The dessert section is equally impressive, with a vast selection of sweets, cakes, pastries, and traditional Bengali desserts, making it a haven for those with a sweet tooth. The ambiance at **The Garden Kitchen** is modern, spacious, and elegant, with a warm, welcoming atmosphere that elevates the dining experience. The attentive staff ensure that guests are well taken care of, promptly refilling dishes and catering to any special requests.

Overall, Sheraton’s buffet at The Garden Kitchen stands out as one of Dhaka's best dining experiences, offering a luxurious spread, top-notch service, and great value, especially with their frequent discount offers.",
The Garden Kitchen at Sheraton Dhaka,"44 Kemal Ataturk Ave, Dhaka 1213, Bangladesh",+880 1313-709099,https://www.marriott.com/hotels/hotel-information/restaurant/dacsi-sheraton-dhaka/,4.4,770,"{'name': 'Shahrin Khan Rimu', 'thumbnail': 'https://lh3.googleusercontent.com/a-/ALV-UjWWRJ6nOZAqqNwz3xuIdCtVC07-9qvW56n7GRwn0OLAT1hY_4V4DA=s120-c-rp-mo-br100', 'link': 'https://www.google.com/maps/contrib/114176105614352294667?hl=en-US', 'reviews': 2, 'photos': 4}",5,3 months ago,"Best buffet experience till now! Loved the atmosphere, service and the food was amazing!",
The Garden Kitchen at Sheraton Dhaka,"44 Kemal Ataturk Ave, Dhaka 1213, Bangladesh",+880 1313-709099,https://www.marriott.com/hotels/hotel-information/restaurant/dacsi-sheraton-dhaka/,4.4,770,"{'name': 'Taniv Ashraf', 'thumbnail': 'https://lh3.googleusercontent.com/a-/ALV-UjUZKoqFU4uEr5wBRWBQIaRac8lR_AaQMhkehfdViegcN7RXnGhr=s120-c-rp-mo-ba6-br100', 'link': 'https://www.google.com/maps/contrib/105083755593807578671?hl=en-US', 'reviews': 95, 'photos': 2819}",5,5 months ago,"I really liked their Beef Ribs steak, Nehari and Live Soup. Every item was delicious 😋😋.",
Seasonal Tastes,"The Westin, Main Gulshan Ave, Dhaka 1212, Bangladesh",+880 1730-304871,https://www.marriott.com/hotels/hotel-information/restaurant/dacwi-the-westin-dhaka/,4.6,1904,"{'name': 'Rifha Tamanna', 'thumbnail': 'https://lh3.googleusercontent.com/a-/ALV-UjUMDvpusFG4B-TaAwFwnJeOH-HCOHxnazpv83TpVk0NZEALoVM=s120-c-rp-mo-br100', 'link': 'https://www.google.com/maps/contrib/112011927137157647700?hl=en-US', 'reviews': 3, 'photos': 2}",5,3 months ago,"Absolutely loved the service! The staff were extremely polite and professional, and the atmosphere was relaxing. Would definitely recommend to anyone visiting Dhaka.",
Seasonal Tastes,"The Westin, Main Gulshan Ave, Dhaka 1212, Bangladesh",+880 1730-304871,https://www.marriott.com/hotels/hotel-information/restaurant/dacwi-the-westin-dhaka/,4.6,1904,"{'name': 'Ahtesham Hyder Nehal', 'thumbnail': 'https://lh3.googleusercontent.com/a-/ALV-UjVEtSaNy8NKdYK0ub0ATz34AsUXpcaoQ9x_604-0LfLcXO6XDZD=s120-c-rp-mo-ba7-br100', 'link': 'https://www.google.com/maps/contrib/117673934052456592501?hl=en-US', 'reviews': 682, 'photos': 5084}",4,a year ago,"Went there for the Buffet, there was a huge selection of foods, many of them tasted good many of them didn't. There was a live kitchen for the grills and fries. 4 types of juices was available but no cold drinks, they asked 700 for one bottle of pepsi.
Environment was great, it was a 5 star experience in considering the environment but not the food.
Buffet cost was 4500+ per person.",
Seasonal Tastes,"The Westin, Main Gulshan Ave, Dhaka 1212, Bangladesh",+880 1730-304871,https://www.marriott.com/hotels/hotel-information/restaurant/dacwi-the-westin-dhaka/,4.6,1904,"{'name': 'Sagor Khan', 'thumbnail': 'https://lh3.googleusercontent.com/a-/ALV-UjXikxyWiFVbNwcXG7Ew-nklK1EpltwtgipDhsxfs1HGXHRMh3dZ=s120-c-rp-mo-ba3-br100', 'link': 'https://www.google.com/maps/contrib/115687498998697246167?hl=en-US', 'reviews': 6, 'photos': 54}",4,a year ago,"Went to seasonal taste for lunch. 4500tk+ per person.

Food - Their live cooking section was great. They cooked our picked items in front of us. Meat and fish items was fresh and delicious.
The dessert section was the best part of the buffet. Drinks were not included in the buffet so thats a bummer.

Service - Service was exceptional. Waiters and staffs were very helpful and polite.

Atmosphere - Atmosphere was nice and the place was very spacious. Chairs and utensils needs an upgrade.",
Seasonal Tastes,"The Westin, Main Gulshan Ave, Dhaka 1212, Bangladesh",+880 1730-304871,https://www.marriott.com/hotels/hotel-information/restaurant/dacwi-the-westin-dhaka/,4.6,1904,"{'name': 'jawate afnan', 'thumbnail': 'https://lh3.googleusercontent.com/a-/ALV-UjUg7kxqW0tNAaccyOWSiJSEiYh5cQwL3FCEaehQWSoCuGyaKit8=s120-c-rp-mo-ba3-br100', 'link': 'https://www.google.com/maps/contrib/101563148576311828504?hl=en-US', 'reviews': 15, 'photos': 30}",4,11 months ago,"It was an amazing experience ngl, the service was excellent, but the food was below average.
You'll find different cuisines at the buffet, you'll get excited and want to try all of them. I'll suggest trying a small portion first, if you like it, just go for it.
Don't forget to try the fruits, especially the melon 🍈

Pro tip for any buffet: Ignore the rice, bread and drinks as much as you can, cause they are going to make you full.",
Seasonal Tastes,"The Westin, Main Gulshan Ave, Dhaka 1212, Bangladesh",+880 1730-304871,https://www.marriott.com/hotels/hotel-information/restaurant/dacwi-the-westin-dhaka/,4.6,1904,"{'name': 'HIMU AHMED', 'thumbnail': 'https://lh3.googleusercontent.com/a-/ALV-UjVyzz-HuwREhcs2qImtb6Vkx6mfdEVpOM1BRYTroET4uo5LWGtE=s120-c-rp-mo-br100', 'link': 'https://www.google.com/maps/contrib/118104792500520482983?hl=en-US', 'reviews': 2, 'photos': 11}",5,2 months ago,"The food was fresh, flavorful, and beautifully presented. I especially enjoyed the live cooking stations where chefs prepare dishes right in front of you, adding a personal touch to the dining experience. Their seafood selection was impressive, and the desserts were both delicious and artfully arranged",
Seasonal Tastes,"The Westin, Main Gulshan Ave, Dhaka 1212, Bangladesh",+880 1730-304871,https://www.marriott.com/hotels/hotel-information/restaurant/dacwi-the-westin-dhaka/,4.6,1904,"{'name': 'Shahnewaz Khan Zeeshan', 'thumbnail': 'https://lh3.googleusercontent.com/a/ACg8ocLKgYsZ4ZBLN7cC_KiRWCO8hbG1tai9nE-bkUVHLTzCzkLDW9vC=s120-c-rp-mo-br100', 'link': 'https://www.google.com/maps/contrib/113372652626343655474?hl=en-US', 'reviews': 1, 'photos': 0}",5,4 months ago,"I had an amazing experience at this restaurant! From the moment I walked in, the ambiance was warm and welcoming. The staff was incredibly attentive and polite, making sure we were comfortable throughout the entire meal.

The food was absolutely delicious — every dish was full of flavor and beautifully presented. You can tell the ingredients were fresh and thoughtfully prepared. I highly recommend trying their [insert a dish name if known – e.g., “grilled lamb chops” or “signature pasta”].

Portion sizes were generous and prices were reasonable for the quality. Whether you’re coming for a casual dinner or a special occasion, this place delivers on all fronts. I’ll definitely be coming back soon!",
Seasonal Tastes,"The Westin, Main Gulshan Ave, Dhaka 1212, Bangladesh",+880 1730-304871,https://www.marriott.com/hotels/hotel-information/restaurant/dacwi-the-westin-dhaka/,4.6,1904,"{'name': 'Atiq SHUVRO', 'thumbnail': 'https://lh3.googleusercontent.com/a/ACg8ocJgwKUD4T6uT4oeTBkL38l2cLD99yCE7CLuyfoE_6utQgiN2Ek=s120-c-rp-mo-ba5-br100', 'link': 'https://www.google.com/maps/contrib/115401838545092298516?hl=en-US', 'reviews': 82, 'photos': 500}",3,Edited a year ago,Cozy 5 star environment but the diversity of foods are not up to the mark. More continental foods should be included. Salads & appetizers need extra attention but shushi & sashimi are outstanding. I was hurt to hear that beef steaks were not available due to high price of beef. Staffs need to be more professional to prove their five star ratings. Finally the price which is much high in context of Bangladesh.,
Seasonal Tastes,"The Westin, Main Gulshan Ave, Dhaka 1212, Bangladesh",+880 1730-304871,https://www.marriott.com/hotels/hotel-information/restaurant/dacwi-the-westin-dhaka/,4.6,1904,"{'name': 'Sub-Trainer Sumon Bappy', 'thumbnail': 'https://lh3.googleusercontent.com/a-/ALV-UjWREQo1YKwDkaJ22UlRZelPXgp6VWnXcFsZ9zqTmqwgCC7xKcUV=s120-c-rp-mo-br100', 'link': 'https://www.google.com/maps/contrib/104723519862555282430?hl=en-US', 'reviews': 2, 'photos': 9}",5,4 months ago,"Amazing experience! The food was fresh and tasty, especially the grilled fish. Staff were polite and quick, and the environment was calm and relaxing. A perfect spot for both lunch and dinner. Will visit again!

Rating: ⭐⭐⭐⭐⭐",
Amrit restaurant,"21 Road No. 17, Dhaka 1212, Bangladesh",+880 1982-700700,N/A,4.7,1564,"{'name': 'Sambhav Upadhyay', 'thumbnail': 'https://lh3.googleusercontent.com/a/ACg8ocIKeAy9_kHpJkk5q4cgrrtZg1iJrZBcko8ZDGYAIctYoVhhgQ=s120-c-rp-mo-ba3-br100', 'link': 'https://www.google.com/maps/contrib/117489602002695100262?hl=en-US', 'reviews': 43, 'photos': 13}",4,2 weeks ago,Very vibrant place with good food options. Also a life saviour if you are a vegetarian. For non veg people they also have a very interesting buffet spread.,
Amrit restaurant,"21 Road No. 17, Dhaka 1212, Bangladesh",+880 1982-700700,N/A,4.7,1564,"{'name': 'Sudip Halder Joy 163-15-8384', 'thumbnail': 'https://lh3.googleusercontent.com/a-/ALV-UjX6_gwAHiwOjq5yelRxaMReKa_YmI1zcXkxc3Nme9hET8Si10Ul=s120-c-rp-mo-br100', 'link': 'https://www.google.com/maps/contrib/111991107213740255947?hl=en-US', 'reviews': 3, 'photos': 6}",5,2 years ago,"The best Indian food i ever tried in Bangladesh. Staff are really well behaved. We choose the restaurant based on a reviews and pictures,thinking this much wont be wrong .the food didn’t disappoint,it was excellent.very fresh .very tasty.and it was well presented. Well balanced of spices. Parking was easy and the place felt special.",
Amrit restaurant,"21 Road No. 17, Dhaka 1212, Bangladesh",+880 1982-700700,N/A,4.7,1564,"{'name': 'SHARIFUL ISLAM (Official)', 'thumbnail': 'https://lh3.googleusercontent.com/a-/ALV-UjUl1qK1r_7awMRYMmTxd0oRrX6PLrCes0EzyN6Ar8f10rEg4J9N=s120-c-rp-mo-ba4-br100', 'link': 'https://www.google.com/maps/contrib/100539287198094390516?hl=en-US', 'reviews': 40, 'photos': 79}",5,4 months ago,"Amrit Restaurant serves delicious food with authentic flavors in a clean and cozy environment. The staff is friendly, and the service is quick. A great spot for enjoying Indian and Asian cuisine with family or friends",
Amrit restaurant,"21 Road No. 17, Dhaka 1212, Bangladesh",+880 1982-700700,N/A,4.7,1564,"{'name': 'Ibrahim H Rizwan', 'thumbnail': 'https://lh3.googleusercontent.com/a-/ALV-UjVCUQ_TZeBvj96BpsZlIjj7M3Rl9_6ZfcYgbGgF-4F9V0INNzKYcQ=s120-c-rp-mo-ba6-br100', 'link': 'https://www.google.com/maps/contrib/103349674003321136221?hl=en-US', 'reviews': 166, 'photos': 3137}",5,Edited 2 years ago,"Was restaurant hopping at Banani looking for some out of ordinary taste (had enough of burgers, steaks and shakes), when thought about trying out this restaurant and look if they are still offering thali. We didn't get thali, (the signature Bahubali Thali needs at least 5 hours preorder) but what we got was way more enjoying and memorable than thali. The picturesque interior, warm welcome and attention of Ms. Sweety (host) and great kebabs were enough to make the evening superb! On top of that there was live music of popular hindi and bangla ballads!

Ms. Sweety (host) understands her guests' need well and helped us to make our selection - Kabab Platter. Being the only guests at the restaurant meant exclusive privacy and close up of the singing duo.  Food preparation time is a bit lengthy but that's okay as I hadn't prebook. The restaurant did their best to sweeten the waiting time with complimentary jeera pani and papar.

The Kabab Platter is a mix of veg and non-veg kababs. All juicy, tender and freshly prepared. Has mutton, chicken and beef too! Tried pineapple kabab for the first time and it was yum!

The quantity was too much for the two of us - could have easily sufficed for 4 adults. But no food waste resulted as the host handed us a takeaway pack with remaining kebabs . All in all it was wonderful experience, nice food, attentive host, nice ambience (more than few spot for selfies and profile photos) and tasteful live music! A definite repeat visit.",
Amrit restaurant,"21 Road No. 17, Dhaka 1212, Bangladesh",+880 1982-700700,N/A,4.7,1564,"{'name': 'ifti abrar', 'thumbnail': 'https://lh3.googleusercontent.com/a-/ALV-UjX2E1TWxHx9sG0kPvTdRT7HRVtgngbHkjBsoobUUU6gQZP7uSCmVA=s120-c-rp-mo-ba2-br100', 'link': 'https://www.google.com/maps/contrib/113296554274666400463?hl=en-US', 'reviews': 14, 'photos': 7}",1,3 months ago,"Not how you get reviews for a restaurant, I hope you have nice foods and great atmosphere as shown in the pictures. But seeing scammers getting fake reviews for the restaurant is concerning. Random people should not knock someone to get some fake reviews.",
Amrit restaurant,"21 Road No. 17, Dhaka 1212, Bangladesh",+880 1982-700700,N/A,4.7,1564,"{'name': 'মোঃ হৃদয় আহাম্মেদ', 'thumbnail': 'https://lh3.googleusercontent.com/a-/ALV-UjX9VB5tgi7Jf0Bi54NMBsvQSfX9p5-PG8aLoNNQrOhdwKluRfAu=s120-c-rp-mo-br100', 'link': 'https://www.google.com/maps/contrib/105661306313406953888?hl=en-US', 'reviews': 1, 'photos': 1}",5,5 months ago,"The rules and regulations of this restaurant are very nice. I really liked it. So, I happily gave it 5 stars. I hope this restaurant continues to grow and becomes well-known around the world.",
Amrit restaurant,"21 Road No. 17, Dhaka 1212, Bangladesh",+880 1982-700700,N/A,4.7,1564,"{'name': 'Mr. Aman', 'thumbnail': 'https://lh3.googleusercontent.com/a/ACg8ocIkc-vkgFikF3-KNTvR7bZN32Aa9qZyUxHux45topYt9YPXwA=s120-c-rp-mo-br100', 'link': 'https://www.google.com/maps/contrib/118022565611446383393?hl=en-US', 'reviews': 2, 'photos': 0}",5,4 months ago,"Amrit Restaurant – A Flavorful Experience!
Amrit offers a delicious mix of Indian and Asian cuisine with rich flavors and generous portions. The biryani and butter chicken are must-tries! The ambiance is clean and welcoming, and the staff is friendly and attentive. Great for both casual dining and small gatherings. Highly recommended for spice lovers!",
Amrit restaurant,"21 Road No. 17, Dhaka 1212, Bangladesh",+880 1982-700700,N/A,4.7,1564,"{'name': 'Md Selim', 'thumbnail': 'https://lh3.googleusercontent.com/a-/ALV-UjWhxcdpZf8nqutVHl4O2eR_svFfcSbnnqBe4PDXvjOx8O5qpa3j=s120-c-rp-mo-br100', 'link': 'https://www.google.com/maps/contrib/114640439091023049829?hl=en-US', 'reviews': 1, 'photos': 0}",4,6 months ago,"Cozy spot in downtown Portland with delicious, upscale comfort food. The duck breast and mushroom risotto are standouts, and the staff is friendly and attentive. A bit pricey, and the dessert could be better, but great for a special night out.",
Woodhouse Grill Banani,"Level 4, BTI Laureate, House 56, Block F Road No. 11, Dhaka 1213, Bangladesh",+880 1798-474305,https://www.facebook.com/WoodhouseGrillBD/,4.6,9291,"{'name': 'Sajib Khan', 'thumbnail': 'https://lh3.googleusercontent.com/a-/ALV-UjULQiEmxDJHLsdDhpK6ZXk8dxSGBhGvAkrc1wHBNKc7Jzsj7bMuaA=s120-c-rp-mo-ba4-br100', 'link': 'https://www.google.com/maps/contrib/108126574241902234076?hl=en-US', 'reviews': 37, 'photos': 58}",5,Edited 2 weeks ago,"𝗢𝘂𝗿 𝗘𝘃𝗲𝗻𝗶𝗻𝗴 𝗮𝘁 𝗪𝗼𝗼𝗱𝗵𝗼𝘂𝘀𝗲 𝗚𝗿𝗶𝗹𝗹, 𝗕𝗮𝗻𝗮𝗻𝗶 🥩

Seven of us decided to try out Woodhouse Grill in Banani last night, and here's the honest scoop about our dinner!

𝗙𝗶𝗿𝘀𝘁 𝗜𝗺𝗽𝗿𝗲𝘀𝘀𝗶𝗼𝗻𝘀
The restaurant has this nice, cozy feel to it. It's trying to give off that Western steakhouse vibe, and they do a pretty good job at it. Just a heads up - it can get pretty loud when it's busy.

𝗪𝗵𝗮𝘁 𝗪𝗲 𝗔𝘁𝗲 & 𝗛𝗼𝘄 𝗜𝘁 𝗪𝗮𝘀
• 𝗧𝗵𝗲 𝗦𝘁𝗲𝗮𝗸𝘀 (Brisket.Full ৳5,084): The star of the show! They were juicy and cooked well. When they bring it to your table with that smoke effect (Smoke Mate Jug - ৳4,445), it's pretty cool to watch. The meat was tender and flavorful - definitely what you'd hope for in a good steak.

• 𝗦𝗼𝘂𝘁𝗵𝗲𝗿𝗻 𝗖𝘂𝗯𝗲𝘀 (৳585): These appetizers were a hit at our table. Small, tasty bites that got us ready for the main course. Worth trying!

• 𝗧𝗵𝗲 𝗦𝗶𝗱𝗲𝘀:
• Mashed potatoes were smooth as silk and perfectly creamy
• Mexican rice had good flavor
• BBQ sauce complemented everything nicely

𝗗𝗿𝗶𝗻𝗸𝘀
Nothing fancy here - just your regular drinks like coke, sprite, fanta etc., water, and some local options like Mojo. They were cold and refreshing, which is what matters!

𝗔𝗯𝗼𝘂𝘁 𝘁𝗵𝗲 𝗣𝗿𝗶𝗰𝗲
Let's be honest - ৳21,255 (with VAT) for seven people isn't cheap. But here's the thing: the portions are big, the food is well-prepared, and for a special dinner out, it feels worth the money. You definitely won't leave hungry!

𝗚𝗼𝗼𝗱 𝘁𝗼 𝗞𝗻𝗼𝘄:
• The portions are generous - good for sharing
• If you want pictures, the smoke presentation is your moment
• Try to come when it's less busy if you want to have a good conversation
• The service is friendly and helpful",
Woodhouse Grill Banani,"Level 4, BTI Laureate, House 56, Block F Road No. 11, Dhaka 1213, Bangladesh",+880 1798-474305,https://www.facebook.com/WoodhouseGrillBD/,4.6,9291,"{'name': 'Taufiq Ahmed', 'thumbnail': 'https://lh3.googleusercontent.com/a-/ALV-UjVueZ2Uw16EtGO5_VHsRU8MY6gwLLKyrY-9zogORIe6JPvmRYhnHA=s120-c-rp-mo-ba4-br100', 'link': 'https://www.google.com/maps/contrib/104799758322527183789?hl=en-US', 'reviews': 64, 'photos': 237}",4,4 months ago,"Woodhouse Grill has been serving consistently good steak for several years now. We have come here for various occasions and tried different steaks. The service has always been good, and the doneness of the steak has been excellent. Their appetizers are really good, especially the Southern Cubes that we always get.
This time, I tried the fish but was a little disappointed. It might not be the best idea to order fish at a steak place, though.",
Woodhouse Grill Banani,"Level 4, BTI Laureate, House 56, Block F Road No. 11, Dhaka 1213, Bangladesh",+880 1798-474305,https://www.facebook.com/WoodhouseGrillBD/,4.6,9291,"{'name': 'Md. Tariqul Islam Limon', 'thumbnail': 'https://lh3.googleusercontent.com/a-/ALV-UjWc8SFBek0Fla2Ygxnn2XUSu4WOJ1XZ2TpiyCAAH_Th1gFA7XRGwA=s120-c-rp-mo-ba5-br100', 'link': 'https://www.google.com/maps/contrib/105256290677602468264?hl=en-US', 'reviews': 98, 'photos': 505}",5,2 months ago,"I recently visited Woodhouse Grill, and it was truly an exceptional dining experience from start to finish. From the moment I walked in, I was captivated by the warm and inviting ambiance. The rustic, cowboy-themed decor with long wooden tables, stylish chairs, and subtle Western accents created a cozy yet sophisticated atmosphere. The soft lighting and tasteful decorations made the environment feel relaxed and welcoming, perfect for a casual meal or a special occasion.

Now, let’s talk about the food—absolutely outstanding! I tried both the ribeye and T-bone steaks, and both exceeded my expectations. The ribeye was perfectly marbled, juicy, and cooked to perfection, easily one of the best I’ve had in Dhaka. The T-bone had a rich, robust flavor and was equally satisfying. Each steak was thoughtfully plated with sides like creamy mashed potatoes, sautéed vegetables, and grilled tomatoes, which complemented the main dishes beautifully. The homemade sauces, especially the mushroom and cheese options, added a gourmet touch that elevated the experience even further.

Don't forgot to try the the hollandaise and cheese sauces. It's a must. If you don’t try the corn salad, you gonna miss the most delicious corn salad in town.

The service was excellent. The staff were friendly, attentive, and knowledgeable, guiding me through the menu and ensuring that my dining experience was seamless. They were professional yet warm, making me feel genuinely welcomed.

Woodhouse Grill also offers convenient facilities such as free street parking and multiple payment options. Their special offers on Sundays and Tuesdays make the visit even more appealing for steak enthusiasts.

Overall, Woodhouse Grill is a must-visit for anyone who loves premium steaks in Dhaka. The combination of exceptional food, inviting ambiance, top-notch service, and thoughtful facilities makes it an unforgettable experience. I highly recommend it!",
Woodhouse Grill Banani,"Level 4, BTI Laureate, House 56, Block F Road No. 11, Dhaka 1213, Bangladesh",+880 1798-474305,https://www.facebook.com/WoodhouseGrillBD/,4.6,9291,"{'name': 'Amit Saha', 'thumbnail': 'https://lh3.googleusercontent.com/a-/ALV-UjWioLBoMqClkmJNFKaRiCHxAs7OLG73xFKiv3PJr-WjyZ2OGvU=s120-c-rp-mo-ba5-br100', 'link': 'https://www.google.com/maps/contrib/102880624791696253589?hl=en-US', 'reviews': 124, 'photos': 572}",4,5 months ago,"The food at this restaurant is truly exceptional, offering a delightful culinary experience that is sure to impress any discerning palate. The dishes are prepared with great care and attention to detail, resulting in flavors that are both rich and harmonious. Whether you’re a fan of savory or sweet, there is something on the menu to satisfy every craving. However, despite the outstanding quality of the food, the atmosphere leaves much to be desired. The music played in the restaurant is excessively loud, creating an environment that is far from ideal for a relaxed dining experience. This is particularly concerning for families with young children, as the noise level can be overwhelming and uncomfortable for them. During my recent visit, I brought my little daughter along, hoping to enjoy a pleasant meal together. Unfortunately, the loud music made it difficult for us to converse and enjoy our time. I politely requested the staff to turn down the volume, but my request was not accommodated. This lack of consideration for patrons with children was quite upsetting and made the experience less enjoyable than it could have been. It’s important for families planning to dine at this restaurant to be aware of the noise level and consider whether it would be suitable for their children. While the food is undoubtedly a highlight, the atmosphere may not be conducive to a comfortable dining experience for everyone.",
Woodhouse Grill Banani,"Level 4, BTI Laureate, House 56, Block F Road No. 11, Dhaka 1213, Bangladesh",+880 1798-474305,https://www.facebook.com/WoodhouseGrillBD/,4.6,9291,"{'name': 'Marjuka Ahmed Chowdhury', 'thumbnail': 'https://lh3.googleusercontent.com/a-/ALV-UjVbaoc0mTwLJv5F_u3TT5x8r7nSbPnTPdV9dTFqV4PCxU1SVd_2hw=s120-c-rp-mo-ba4-br100', 'link': 'https://www.google.com/maps/contrib/111914615924900462703?hl=en-US', 'reviews': 25, 'photos': 162}",5,3 months ago,"Brisket Bliss at Woodhouse Grill – A Must-Try

If you’re in Banani and have any love for slow‑cooked brisket, do yourself a favor Woodhouse Grill’s brisket is a revelation. I found it delightfully tender, with that hallmark smoky depth that only comes from hours of perfect slow roasting. Every bite melted, and the rich flavor lingered memorably.

This aligns spot-on with other diners:

Ambience & Service:
You get the feeling of stepping into a cozy Western steakhouse warm lighting, rustic décor and genuine, attentive staff who clearly care. The ambiance elevates the dish, making the brisket experience feel worth every taka spent.

2 free sides: Mashpotato (besssssst), mexican rice is good

Was served with BBQ sauce. We also bought cheese sauce. Cause it's too good.

I always go for for cheese and mushroom

Quick Summary:

Brisket: 9/10 – Slow‑cooked perfection, tender and smoky

Value: High – Slightly premium pricing, but the quality delivers

Service & Setting: Excellent – Friendly staff, Western‑style vibe

Bottom line:
I was impressed—and that matches the broader consensus. Woodhouse Grill’s brisket delivers consistently. Worth the splurge for a solid, smoky, meat‑lover’s experience in Dhaka. Highly recommended.",
Woodhouse Grill Banani,"Level 4, BTI Laureate, House 56, Block F Road No. 11, Dhaka 1213, Bangladesh",+880 1798-474305,https://www.facebook.com/WoodhouseGrillBD/,4.6,9291,"{'name': 'Abdullah Asif', 'thumbnail': 'https://lh3.googleusercontent.com/a-/ALV-UjXF9EF5UJE4LO9pFi_h833Eg98HExLOJGXps2i7HeMR2D-IIlgf6A=s120-c-rp-mo-ba4-br100', 'link': 'https://www.google.com/maps/contrib/117669684531356864667?hl=en-US', 'reviews': 27, 'photos': 40}",4,10 months ago,"The atmosphere of this place and the service is second to none in Bangladesh. Amazing service, and the interior made me feel like I was in an old Western movie.

I ordered the sirloin steak with mashed potatoes and Mexican rice. The steak was cooked perfectly medium rare, and the sides were great too. However, I felt the steak could have been better seasoned, and the fat cap should have been rendered better. For the price, I expected perfection, and I must say I've had better steak at lower prices in other places in Dhaka.

Great place to go to with a group of people, whether family or friends, and if you've got the money to spare; but if you're looking for the best steak in town, I would look elsewhere.",
Woodhouse Grill Banani,"Level 4, BTI Laureate, House 56, Block F Road No. 11, Dhaka 1213, Bangladesh",+880 1798-474305,https://www.facebook.com/WoodhouseGrillBD/,4.6,9291,"{'name': 'Ashraf 1223', 'thumbnail': 'https://lh3.googleusercontent.com/a-/ALV-UjUg1UpcOu3PL34JEGFJPqKwJ7iZ4Pzq4ny59MjyOvHHvqiWd-p0=s120-c-rp-mo-br100', 'link': 'https://www.google.com/maps/contrib/116576741614124756374?hl=en-US', 'reviews': 5, 'photos': 14}",5,6 months ago,"It was a great experience in Woodhouse grill, We ordered various meals, the steak was juicy and tasty, ribs very flavourful, the brisket had that smoky aged flavor in it, although it was a bit dry, 10/10 service, 10/10 behaviour, ambiance was good too",
Woodhouse Grill Banani,"Level 4, BTI Laureate, House 56, Block F Road No. 11, Dhaka 1213, Bangladesh",+880 1798-474305,https://www.facebook.com/WoodhouseGrillBD/,4.6,9291,"{'name': 'Mahmudul Hasan', 'thumbnail': 'https://lh3.googleusercontent.com/a-/ALV-UjUHT0ezlC1_0ctCi-MvG3EcRd6Rg3R4Z4b0xAQHQqJNjNHqlsyb=s120-c-rp-mo-br100', 'link': 'https://www.google.com/maps/contrib/100700797633814066851?hl=en-US', 'reviews': 6, 'photos': 3}",4,2 months ago,"In banani, if you are looking for steaks then you can count them. Brisket & ribeyes those I have tried and good. Price is similar compared to the other places.",
Meat Theory,"Tower B11, Level 14 Plot 43, Block F Road No. 11, Dhaka 1213, Bangladesh",+880 1633-642902,http://www.facebook.com/meattheory,4.8,4960,"{'name': 'Waliul Islam', 'thumbnail': 'https://lh3.googleusercontent.com/a-/ALV-UjX78I9mBc8v6KfuUZORuf7ORjlbPCntxD9WeCVMN2o9I0lSkMa3=s120-c-rp-mo-ba4-br100', 'link': 'https://www.google.com/maps/contrib/115042067071836459035?hl=en-US', 'reviews': 87, 'photos': 266}",4,2 weeks ago,"A fine dine place if anyone wants to try authentic steak. Took La Boca platter and the meat came with medium rare doneness. A little bit chewy but tasted perfectly. Rice portion could have been better though and crisp croccante onion felt nothing special. The chicken sausage complemented the steak. The bruschetta came in as an apetizer I guess. Overall good experience. The chipotle aioli sauce was fantastic but the house special sauce was really nothing special, just so so.",
Meat Theory,"Tower B11, Level 14 Plot 43, Block F Road No. 11, Dhaka 1213, Bangladesh",+880 1633-642902,http://www.facebook.com/meattheory,4.8,4960,"{'name': 'Istiyak Hossain Russel', 'thumbnail': 'https://lh3.googleusercontent.com/a-/ALV-UjWMNspQNRMoMNa3KiCsnfGpCS-dVnRETD__hU46Aw9omVBSPX0ojw=s120-c-rp-mo-ba6-br100', 'link': 'https://www.google.com/maps/contrib/114288832539109295508?hl=en-US', 'reviews': 35, 'photos': 1978}",5,2 weeks ago,"Meat Theory really stands out for its delicious dishes and beautifully presented meals.

Tried the La Boca Plate, and it was absolutely worth it! The sides complemented it beautifully, and the overall presentation was nice.

The atmosphere had a pleasant vibe, and the staff were genuinely welcoming and attentive.",
Meat Theory,"Tower B11, Level 14 Plot 43, Block F Road No. 11, Dhaka 1213, Bangladesh",+880 1633-642902,http://www.facebook.com/meattheory,4.8,4960,"{'name': 'Rifat Rahman', 'thumbnail': 'https://lh3.googleusercontent.com/a-/ALV-UjWOy5C6COMn2MiBX_YpvIeKM9bduwvHv_Miwl-t0DtfMUiOE8a4=s120-c-rp-mo-ba4-br100', 'link': 'https://www.google.com/maps/contrib/112348362423084973655?hl=en-US', 'reviews': 47, 'photos': 59}",4,a week ago,"Went to Meat Theory in Banani to try their new Argentine La Boca Plate, but it wasn't available that day. So, we opted for the Cattle Battle Platter instead.

This is an expensive platter loaded with lots of meat. To start, the steaks were really good—especially the middle one, the skirt steak cut, which was delicious. The beef cheese balls were really good too. To be honest, all the steak cuts in this platter were spot-on: nice doneness (they didn't overcook them), and the flavor was fantastic. But the sausages? Very disappointing—didn't like them at all.

For sides, we ordered mashed potatoes, sautéed mushrooms, and stir-fried vegetables. The mushroom sauté was nice, the mashed potatoes were nice too, but the veggies were just average.

As for sauces, we got the chipotle aioli and BBQ sauce. The chipotle was just wow—it paired perfectly with the steak flavors, a definite must-try sauce.

Drinks were decent.

Service was decent—I'd say good overall. But after eating, they asked us to leave because of waiting guests. I'd recommend going during non-rush hours if you're tackling a big platter; you might want time to relax afterward.

Overall, this is a really nice platter (I'd say best for 4 people) with top-notch steak quality. It's a must-try dish, and I'd love to have it again. Last but not the least, I'd really love if Meat Theory offered discounts or happy hour deals on this.",
Meat Theory,"Tower B11, Level 14 Plot 43, Block F Road No. 11, Dhaka 1213, Bangladesh",+880 1633-642902,http://www.facebook.com/meattheory,4.8,4960,"{'name': 'Foujia Chaity', 'thumbnail': 'https://lh3.googleusercontent.com/a-/ALV-UjXHr6yrTtb_EpJKckUkHjO92nYtAtabKCeQ7PYLbpvuvy4Ta_GF=s120-c-rp-mo-ba2-br100', 'link': 'https://www.google.com/maps/contrib/118006255543682530124?hl=en-US', 'reviews': 8, 'photos': 19}",5,3 weeks ago,"Went there a few days ago. Ordered baby back ribs with baked beans and sautéed veggies, cheese buldak fowl with herb rice and mashed potatoes, and the tenderloin steak was complimentary.

The baby back ribs are my all-time favorite — the meat just melts in your mouth with a rich, robust flavor. The herb rice, mashed potatoes, and sautéed veggies were also really good. The baked beans were average. The cheese buldak was tasty but super spicy — perfect for spice lovers, but I couldn’t finish it. The tenderloin steak was served a bit cold, but it was still delicious.

Overall, the portions were good, but a bit on the pricey side. I wouldn’t go for the platter like the cheese buldak again at that price.",
Meat Theory,"Tower B11, Level 14 Plot 43, Block F Road No. 11, Dhaka 1213, Bangladesh",+880 1633-642902,http://www.facebook.com/meattheory,4.8,4960,"{'name': 'Anamul Haque Sunny', 'thumbnail': 'https://lh3.googleusercontent.com/a-/ALV-UjUHdrcFZXqawVU5EZEfAsCc_W4sWCpfn43rRY7aPeU1N8wkqE1g7A=s120-c-rp-mo-ba4-br100', 'link': 'https://www.google.com/maps/contrib/115563178565522195124?hl=en-US', 'reviews': 26, 'photos': 97}",5,a month ago,"We tried the Cattle Battle Platter at Meat Theory, and it was absolutely worth it! The platter was loaded, well-balanced, and every cut of meat was cooked to perfection—juicy, tender, and packed with flavor. The portion size was generous, perfect for sharing, and the variety kept every bite exciting. The seasoning really stood out, enhancing the natural taste of the meat rather than overpowering it.

If you’re a true meat lover, this platter is a must-try. Great food, satisfying experience—we’ll definitely be coming back!",
Meat Theory,"Tower B11, Level 14 Plot 43, Block F Road No. 11, Dhaka 1213, Bangladesh",+880 1633-642902,http://www.facebook.com/meattheory,4.8,4960,"{'name': 'Ashfaq Chowdhury', 'thumbnail': 'https://lh3.googleusercontent.com/a-/ALV-UjXlBIqe9LHcCwbrMHyrUpg4Yx8T7jR6KZIpPay8v0eW5W_CQLg=s120-c-rp-mo-ba3-br100', 'link': 'https://www.google.com/maps/contrib/106281591017143797010?hl=en-US', 'reviews': 26, 'photos': 52}",5,3 weeks ago,"Hands down one of the best steakhouse in Dhaka.
Except from having 10/10 steaks their employees were very well mannered and friendly. The atmosphere is very lively and as it sits on the 14th floor it has an amazing view as well!
I’d recommend it if you are looking for a good steakhouse!",
Meat Theory,"Tower B11, Level 14 Plot 43, Block F Road No. 11, Dhaka 1213, Bangladesh",+880 1633-642902,http://www.facebook.com/meattheory,4.8,4960,"{'name': 'Sarah Serrao', 'thumbnail': 'https://lh3.googleusercontent.com/a-/ALV-UjVZXGGWLco8GHyZ12gsz-WGHFpmwniSpYBu3nPW9fsyDSydrrQw=s120-c-rp-mo-ba3-br100', 'link': 'https://www.google.com/maps/contrib/105914688327372381866?hl=en-US', 'reviews': 29, 'photos': 105}",5,2 months ago,"This is hands-down one of the best steak houses in town!
We went there for a date and found there parillada platter, a scrumptious platter in a reasonable price with hefty amount of sides that comes with it. It was a great deal I must say!
Everything was super yummy no doubt. However, I personally felt that they could improve their chillers a bit.",
Meat Theory,"Tower B11, Level 14 Plot 43, Block F Road No. 11, Dhaka 1213, Bangladesh",+880 1633-642902,http://www.facebook.com/meattheory,4.8,4960,"{'name': 'A H M Shahriar Alam', 'thumbnail': 'https://lh3.googleusercontent.com/a-/ALV-UjUSnNJEdIF43fGgPc2ZJ1GCiqQPvIz3ugC7jmYBxdAZSKAd0VuQ=s120-c-rp-mo-br100', 'link': 'https://www.google.com/maps/contrib/104642610584184718218?hl=en-US', 'reviews': 2, 'photos': 11}",5,Edited a month ago,"Absolutely fantastic steakhouse experience! The food was top-notch, perfectly cooked steaks, rich flavors, and a great variety of sides. The ambiance was cozy yet upscale. A special shoutout to our server, Chester, he was incredibly attentive, friendly, and made excellent recommendations. His service truly elevated our time. Highly recommended!",
Grill On The Skyline,"Regency Hotel & Resort, Tongi Diversion Rd, Dhaka 1229, Bangladesh",+880 1713-332661,http://www.dhakaregency.com/grill-on-the-skyline.php,4.4,227,"{'name': 'Sudip Ray', 'thumbnail': 'https://lh3.googleusercontent.com/a-/ALV-UjUuSBpefy7G0vWzu2bfDkiv-46tan1FSBX7UmRZIluMvgfxVuMC=s120-c-rp-mo-br100', 'link': 'https://www.google.com/maps/contrib/113260320458039632909?hl=en-US', 'reviews': 1, 'photos': 0}",5,4 months ago,"Great rooftop spot with amazing grilled food!
I had a fantastic time at Grill on the Skyline. The grilled chicken and kebabs were flavorful and perfectly cooked. The rooftop ambiance with city views was beautiful, and the staff were friendly and attentive. A bit pricey, but totally worth it for the experience. Highly recommend",
Grill On The Skyline,"Regency Hotel & Resort, Tongi Diversion Rd, Dhaka 1229, Bangladesh",+880 1713-332661,http://www.dhakaregency.com/grill-on-the-skyline.php,4.4,227,"{'name': 'Abrar Siham', 'thumbnail': 'https://lh3.googleusercontent.com/a-/ALV-UjWQUBHujJNAbEwV0lyGb0a6ksord0jmVCsn6XrBbbn_A7JUxu5dCg=s120-c-rp-mo-ba4-br100', 'link': 'https://www.google.com/maps/contrib/116701894985893530909?hl=en-US', 'reviews': 33, 'photos': 256}",5,a year ago,"Grill on the skyline

This rooftop restaurant in Dhaka stands out as one of the best, catering to families, friends, and couples alike. With a unique feature of a swimming pool for night-staying hotel guests, complete with changing rooms and a gym, it offers a holistic experience. The ambiance is enhanced by the opportunity for candlelight dinners amid a photogenic, green environment adorned with flowers and diverse seating options. Seafood, grill, and buffet offerings provide a culinary delight. The standout feature is the captivating view of the airport, adding an extra layer of charm to the overall dining experience.",
Grill On The Skyline,"Regency Hotel & Resort, Tongi Diversion Rd, Dhaka 1229, Bangladesh",+880 1713-332661,http://www.dhakaregency.com/grill-on-the-skyline.php,4.4,227,"{'name': 'sk asmaul', 'thumbnail': 'https://lh3.googleusercontent.com/a-/ALV-UjWSfjle-FnISkaAEcGMDSAQU9msESCA0p1hWAkI-01tgP_dQ70F=s120-c-rp-mo-br100', 'link': 'https://www.google.com/maps/contrib/111205544057779866977?hl=en-US', 'reviews': 1, 'photos': 0}",5,4 months ago,"I recently visited Grill on the Skyline restaurant. The restaurant's ambiance is very beautiful, especially the rooftop view, which is amazing. I had the grilled chicken burger there, which was truly delicious. The price was also within my budget, costing around 400 to 600 BDT. However, the restaurant was a bit crowded, so the environment was somewhat noisy. All in all, my experience was good, and I'd like to visit again.",
Grill On The Skyline,"Regency Hotel & Resort, Tongi Diversion Rd, Dhaka 1229, Bangladesh",+880 1713-332661,http://www.dhakaregency.com/grill-on-the-skyline.php,4.4,227,"{'name': 'Abdullah Al Mahmud', 'thumbnail': 'https://lh3.googleusercontent.com/a-/ALV-UjWjFydjVHu3Th4O_spnIyHCrWVxswiTN2JglgdBfqNVOCz7HuIW=s120-c-rp-mo-ba3-br100', 'link': 'https://www.google.com/maps/contrib/106823260074699147153?hl=en-US', 'reviews': 31, 'photos': 52}",4,3 years ago,The food is excellent. The candle light dinner package is good. However the 5 course meal is too much to eat in a 3-4 hour window.,
Grill On The Skyline,"Regency Hotel & Resort, Tongi Diversion Rd, Dhaka 1229, Bangladesh",+880 1713-332661,http://www.dhakaregency.com/grill-on-the-skyline.php,4.4,227,"{'name': 'M A Raqib', 'thumbnail': 'https://lh3.googleusercontent.com/a-/ALV-UjW25lmpoO0W5ZuUSLvVRxHkR0P05OqLkhs4zQ3f4FjDcPSw8UT6=s120-c-rp-mo-ba2-br100', 'link': 'https://www.google.com/maps/contrib/117710910370804830977?hl=en-US', 'reviews': 5, 'photos': 21}",5,3 years ago,"One of the finest Rooftop restaurant in Dhaka. The atmosphere is nice.
Food was amazing. Ordered the BBQ flavored chicken and it was amazing. Staffs are cordial and helpful.
Overall the experience was amazing!",
Grill On The Skyline,"Regency Hotel & Resort, Tongi Diversion Rd, Dhaka 1229, Bangladesh",+880 1713-332661,http://www.dhakaregency.com/grill-on-the-skyline.php,4.4,227,"{'name': 'Shihabul Islam', 'thumbnail': 'https://lh3.googleusercontent.com/a/ACg8ocIudDbnM1HY0XG3GpW6Eks2wKPJlwoM54iinLPTo47BLLALqA=s120-c-rp-mo-br100', 'link': 'https://www.google.com/maps/contrib/116096680320521397124?hl=en-US', 'reviews': 1, 'photos': 10}",1,4 months ago,"We have a lot of delicious food here, our company is at the capital level, we will get our food in those districts of Bangladesh.  The best company in Bangladesh is Grill on the Skyline.",
Grill On The Skyline,"Regency Hotel & Resort, Tongi Diversion Rd, Dhaka 1229, Bangladesh",+880 1713-332661,http://www.dhakaregency.com/grill-on-the-skyline.php,4.4,227,"{'name': 'Abdullah Al Nomaan Sumit', 'thumbnail': 'https://lh3.googleusercontent.com/a-/ALV-UjU2hlYSOjVB3gm4bSbTaB6AOSgf24NBoHACSEcWiynXKOEzs_3R=s120-c-rp-mo-ba6-br100', 'link': 'https://www.google.com/maps/contrib/103227046699438434098?hl=en-US', 'reviews': 170, 'photos': 2873}",4,a year ago,A great place for good & fresh food... Price is high also they serve alcohol so if you have foreigners with you then you can come here...there is a pool also...,
Grill On The Skyline,"Regency Hotel & Resort, Tongi Diversion Rd, Dhaka 1229, Bangladesh",+880 1713-332661,http://www.dhakaregency.com/grill-on-the-skyline.php,4.4,227,"{'name': 'Md. Riyad Hossain Tuhin', 'thumbnail': 'https://lh3.googleusercontent.com/a-/ALV-UjVt_DrCVNoJB_geFh5sW2bc0SCqREDi-y5y1loAtIp-64ukYg=s120-c-rp-mo-ba2-br100', 'link': 'https://www.google.com/maps/contrib/102645323812170615603?hl=en-US', 'reviews': 8, 'photos': 14}",5,3 years ago,"I visited for candle light dinner. Too nice rooftop garden restaurant, Swimming pool, airport view, romantic setup all make my anniversary awesome.",
Latest Recipe,"Le Méridien, Dhaka 79, Dhaka 1229, Bangladesh",+880 9638-900089,https://www.marriott.com/hotels/hotel-information/restaurant/dacmd-le-meridien-dhaka/,4.6,165,"{'name': 'Abu Jafar Md Asadullah', 'thumbnail': 'https://lh3.googleusercontent.com/a-/ALV-UjWKvLO1wyQ43iDTfwwLPkdqlDzsfJlrDMLtpqkuI8gwjkk1iPKg=s120-c-rp-mo-ba5-br100', 'link': 'https://www.google.com/maps/contrib/109996225150164719954?hl=en-US', 'reviews': 176, 'photos': 858}",4,7 months ago,"Let me start with the good things, their food. At least the most of it. Almost every item i tried was cooked to perfection. Seasoning, temperature control, and texture on point. Ribs were the most favorite item on my list. This was a meal i really enjoyed. Now for the few points of improvement. When you pay a lot of money for a single meal, you deserve more attention. I had to take points away from service as the plates, glasses, and cutlery were not well polished, and some of them were greasy. I hope  Le Meridien and the latest recipe will pay more attention to it. I love to try the sushi wherever i go. And the sushi station you had was one of the worst. I hope you guys will take these points into consideration until my next visit ^_^",
Latest Recipe,"Le Méridien, Dhaka 79, Dhaka 1229, Bangladesh",+880 9638-900089,https://www.marriott.com/hotels/hotel-information/restaurant/dacmd-le-meridien-dhaka/,4.6,165,"{'name': 'Zihan Aulak', 'thumbnail': 'https://lh3.googleusercontent.com/a-/ALV-UjXPn8TrQQV7STgCUWJNFRo9gQcqgYtQbCFpUuq3GacxIgVfzsQvUg=s120-c-rp-mo-ba3-br100', 'link': 'https://www.google.com/maps/contrib/116480223192684331304?hl=en-US', 'reviews': 20, 'photos': 28}",5,a month ago,Best buffet in town . Each and every food dishes are amazing . Best desserts as well,
Latest Recipe,"Le Méridien, Dhaka 79, Dhaka 1229, Bangladesh",+880 9638-900089,https://www.marriott.com/hotels/hotel-information/restaurant/dacmd-le-meridien-dhaka/,4.6,165,"{'name': 'Obidul Islam', 'thumbnail': 'https://lh3.googleusercontent.com/a-/ALV-UjXP80o1AsqIdEfHax10lFarfGBrDsrWgZreZcRpZfuvgsDqpSqz3Q=s120-c-rp-mo-ba6-br100', 'link': 'https://www.google.com/maps/contrib/104096867955766666591?hl=en-US', 'reviews': 290, 'photos': 2492}",5,a year ago,"Location : Le Meridien Dhaka
Restaurant : Latest Recipe, Le Méridien Hotel Dhaka
Items : Dinner Buffet
Environment : Excellent
Taste : Yes It is time to write about the taste. Every where Buffet was average or below average. My personal favorite is Sheraton. This time i had big expectation about their food and food was good. What i liked, I liked their beef steak, Ice Cream & some dessert items. I was looking for Rare Steak & they nailed it. They Serve almost 50+ items but no massed potato ! Good thing is they served varieties of drinks. Allover i would like to say that food was quite good and the atmosphere was fantastic. Recommended",
Latest Recipe,"Le Méridien, Dhaka 79, Dhaka 1229, Bangladesh",+880 9638-900089,https://www.marriott.com/hotels/hotel-information/restaurant/dacmd-le-meridien-dhaka/,4.6,165,"{'name': 'Oana’s Lounge', 'thumbnail': 'https://lh3.googleusercontent.com/a/ACg8ocI6hWuPbNrJKeWCthAgqvRW_seHn0vECAfOUhabIUZX0fOfNw=s120-c-rp-mo-ba3-br100', 'link': 'https://www.google.com/maps/contrib/110322194894622512116?hl=en-US', 'reviews': 17, 'photos': 136}",5,a year ago,"Great variety of food that exceeds all expectations and takes you to a taste journey.
There is everything from oxtail with honey barbecued sauce perfectly cooked that falls from the bone to local speciality like paneer tika .
Service is impecabile. All staff were caring and display positive body language, smiling and making you feel welcomed. I observed they are attentive to details like replenishing water and drinks and clearing the table as soon as you done with the service. Constantly checking if you need anything and if you are satisfied. I was impressed with Yusuf that made the best first impression and farewell service. As well Tasin and Mitu made great efforts to anticipate needs and achieve 100% customer satisfaction from us.
I have more than 20 years in customer service so l can recognize great hospitality and be objective!
Thank you,
Oana",
Latest Recipe,"Le Méridien, Dhaka 79, Dhaka 1229, Bangladesh",+880 9638-900089,https://www.marriott.com/hotels/hotel-information/restaurant/dacmd-le-meridien-dhaka/,4.6,165,"{'name': 'Tasnim Nishi', 'thumbnail': 'https://lh3.googleusercontent.com/a-/ALV-UjWKS8tqllq-ZUSWO1RgY0fORP5li0s9oz4V3Px7eEGl5mfNF-MU=s120-c-rp-mo-ba5-br100', 'link': 'https://www.google.com/maps/contrib/106840526925158138871?hl=en-US', 'reviews': 90, 'photos': 333}",4,2 years ago,"Indulging in the brunch here was an absolute delight. The spread was a culinary masterpiece, offering a diverse array of delectable dishes, from gourmet pastries to savory delicacies. I love the food. There is a variety of items. The quality and freshness of ingredients were evident in every bite. The attentive and courteous staff ensured a seamless dining experience. The elegant ambiance added a touch of opulence to the meal. Whether you're a food enthusiast or seeking a lavish treat, this brunch is an experience worth every penny. The atmosphere was also very good. There was live music program also which was very soothing and free pool access in every friday",
Latest Recipe,"Le Méridien, Dhaka 79, Dhaka 1229, Bangladesh",+880 9638-900089,https://www.marriott.com/hotels/hotel-information/restaurant/dacmd-le-meridien-dhaka/,4.6,165,"{'name': 'Asifur Rahaman', 'thumbnail': 'https://lh3.googleusercontent.com/a-/ALV-UjX1jWFSmf-oYqGOlnLaxqHETFWDWFk0h9QBi0uM8FB6QzutLOKYqg=s120-c-rp-mo-ba4-br100', 'link': 'https://www.google.com/maps/contrib/110333782075135949570?hl=en-US', 'reviews': 43, 'photos': 20}",4,a month ago,"I wouldn’t call that a 5-star service as they should have paid more attention to the guests and kept the noisy maintenance for another time window.

But man, aside from that part, everything was perfect. Every item we ordered felt fresh and soothing. The waiters were cordial.

I might come back for a dinner someday.",
Latest Recipe,"Le Méridien, Dhaka 79, Dhaka 1229, Bangladesh",+880 9638-900089,https://www.marriott.com/hotels/hotel-information/restaurant/dacmd-le-meridien-dhaka/,4.6,165,"{'name': 'anika suki (anika_suki)', 'thumbnail': 'https://lh3.googleusercontent.com/a-/ALV-UjU8TqmbPe7vwg5_e6xLtRZmTqIv2ItCMTEcFziGV28qnTWx7mr3=s120-c-rp-mo-ba6-br100', 'link': 'https://www.google.com/maps/contrib/116260856745317754702?hl=en-US', 'reviews': 373, 'photos': 3342}",2,a year ago,"Service and atmosphere were quite nice but I was very disappointed with the food. It was an expensive buffet but the food tasted quite average, some dishes were below average!! Tried several dishes and I couldn't find any dish that I liked and could go for a 2nd time. Me and my 5 other friends had more or less the same experience and were not satisfied with the dishes quite much. The number of dishes were limited and I felt like quite a few common dishes that you can find in other buffets with similar price range in dhaka were missing. Considering bang for the buck, not worth it.",
Latest Recipe,"Le Méridien, Dhaka 79, Dhaka 1229, Bangladesh",+880 9638-900089,https://www.marriott.com/hotels/hotel-information/restaurant/dacmd-le-meridien-dhaka/,4.6,165,"{'name': 'Nasirul Haque (Rimu)', 'thumbnail': 'https://lh3.googleusercontent.com/a-/ALV-UjUs-cV_te1-TKcCSyYmj00QGpcT81FI7gzQSkTQdnXgeviG85V4rQ=s120-c-rp-mo-ba6-br100', 'link': 'https://www.google.com/maps/contrib/102965398680324052163?hl=en-US', 'reviews': 116, 'photos': 2977}",5,4 weeks ago,"We went for a family dinner. Great atmosphere, well decorated, variety of foods, mouthwatering dishes. Kids loved it so much. Too expensive but made it worthy in respect of the served dishes and B1G1 offer of various Credit Cards!😜",
Thai Chi Restaurant & Cafe,"Level 7, 117/A, Puraton, Rangs Bhaban, Bijay Sarani, Biman Bondor Sarak, Dhaka 1216, Bangladesh",+880 1711-901034,https://thaichirestaurantcafe.shop/,4.1,5409,"{'name': 'Kazi Gulshan', 'thumbnail': 'https://lh3.googleusercontent.com/a/ACg8ocIAeG777DvFz5KJDsqdrbTH8v2mT7wtqWfWcNSDWvUGHNks=s120-c-rp-mo-br100', 'link': 'https://www.google.com/maps/contrib/112299379820992124902?hl=en-US', 'reviews': 5, 'photos': 20}",4,a month ago,"Rooftop restaurant having one of the most beautiful view of Dhaka city. Clean and spacious. Food was freshly cooked but tasted like Bangladeshi version of thai food. Staff behaviour was good, but they need to be more professional. Not every food mentioned in the menu was available.
Best thing: Spacious parking lot, no hassel car parking. You can have a hot milk tea after meal.
Worst thing: There were plenty of flies after the meal was served and they use polythyn for take away food items.",
Thai Chi Restaurant & Cafe,"Level 7, 117/A, Puraton, Rangs Bhaban, Bijay Sarani, Biman Bondor Sarak, Dhaka 1216, Bangladesh",+880 1711-901034,https://thaichirestaurantcafe.shop/,4.1,5409,"{'name': 'Meheraj Alam yeasin', 'thumbnail': 'https://lh3.googleusercontent.com/a/ACg8ocL1KWf___DQ73DJEBgKkqIeYcyi1Vxv-dAfvGKiFjBVx7TS1Q=s120-c-rp-mo-ba3-br100', 'link': 'https://www.google.com/maps/contrib/111937446556571073093?hl=en-US', 'reviews': 13, 'photos': 70}",4,a week ago,Rooftop restaurant having one of the most beautiful view of Dhaka city. Clean and spacious. Food quality was so much good & fresh. You can find here almost all kind of thai items & Deshi food. Best place for  all kind of Corporate or family programme. Spacious parking are also available.,
Thai Chi Restaurant & Cafe,"Level 7, 117/A, Puraton, Rangs Bhaban, Bijay Sarani, Biman Bondor Sarak, Dhaka 1216, Bangladesh",+880 1711-901034,https://thaichirestaurantcafe.shop/,4.1,5409,"{'name': 'Mirza Hasanuzzaman', 'thumbnail': 'https://lh3.googleusercontent.com/a-/ALV-UjU3I-K8LNGbS5NtHWfPCWgvkNYN3HlojtO1DixRIPlKFkGSR6LNOA=s120-c-rp-mo-ba6-br100', 'link': 'https://www.google.com/maps/contrib/118394621478417206831?hl=en-US', 'reviews': 638, 'photos': 1743}",5,3 months ago,Outdoor area is very beautiful and you can view the city and greenery.,
Thai Chi Restaurant & Cafe,"Level 7, 117/A, Puraton, Rangs Bhaban, Bijay Sarani, Biman Bondor Sarak, Dhaka 1216, Bangladesh",+880 1711-901034,https://thaichirestaurantcafe.shop/,4.1,5409,"{'name': 'Muntaim Bin Salam', 'thumbnail': 'https://lh3.googleusercontent.com/a-/ALV-UjULESVZ-xrJys0LrFzFi1rtkdS500PDB0rafq_pFemxtKkVR82fJQ=s120-c-rp-mo-ba4-br100', 'link': 'https://www.google.com/maps/contrib/117301348238952582154?hl=en-US', 'reviews': 56, 'photos': 403}",4,a year ago,"A phenomenal place with breathtaking view from the outdoor roofside, to have foods around Bijoy Sarani. The restaurant have both indoor and outdoor facilities. Foods taste good but price seems a bit high according to the quality. There's also room for improvement among the staffs. Overall a nice place. Also during sunset the rooftop looks absolutely stunning.",
Thai Chi Restaurant & Cafe,"Level 7, 117/A, Puraton, Rangs Bhaban, Bijay Sarani, Biman Bondor Sarak, Dhaka 1216, Bangladesh",+880 1711-901034,https://thaichirestaurantcafe.shop/,4.1,5409,"{'name': 'Sharmin Jahan', 'thumbnail': 'https://lh3.googleusercontent.com/a-/ALV-UjX1EDrvZ9zGlosMtH85GM-LaIblWWDV9BJ5fo2-CzA3_XPB8UIk=s120-c-rp-mo-ba6-br100', 'link': 'https://www.google.com/maps/contrib/116641050172825399461?hl=en-US', 'reviews': 136, 'photos': 1273}",4,10 months ago,"We were there to attend a wedding. Large space, appropriate to arrange any special gathering like birthday, wedding etc. They have a rooftop with beautiful view. Impressive service.",
Thai Chi Restaurant & Cafe,"Level 7, 117/A, Puraton, Rangs Bhaban, Bijay Sarani, Biman Bondor Sarak, Dhaka 1216, Bangladesh",+880 1711-901034,https://thaichirestaurantcafe.shop/,4.1,5409,"{'name': 'Shah Alam', 'thumbnail': 'https://lh3.googleusercontent.com/a-/ALV-UjW4KBcCZSXlA642ptq6vx4R3j8gdcZBGrepArTOBcgaf93HG2UB=s120-c-rp-mo-ba4-br100', 'link': 'https://www.google.com/maps/contrib/103796757494966032632?hl=en-US', 'reviews': 193, 'photos': 4}",5,2 weeks ago,It's one of the best rooftops restaurants in Dhaka city. You see a open view of old airport and open sky. Good place for party and family,
Thai Chi Restaurant & Cafe,"Level 7, 117/A, Puraton, Rangs Bhaban, Bijay Sarani, Biman Bondor Sarak, Dhaka 1216, Bangladesh",+880 1711-901034,https://thaichirestaurantcafe.shop/,4.1,5409,"{'name': 'Mehdi Mollah', 'thumbnail': 'https://lh3.googleusercontent.com/a-/ALV-UjW8HFgmvEn_7aAxHP1Klc6bZaYlxa95c3yUDHEhdRIZC2vZgbOKnQ=s120-c-rp-mo-ba5-br100', 'link': 'https://www.google.com/maps/contrib/113505489426870407608?hl=en-US', 'reviews': 125, 'photos': 225}",4,5 months ago,"Had a wonderful experience at Thai Chi Restaurant & Cafe! The prices were a bit on the higher side compared to other places, but honestly, it was worth it. The location is absolutely beautiful with a stunning view that adds so much to the overall dining experience. The ambiance was calm and relaxing, and the service was excellent—friendly, attentive, and professional. Definitely a great spot for a quality meal and a peaceful atmosphere. Highly recommended!",
Thai Chi Restaurant & Cafe,"Level 7, 117/A, Puraton, Rangs Bhaban, Bijay Sarani, Biman Bondor Sarak, Dhaka 1216, Bangladesh",+880 1711-901034,https://thaichirestaurantcafe.shop/,4.1,5409,"{'name': 'Samir Ahmed Meyad', 'thumbnail': 'https://lh3.googleusercontent.com/a-/ALV-UjVropu8g96RfNabXCvN2QX0RGTOe5CfpjjacherfmfbZhIpyJlX=s120-c-rp-mo-br100', 'link': 'https://www.google.com/maps/contrib/101180402916250720189?hl=en-US', 'reviews': 2, 'photos': 6}",4,Edited 3 months ago,The food and atmosphere were awesome 👌. But the waiters were quite late.,
Yumi at Sheraton Dhaka,"Level 27, 44 Kemal Ataturk Ave, Dhaka 1213, Bangladesh",+880 1313-709032,https://www.marriott.com/en-us/hotels/dacsi-sheraton-dhaka/dining/,4.5,234,"{'name': 'Shourav Kundu', 'thumbnail': 'https://lh3.googleusercontent.com/a-/ALV-UjVJamQyzsrog49Pd3IA2xZ4z_PrX5iMWnzVdCwKXKsi6ixf-tQHhw=s120-c-rp-mo-ba5-br100', 'link': 'https://www.google.com/maps/contrib/101619580365403377930?hl=en-US', 'reviews': 111, 'photos': 524}",4,Edited a month ago,"I recently dined at the buffet at Sheraton Dhaka, and overall, it was a great experience. The food was delicious, with a wide variety of dishes to choose from, and everything tasted fresh and flavorful. The standout items for me were the grilled meats and the dessert selection—definitely worth trying!

However, the atmosphere was a bit crowded, especially during peak hours. The noise level was high, and it felt a little too busy for a truly relaxed dining experience. If you're looking for a more peaceful meal, I’d recommend going during less crowded times.

Still, the quality of the food and service made it a worthwhile visit. Would definitely recommend if you're in the area and craving a good buffet!",
Yumi at Sheraton Dhaka,"Level 27, 44 Kemal Ataturk Ave, Dhaka 1213, Bangladesh",+880 1313-709032,https://www.marriott.com/en-us/hotels/dacsi-sheraton-dhaka/dining/,4.5,234,"{'name': 'Taaif Mehadi', 'thumbnail': 'https://lh3.googleusercontent.com/a/ACg8ocJACTd2j8whCHelX47q6WkVwnTWSkdNWQCFiN8SeiPYnu2ntXwO=s120-c-rp-mo-ba5-br100', 'link': 'https://www.google.com/maps/contrib/113944573405569135424?hl=en-US', 'reviews': 184, 'photos': 280}",5,Edited a month ago,"Yumi at Sheraton, perched on the 27th floor, offers a dining experience that combines stunning views with culinary excellence. The ambiance is sophisticated yet inviting, with sleek decor and warm lighting that create a perfect backdrop for a memorable meal.

The menu shines with its diverse offerings. The sushi was impeccably fresh, each piece bursting with flavor and beautifully presented. The dumplings were a delightful surprise—perfectly steamed, with a delicate balance of textures and savory fillings. The tomahawk steak, cooked to perfection, was juicy, tender, and packed with rich, meaty depth, making it a standout dish. The accompanying rice was fragrant and fluffy, complementing the bold flavors of the main courses. For dessert, the fondant with ice cream was divine—warm, gooey chocolate paired with creamy, cool ice cream, a heavenly finish to the meal.

The service (from Tareq) was exceptional, attentive staff who anticipated our needs and ensured every moment felt special. From the warm welcome to the seamless flow of dishes, their professionalism elevated the experience.

Yumi at Sheraton is a gem for those seeking top-tier cuisine, breathtaking views, and impeccable service. Highly recommended for a special night out!",
Yumi at Sheraton Dhaka,"Level 27, 44 Kemal Ataturk Ave, Dhaka 1213, Bangladesh",+880 1313-709032,https://www.marriott.com/en-us/hotels/dacsi-sheraton-dhaka/dining/,4.5,234,"{'name': 'Sunny Debnath', 'thumbnail': 'https://lh3.googleusercontent.com/a-/ALV-UjUvtbS_wAB1lVPtplLEEs0KcyqckmqtNux3fXTx488CQzjjkVw=s120-c-rp-mo-ba3-br100', 'link': 'https://www.google.com/maps/contrib/104545567090786882316?hl=en-US', 'reviews': 6, 'photos': 39}",5,a month ago,"We had an absolutely wonderful experience enjoying a set course menu here! The cherry blossom decor is beautiful, and the service was impeccable.

The food was a journey: The Sushi, Miso Soup, and Assorted Fried Seafood were all superb. The main event, the rich Lobster Thermidor, was perfectly cooked and truly decadent. Ending with the unique Yuzu Mango Cheesecake with black sesame ice cream was the perfect finish.

Highly recommend this spot for a special occasion or just a fantastic night out. We'll be returning!",
Yumi at Sheraton Dhaka,"Level 27, 44 Kemal Ataturk Ave, Dhaka 1213, Bangladesh",+880 1313-709032,https://www.marriott.com/en-us/hotels/dacsi-sheraton-dhaka/dining/,4.5,234,"{'name': 'Silver Lining', 'thumbnail': 'https://lh3.googleusercontent.com/a-/ALV-UjV9iz7kW_qF223tfcnXDiB_jOPL015ztCLT_10I0q2Oe0HzvP9c3Q=s120-c-rp-mo-ba8-br100', 'link': 'https://www.google.com/maps/contrib/109810752358291432207?hl=en-US', 'reviews': 1017, 'photos': 39628}",5,2 weeks ago,Great property at the heart of Dhaka. World class amenities. Service top notch. The ballroom is beautiful. Suitable for large events.,
Yumi at Sheraton Dhaka,"Level 27, 44 Kemal Ataturk Ave, Dhaka 1213, Bangladesh",+880 1313-709032,https://www.marriott.com/en-us/hotels/dacsi-sheraton-dhaka/dining/,4.5,234,"{'name': 'Nabeelah H', 'thumbnail': 'https://lh3.googleusercontent.com/a-/ALV-UjUj5rE4iqRPs0zO5oxKEdEKiJOYADVOVN3uJSIJ-5dHL9dQ0Ta_=s120-c-rp-mo-ba4-br100', 'link': 'https://www.google.com/maps/contrib/112359703855250002231?hl=en-US', 'reviews': 92, 'photos': 306}",5,6 months ago,"10/10 Japanese food, 10/10 service. I had gone back another time and the service for shisha and drinks and service weren’t great. But Yumi is an amazing restaurant the food is fresh, authentic and full of flavour.

The waiters were excellent, they were well versed about the food, everything was spotless.

Unfortunately we didn’t have space for dessert but the mocktails were nice. I would highly recommend visiting. Well worth the price with the quality.",
Yumi at Sheraton Dhaka,"Level 27, 44 Kemal Ataturk Ave, Dhaka 1213, Bangladesh",+880 1313-709032,https://www.marriott.com/en-us/hotels/dacsi-sheraton-dhaka/dining/,4.5,234,"{'name': 'mangal singh', 'thumbnail': 'https://lh3.googleusercontent.com/a-/ALV-UjWd5tsNGHsyzQUOZPYqoZEdyYVaeeXGlJan244DqWo1ZzfURK3azw=s120-c-rp-mo-ba4-br100', 'link': 'https://www.google.com/maps/contrib/116943588854628466416?hl=en-US', 'reviews': 29, 'photos': 347}",4,3 months ago,"Attended a dinner at Sheraton Dhaka and had a great experience! The ambiance was elegant and welcoming. The service was top-notch, with friendly and attentive staff.

The food was delicious, and the presentation was impressive. The venue's location in Gulshan made it easy to find and access.

Overall, a great experience, and I'd recommend Sheraton Dhaka for events and gatherings.",
Yumi at Sheraton Dhaka,"Level 27, 44 Kemal Ataturk Ave, Dhaka 1213, Bangladesh",+880 1313-709032,https://www.marriott.com/en-us/hotels/dacsi-sheraton-dhaka/dining/,4.5,234,"{'name': 'Arti Soejitno', 'thumbnail': 'https://lh3.googleusercontent.com/a-/ALV-UjVHqgmrT6gf7b7uct4LkG8tbyvnl01_hRLpKQKYfx6SF0MPM6ep=s120-c-rp-mo-ba6-br100', 'link': 'https://www.google.com/maps/contrib/109560416963165866300?hl=en-US', 'reviews': 351, 'photos': 4626}",5,2 years ago,"It’s a pleasant surprise to find a good Japanese tepanyaki restaurant in Dhaka, although the tepanyaki bar counter was fully booked at both floors the table by the pool is also pretty awesome. The food is great and authentic wrapped in modern Japanesse style. We tried their beef gyoza that was presented unusually fun with round crepes on top, the tepanyaki udon beef and spicy tuna rolls are rockstars!",
Yumi at Sheraton Dhaka,"Level 27, 44 Kemal Ataturk Ave, Dhaka 1213, Bangladesh",+880 1313-709032,https://www.marriott.com/en-us/hotels/dacsi-sheraton-dhaka/dining/,4.5,234,"{'name': 'Kyohei YAMAMOTO', 'thumbnail': 'https://lh3.googleusercontent.com/a-/ALV-UjXFfX3-0pl2m4D_81CXKdQFC8Xsawgx8BAmkbYogW9iuQuJbo_kgQ=s120-c-rp-mo-ba5-br100', 'link': 'https://www.google.com/maps/contrib/115204687431982291089?hl=en-US', 'reviews': 44, 'photos': 770}",5,2 years ago,"Best Japanese restaurant in Dhaka. However, I have to say menu is mixed with authentic Japanese and some alternative ones. As for Sashimi, Yumi must be best in Dhaka. Raw fish items are better than those of Izumi or any other Japanese restaurants in Dhaka. On the other hand, there are some non-Japanese cuisines as well. Teppanyaki is enjoyable especially for kids and those with family members. Service quality is very high and almost all the staffs are gentle enough. The price range is very high and you have to be ready to spend at least 10k taka per person in case of dinner. If you take alcoholic drink with you, you need to pay 1.5k taka per bottle of wines, shochu, sake etc., and 2.5k taka for hard liquors. For beer, it's free. Please make sure to inform when you go with alcohol in advance.",
Bistro-E,"1st Floor NE (N, Bay's Edgewater, 12 Madani Ave, Dhaka 1212, Bangladesh",+880 1799-337700,http://www.bistro-e.com/,4.4,2041,"{'name': 'Rokib Zimi', 'thumbnail': 'https://lh3.googleusercontent.com/a-/ALV-UjVTZvh-dBzyvzPMsAnN3EPn3yfyMoDh70HcrRTDYijaziLo3sAg=s120-c-rp-mo-ba5-br100', 'link': 'https://www.google.com/maps/contrib/110771658002099197108?hl=en-US', 'reviews': 111, 'photos': 156}",4,a month ago,"Bistro E is one of the finest dining spots in Dhaka! 🍽️✨ The ambiance is modern, cozy, and perfect for both casual meals and special occasions. The staff are attentive and professional, making the whole experience smooth and pleasant.

The menu offers a great mix of international and fusion dishes — every item is beautifully presented and full of flavor. Their coffee and desserts are also top-notch! ☕🍰 The place is clean, well-maintained, and ideal for spending quality time with friends or family.

Highly recommended for anyone looking for good food, great service, and a relaxed atmosphere in the heart of Gulshan. 🌿💫",
Bistro-E,"1st Floor NE (N, Bay's Edgewater, 12 Madani Ave, Dhaka 1212, Bangladesh",+880 1799-337700,http://www.bistro-e.com/,4.4,2041,"{'name': 'NASER AHMED LIMON', 'thumbnail': 'https://lh3.googleusercontent.com/a-/ALV-UjWFoX5ZSaJPYEaHmGsZOuNDZQsR98Auec5FlnXTi9-ruqDtEnyK=s120-c-rp-mo-ba6-br100', 'link': 'https://www.google.com/maps/contrib/108747681339029764191?hl=en-US', 'reviews': 263, 'photos': 2214}",5,2 months ago,"I had an amazing experience at Bistro-E with my foreign guests. The food, ambience, and service of the staff were commendable. Since there are 5–6 embassies in the same building, you’ll find many foreigners dining there. They maintain high-quality standards to ensure food safety. My guests felt comfortable and truly loved the serenity of the place.",
Bistro-E,"1st Floor NE (N, Bay's Edgewater, 12 Madani Ave, Dhaka 1212, Bangladesh",+880 1799-337700,http://www.bistro-e.com/,4.4,2041,"{'name': 'Mokit Hossain', 'thumbnail': 'https://lh3.googleusercontent.com/a-/ALV-UjWv8N6HGzPCCFoGjsjYcveGkH9kax-536nSaEjzdowdpOXCY6Q6lw=s120-c-rp-mo-ba7-br100', 'link': 'https://www.google.com/maps/contrib/108953325624988526671?hl=en-US', 'reviews': 286, 'photos': 5662}",4,3 months ago,"A quite expensive restaurant which is located near the Gulshan - 2 circle. Before entering here, you’ve to go through some security checks because many embassy offices are located in the building. Not sure if the car parking facilities are available or not for the restaurant’s people. Reservation is not required.

Food tastes aren’t bad. At the same time, it’s not too delicious either. Ordering first will be a better option because food preparation will be taken sometimes. The waiting time is average. Varieties of food items are available for lunch or dinner. Desert and coffee similar items are also available.",
Bistro-E,"1st Floor NE (N, Bay's Edgewater, 12 Madani Ave, Dhaka 1212, Bangladesh",+880 1799-337700,http://www.bistro-e.com/,4.4,2041,"{'name': 'Arman Sattar', 'thumbnail': 'https://lh3.googleusercontent.com/a-/ALV-UjVG7Rn38wLzp4Mw99Fgp1emFnX_KBa82T-KfkDnfmP3-biIjann1g=s120-c-rp-mo-ba2-br100', 'link': 'https://www.google.com/maps/contrib/115841462528601575778?hl=en-US', 'reviews': 11, 'photos': 3}",4,2 weeks ago,"I’ve been a regular customer since they opened. The food is consistently good and offers solid value for money. However, some drinks, like Coke and tap water, feel a bit overpriced.",
Bistro-E,"1st Floor NE (N, Bay's Edgewater, 12 Madani Ave, Dhaka 1212, Bangladesh",+880 1799-337700,http://www.bistro-e.com/,4.4,2041,"{'name': 'Chowdhury Zaman', 'thumbnail': 'https://lh3.googleusercontent.com/a-/ALV-UjUIA7hED4jBKo3jO7qFp4MXeNWOy_hFOMYHoR_I3YH2Fo1lf7tLvA=s120-c-rp-mo-ba6-br100', 'link': 'https://www.google.com/maps/contrib/100928670115295062578?hl=en-US', 'reviews': 211, 'photos': 1592}",5,7 months ago,"A place that has a very welcoming look and an ambient atmosphere. The place is big, yet has a cozy feel. The interior decor is very tasteful. The place also has an art gallery in the lower floor with an outdoor seating arrangement.

The servers are very cordial, friendly and professional. And the Floor Manager, Mr. Shamim, stood out in that regard. He was there at the door to welcome us, and was also inside, to assist. He even came up to our table to inquire if everything was okay.

The food here is sumptuous to say the least. The restaurant does not have tea in its drinks menu. Yet, when we inquired, they went beyond their call of duty to prepare exceptionally well-made masala chai for us. My sincere thanks for that.

Highly recommended.",
Bistro-E,"1st Floor NE (N, Bay's Edgewater, 12 Madani Ave, Dhaka 1212, Bangladesh",+880 1799-337700,http://www.bistro-e.com/,4.4,2041,"{'name': 'Hamim arnob', 'thumbnail': 'https://lh3.googleusercontent.com/a/ACg8ocLAGwvITlHDKgbXuOBILNIBmfjMb5yxL840h34XdFVb4pel6g=s120-c-rp-mo-ba3-br100', 'link': 'https://www.google.com/maps/contrib/106002260727261415897?hl=en-US', 'reviews': 14, 'photos': 31}",1,7 months ago,"The food was terrible. It was way too salty, the beef bacon in the burger was tough and chewy, and the bun was dry—definitely not like fresh bread. When I asked what was wrong, they claimed that Italian food is supposed to taste like that, which isn’t true. The only redeeming part of the meal was the mocktails. Given the high prices, this quality of food is simply unacceptable.",
Bistro-E,"1st Floor NE (N, Bay's Edgewater, 12 Madani Ave, Dhaka 1212, Bangladesh",+880 1799-337700,http://www.bistro-e.com/,4.4,2041,"{'name': 'Ebrahim Khalil', 'thumbnail': 'https://lh3.googleusercontent.com/a-/ALV-UjUtJbUG3OReWLwc__9_Pf9ojHSC-kGLhYs4HdfwVlhpQ9BfSoE=s120-c-rp-mo-br100', 'link': 'https://www.google.com/maps/contrib/103374921880034322684?hl=en-US', 'reviews': 1, 'photos': 3}",5,3 months ago,Inside Dhaka is a nice quality hotel. Whose food quality was extraordinary. I'm proud to come to this hotel. All of you will be a wonderful hotel.,
Bistro-E,"1st Floor NE (N, Bay's Edgewater, 12 Madani Ave, Dhaka 1212, Bangladesh",+880 1799-337700,http://www.bistro-e.com/,4.4,2041,"{'name': 'Mahadi Hasan Meem', 'thumbnail': 'https://lh3.googleusercontent.com/a-/ALV-UjX9q9DOzszWnX9lrNucagpQAWzOd_Jl5ChJb7wScqG0L-rn_dnN=s120-c-rp-mo-ba4-br100', 'link': 'https://www.google.com/maps/contrib/114935826091395896597?hl=en-US', 'reviews': 91, 'photos': 313}",3,9 months ago,"I had a lot of expectations from this place. The price is just too much compared to the taste of the food. I ordered a Gyro chicken from the appetizer menu, they served very less quantity, also the taste was not satisfactory at all. I also ordered the Mozzarella sticks which was alright. The Virjin Mojito was alright too. I had better before.

The place is in the building of embassies of multiple foreign countries. Their toilet is far away on a different floor. Felt like going through a maze. Overall the price was too much compared to the quality of food. May be it's for foreigners. I didn't like the food at all. Also their building have a thing with parking of gas cars. Due to safety reasons we had to park the car outside. I wouldn't want to go there again.",
Breeze Restaurant,"House# 1/C, 1/D, Road# 16, Dhaka 1229, Bangladesh",+880 1305-073888,https://www.facebook.com/breezerestaurantbd,4.4,1174,"{'name': 'Aliffia Amanda', 'thumbnail': 'https://lh3.googleusercontent.com/a-/ALV-UjU2KF6vFbcrkwfCJsCSHVtdcjU-BZsoc8d1yupgoQZAW50VsdLO=s120-c-rp-mo-br100', 'link': 'https://www.google.com/maps/contrib/104492666681762478820?hl=en-US', 'reviews': 7, 'photos': 2}",5,4 months ago,"I had a great experience ordering from Breeze Restaurant! Here’s what I tried :

Chicken Wings – Big cuts of chicken with a nice sweet and sour flavor. The meat was soft and tender.

Breeze Cilantro Chicken Rice – I requested it with fried rice, and it was absolutely delicious. The chicken was flavorful and very soft—highly recommended!

Crispy Seafood Salad – Tasted like a standard salad, but everything was fresh and well-prepared. Still tasty and enjoyable.

Their delivery service was fast—they got everything to my hotel in about 45 minutes. Definitely worth the price for the quality and service!",
Breeze Restaurant,"House# 1/C, 1/D, Road# 16, Dhaka 1229, Bangladesh",+880 1305-073888,https://www.facebook.com/breezerestaurantbd,4.4,1174,"{'name': 'Chinatown Clothing', 'thumbnail': 'https://lh3.googleusercontent.com/a-/ALV-UjUuMbOJFZt7O_mcUWAcs--yuIv6nnm32OWqcAGr7nu3SbzTpPA=s120-c-rp-mo-br100', 'link': 'https://www.google.com/maps/contrib/102373186266610003945?hl=en-US', 'reviews': 1, 'photos': 0}",5,3 months ago,"Breeze Restaurant is an absolute gem in Dhaka! From the moment you walk in, you’re welcomed by a warm and inviting atmosphere with beautifully designed interiors that feel both cozy and elegant. The staff are friendly, attentive, and genuinely care about making your experience memorable.

The food is outstanding — every dish is fresh, flavorful, and presented with great attention to detail. I especially loved the balance of spices and the portion sizes, which were perfect. Whether you’re here for a casual lunch, a family gathering, or a romantic dinner, Breeze delivers on every level.

It’s not just a restaurant, it’s an experience worth coming back to again and again. Highly recommended for anyone who values quality food and top-notch service!",
Breeze Restaurant,"House# 1/C, 1/D, Road# 16, Dhaka 1229, Bangladesh",+880 1305-073888,https://www.facebook.com/breezerestaurantbd,4.4,1174,"{'name': 'Salah Uddin Asjad', 'thumbnail': 'https://lh3.googleusercontent.com/a-/ALV-UjXNMAJjnhN3-EOLPG4zylvZS6pWx_D0Yz_hT9Dif5Xc5AcSTWHYgA=s120-c-rp-mo-ba5-br100', 'link': 'https://www.google.com/maps/contrib/111909836425320397692?hl=en-US', 'reviews': 208, 'photos': 313}",5,a month ago,Excellent food and service within reasonable prices.,
Breeze Restaurant,"House# 1/C, 1/D, Road# 16, Dhaka 1229, Bangladesh",+880 1305-073888,https://www.facebook.com/breezerestaurantbd,4.4,1174,"{'name': 'Ornob Zihad', 'thumbnail': 'https://lh3.googleusercontent.com/a/ACg8ocIkBi5BWiCnF8-I4LYxCEESbhOKalfMiI7CObzQY5N3fgVE_A=s120-c-rp-mo-ba4-br100', 'link': 'https://www.google.com/maps/contrib/100151651062422098964?hl=en-US', 'reviews': 6, 'photos': 0}",5,4 months ago,"I recently visited Breeze Restaurant, and it truly exceeded my expectations! Located in a peaceful area, this place offers a relaxed atmosphere with a beautiful view. The décor is modern yet cozy, and the ambiance makes it perfect for both intimate dinners and casual outings with friends.

We ordered a variety of dishes, including their signature Grilled Chicken, Mutton Korma, and Fried Rice, and each one was a treat to the taste buds. The grilled chicken was tender, and the mutton was cooked perfectly with rich spices. The fried rice complemented the meal very well. The portions were generous, and the presentation was appealing.

The staff was attentive and friendly, ensuring we had a pleasant dining experience. The service was quick, and they were happy to make recommendations when asked.

The pricing is reasonable for the quality and quantity of food you get, making it great value for money. If you’re looking for a comfortable, no-rush dining experience with flavorful food, Breeze Restaurant is definitely worth a visit.

I’m already planning my next visit to try more of their menu items",
Breeze Restaurant,"House# 1/C, 1/D, Road# 16, Dhaka 1229, Bangladesh",+880 1305-073888,https://www.facebook.com/breezerestaurantbd,4.4,1174,"{'name': ""Melita D'Mello"", 'thumbnail': 'https://lh3.googleusercontent.com/a-/ALV-UjVuIQqKSbwCZOTpY-5GU3eGlSVr6wv2rwSw0I8n_YrX2oFnrTB6MA=s120-c-rp-mo-br100', 'link': 'https://www.google.com/maps/contrib/105128801170747204549?hl=en-US', 'reviews': 9, 'photos': 0}",5,2 weeks ago,Had the fried red snapper fish… it was simply delicious and really fresh… staff is also very friendly and courteous… would definitely recommend,
Breeze Restaurant,"House# 1/C, 1/D, Road# 16, Dhaka 1229, Bangladesh",+880 1305-073888,https://www.facebook.com/breezerestaurantbd,4.4,1174,"{'name': 'Rezwanul Ahmed Shakib (Rezwanul A. Shakib)', 'thumbnail': 'https://lh3.googleusercontent.com/a-/ALV-UjVs5MRjvvg5hr1nk9PPx7lIRSHQzjgLAgGSGtWXOprd7PC41FQL=s120-c-rp-mo-ba3-br100', 'link': 'https://www.google.com/maps/contrib/112566732163848526891?hl=en-US', 'reviews': 4, 'photos': 55}",2,11 months ago,"The food has lost its spark. Writing this with a heavy heart. Breeze started with fireworks of flavors on the plate. The recent visit was just heartbreaking. Their entire kitchen and service staff has been  replaced, but not for the better. The service people are half-mindful of what the customer might want. The previous service staff made sure to always keep an eye on the dining customers. The most disastrous hit was in the kitchen where the food lost all its flavor and tasted blant. The burger, Wastagfirullah! A gourmet burger turned into a roadside jhol-burger. I hope the kitchen finds the momentum with the new staff.",
Breeze Restaurant,"House# 1/C, 1/D, Road# 16, Dhaka 1229, Bangladesh",+880 1305-073888,https://www.facebook.com/breezerestaurantbd,4.4,1174,"{'name': 'Zohaer Morshed', 'thumbnail': 'https://lh3.googleusercontent.com/a-/ALV-UjWGcHsDqmedPtKPDOUB8QVNkyhpwGbABicfPBEm164yD7z7X6qP=s120-c-rp-mo-ba3-br100', 'link': 'https://www.google.com/maps/contrib/104015990008365084342?hl=en-US', 'reviews': 59, 'photos': 2}",5,2 months ago,"Breeze offers a casual, breezy vibe with polished execution. The space is bright and comfortable, not noisy, and the service is friendly and efficient. Dishes emphasize fresh, seasonal ingredients with subtle twists, focused on balance and technique. The beverage program pairs well, with quality wines, clever cocktails, and good mocktails. Value is solid for the quality, and reservations are smart, especially on weekends. Dietary accommodations are welcomed, and staff can tailor dishes when possible. Overall: dependable, approachable, and satisfying.",
Breeze Restaurant,"House# 1/C, 1/D, Road# 16, Dhaka 1229, Bangladesh",+880 1305-073888,https://www.facebook.com/breezerestaurantbd,4.4,1174,"{'name': 'Naiyira Fairooz', 'thumbnail': 'https://lh3.googleusercontent.com/a-/ALV-UjXKELP0oOWZLy1kVsPHMQ_C7mebML849VPyO-Zei_MPruBEQ2Tc=s120-c-rp-mo-br100', 'link': 'https://www.google.com/maps/contrib/107927435872551355579?hl=en-US', 'reviews': 3, 'photos': 13}",5,a year ago,The food was amazing. Every item we tasted was delicious. The interior is stunning. The staff are very nice and helpful!,
Sajna Restaurant,"House 14, House 14 Road No. 11, Dhaka 1213, Bangladesh",+880 1978-811684,https://m.facebook.com/originalsajnarestaurant/,4.1,2829,"{'name': 'Subrata Sarker', 'thumbnail': 'https://lh3.googleusercontent.com/a-/ALV-UjUtm0gkraKokQwHlsw8OclQVqMuod9Cv33fW_a_s5PAGy0rpeSc=s120-c-rp-mo-ba5-br100', 'link': 'https://www.google.com/maps/contrib/112232232444744983073?hl=en-US', 'reviews': 245, 'photos': 466}",5,3 months ago,It's was really a good place for get together. We enjoyed time together very much. Actually food was really good. Service and atmosphere also top notch.,
Sajna Restaurant,"House 14, House 14 Road No. 11, Dhaka 1213, Bangladesh",+880 1978-811684,https://m.facebook.com/originalsajnarestaurant/,4.1,2829,"{'name': 'Shankharupa Ashish Damle', 'thumbnail': 'https://lh3.googleusercontent.com/a-/ALV-UjWbO20jZNUlKAlnfzEpjzSEaxYCiraZlo4fUPnd6hiUm8NqlDot5Q=s120-c-rp-mo-ba5-br100', 'link': 'https://www.google.com/maps/contrib/100978590723629797499?hl=en-US', 'reviews': 82, 'photos': 618}",3,3 months ago,"This is a very old restaurant situated in Banani for about two decades. It is known for its South Indian section that is quite decent. So vegetarians flock in here who otherwise have less options in Dhaka city.
However I was quite disappointed with the menu as the South Indian menu is not an extensive one, just basic ones like idli, dosa, uttapam and a few more variations in them. Although there’s a buffet for lunch, we did not opt for that.
The interiors are quite decent and has a parking facility for a few cars inside campus.
Altogether it is an ok place to visit in Dhaka, if you are craving for South Indian vegetarian menu.",
Sajna Restaurant,"House 14, House 14 Road No. 11, Dhaka 1213, Bangladesh",+880 1978-811684,https://m.facebook.com/originalsajnarestaurant/,4.1,2829,"{'name': 'santanu barua', 'thumbnail': 'https://lh3.googleusercontent.com/a-/ALV-UjVi5sR8kp4hGCgLPMzgfsIILWv4zScuXPBZ2MONATlWJsZ0VEU=s120-c-rp-mo-ba2-br100', 'link': 'https://www.google.com/maps/contrib/105260354425763017175?hl=en-US', 'reviews': 12, 'photos': 0}",1,a month ago,"We have ordered several items. Kabab, naan, dal makhni, dosa and mutton biryani. All foods were good except mutton biryani. It was smelling like almost spoiled. We were 4 members. All we have experience the same problem. We informed them but they denied. They were trying to establish that it was a smell of spices. When we argue with them again and again they finally cancel the order of mutton biryani.... It was really disappointed from this renowned restaurant.",
Sajna Restaurant,"House 14, House 14 Road No. 11, Dhaka 1213, Bangladesh",+880 1978-811684,https://m.facebook.com/originalsajnarestaurant/,4.1,2829,"{'name': 'Chowdhury Zaman', 'thumbnail': 'https://lh3.googleusercontent.com/a-/ALV-UjUIA7hED4jBKo3jO7qFp4MXeNWOy_hFOMYHoR_I3YH2Fo1lf7tLvA=s120-c-rp-mo-ba6-br100', 'link': 'https://www.google.com/maps/contrib/100928670115295062578?hl=en-US', 'reviews': 211, 'photos': 1592}",4,a year ago,"If you are looking for a fine dining experience, then this restaurant would be a good choice.

The food is delicious, the menu has a varied selection, and the prices are reasonable. The ambience of the place is remarkable, with a tasteful interior decoration. And, finally, the servers are very courteous and alert.

One drawback of this restaurant is that it has no parking facility. And that, in my opinion, is a huge drawback. And that is the only reason this restaurant will not get a 5-star rating from me.",
Sajna Restaurant,"House 14, House 14 Road No. 11, Dhaka 1213, Bangladesh",+880 1978-811684,https://m.facebook.com/originalsajnarestaurant/,4.1,2829,"{'name': 'Reza Hafeez', 'thumbnail': 'https://lh3.googleusercontent.com/a-/ALV-UjVoDnJppXObR-BaSN2NckfcroDVQUk-KqPAGQ3yrfXmhOWgT1CvrA=s120-c-rp-mo-ba5-br100', 'link': 'https://www.google.com/maps/contrib/113468966140726138221?hl=en-US', 'reviews': 133, 'photos': 255}",5,3 months ago,Nice Atmosphere ! Nostalgic to 90s. Food was good.,
Sajna Restaurant,"House 14, House 14 Road No. 11, Dhaka 1213, Bangladesh",+880 1978-811684,https://m.facebook.com/originalsajnarestaurant/,4.1,2829,"{'name': 'Sambhav Upadhyay', 'thumbnail': 'https://lh3.googleusercontent.com/a/ACg8ocIKeAy9_kHpJkk5q4cgrrtZg1iJrZBcko8ZDGYAIctYoVhhgQ=s120-c-rp-mo-ba3-br100', 'link': 'https://www.google.com/maps/contrib/117489602002695100262?hl=en-US', 'reviews': 43, 'photos': 13}",2,2 weeks ago,"Okayish place. The food was decent but the staff was kinda rude. Didn't like the vibe of the place though. Try and avoid this restaurant if possible. There's another restaurant ""Tarka"" nearby. Atleast a 100 times better than this in terms of ambience, food quality, portion size and most importantly ""staff behaviour""",
Sajna Restaurant,"House 14, House 14 Road No. 11, Dhaka 1213, Bangladesh",+880 1978-811684,https://m.facebook.com/originalsajnarestaurant/,4.1,2829,"{'name': 'Jeramy Latchana', 'thumbnail': 'https://lh3.googleusercontent.com/a-/ALV-UjX-tuIBGaL5lgQsPiY5Vsjq4IJVvdac-itsFfKHz5C6dVYOwq5C=s120-c-rp-mo-ba2-br100', 'link': 'https://www.google.com/maps/contrib/106554359567471164990?hl=en-US', 'reviews': 17, 'photos': 0}",5,2 months ago,"I am from Canada and here is my honest review.

I’ve been here a few times and loved it every single time.

Food is fantastic.
Service is excellent.
Extremely clean restaurant.

Their food is by far the best I’ve had.

I’d definitely recommend coming here. It’s a lot of food so bring a date or a group.",
Sajna Restaurant,"House 14, House 14 Road No. 11, Dhaka 1213, Bangladesh",+880 1978-811684,https://m.facebook.com/originalsajnarestaurant/,4.1,2829,"{'name': 'Md. Kabir Mia', 'thumbnail': 'https://lh3.googleusercontent.com/a-/ALV-UjWq1uYwfuk2w2OaTt0K_yOMZImuYPbh6AuH3UplhzX8fGHlTr23=s120-c-rp-mo-ba4-br100', 'link': 'https://www.google.com/maps/contrib/117167052725416183302?hl=en-US', 'reviews': 57, 'photos': 99}",4,2 weeks ago,"Good place for get together, but put space is limited as per number",
Hongbao,"65 Gulshan Ave, Dhaka 1212, Bangladesh",+880 1870-111222,http://hongbaobd.com/,4.6,581,"{'name': 'Sameer 23', 'thumbnail': 'https://lh3.googleusercontent.com/a-/ALV-UjUkMvGzota1UIVWqe2JZ3XJX9-4UGsNDSHFC08SBX610cfbVQHd=s120-c-rp-mo-ba5-br100', 'link': 'https://www.google.com/maps/contrib/112215713364805333159?hl=en-US', 'reviews': 217, 'photos': 525}",4,2 months ago,"Another top end fine dining place for fusion cuisine in Dhaka. Nice ambience, has private rooms and almost all their items are quite yummy. The soup , starters, mains and even desserts and mocktails are very high quality, rich in flavour and quite delicious . The price point makes it expectable but for a special ocassion it’s a very nice place . Would definitely recommend",
Hongbao,"65 Gulshan Ave, Dhaka 1212, Bangladesh",+880 1870-111222,http://hongbaobd.com/,4.6,581,"{'name': 'Dewan Asif', 'thumbnail': 'https://lh3.googleusercontent.com/a-/ALV-UjWJ35niXA0Gsx1L8J5vyXQbydgsqfrYV4YsXAsceSoQ0T1AbD1uLA=s120-c-rp-mo-ba7-br100', 'link': 'https://www.google.com/maps/contrib/100094161477995738246?hl=en-US', 'reviews': 482, 'photos': 4020}",5,Edited a month ago,"Hongbao is one of the best fine dining restaurants in Dhaka, offering a luxurious setting, elegant atmosphere, and top-notch service. The staff are friendly, helpful, and everything feels well-organized and classy.

Here’s what we tried:

🍲 Hot & Sour Soup – Light and healthy with mushrooms and herbs. It had a warm and soothing flavor.

🥟 Xiao Long Bao (Soup Dumplings) – Soft, juicy dumplings served in elegant spoons. The filling was tasty, and the broth inside was rich.

🍤 Steamed Shrimp Dumplings (Har Gow) – Thin, shiny skin with perfectly cooked shrimp inside. Very delicate and smooth in taste.

🍜 Cheung Fun (Rice Noodle Rolls) – Soft rice noodles rolled with filling and served in a soy-based sauce. Mild, chewy, and light on the stomach.

🍝 Stir-Fried Udon with Black Pepper Beef – Packed with flavor! The udon noodles were chewy, and the beef was tender. Spiced just right with black pepper and veggies.

🍰 Banana Cake with Coconut Ice Cream – A sweet ending! The pudding was moist and rich, and the coconut ice cream was smooth and creamy. A perfect match.

💯 Service was excellent, from presentation to timing. Every dish came hot and fresh. The place is clean, calm, and beautifully decorated.

✅ Highly recommended for anyone looking to enjoy authentic Chinese cuisine in a luxury dining experience in Dhaka.",
Hongbao,"65 Gulshan Ave, Dhaka 1212, Bangladesh",+880 1870-111222,http://hongbaobd.com/,4.6,581,"{'name': 'Sumaita Ahmed', 'thumbnail': 'https://lh3.googleusercontent.com/a-/ALV-UjU5ygseGhJOEB8YxjTAwGSgNIZHplUvBAVEjsd3dF95GMvEHP_z=s120-c-rp-mo-ba3-br100', 'link': 'https://www.google.com/maps/contrib/116168052553267716281?hl=en-US', 'reviews': 48, 'photos': 67}",5,3 months ago,"I celebrated my birthday here with my family and had a wonderful experience. We ordered dumplings, different types of dumplings, claypot chicken and the coconut dessert to end. Absolutely loved the claypot chicken with rice. What I appreciate most is that the food was very good quality with no excess oil. Would definitely go back again for other options.",
Hongbao,"65 Gulshan Ave, Dhaka 1212, Bangladesh",+880 1870-111222,http://hongbaobd.com/,4.6,581,"{'name': 'Motiul Islam', 'thumbnail': 'https://lh3.googleusercontent.com/a-/ALV-UjUDkWtTLBYCdHLHgop8qfeqjcqTjtrRfmqqSrJpoiKcSAJC6bVV=s120-c-rp-mo-br100', 'link': 'https://www.google.com/maps/contrib/114582530586710702303?hl=en-US', 'reviews': 4, 'photos': 7}",5,2 months ago,Quality of the food was excellent and the service was outstanding. Atmosphere was cozy suitable for family and couples. I tried the famous hainanese chicken rice. Surely I will come again.,
Hongbao,"65 Gulshan Ave, Dhaka 1212, Bangladesh",+880 1870-111222,http://hongbaobd.com/,4.6,581,"{'name': 'Safwan Ahmed', 'thumbnail': 'https://lh3.googleusercontent.com/a/ACg8ocInYrygPpdueZFfwU24VycSRjuGxAo_M4uPxe0FmQZ7CRziZqs=s120-c-rp-mo-ba6-br100', 'link': 'https://www.google.com/maps/contrib/104833119605134682417?hl=en-US', 'reviews': 227, 'photos': 2117}",5,3 months ago,"Came back after a long time. Still great as always. Fantastic food, Fantastic Service, awesome food, insane desserts. Highly recommend it 👍👍👍👍👍",
Hongbao,"65 Gulshan Ave, Dhaka 1212, Bangladesh",+880 1870-111222,http://hongbaobd.com/,4.6,581,"{'name': 'Anik Ebrahim', 'thumbnail': 'https://lh3.googleusercontent.com/a-/ALV-UjXf3dT6MOQjpNN-sy5nypSXSNaIr8xye1QUGJ0odq4TeeTMQlQ=s120-c-rp-mo-ba3-br100', 'link': 'https://www.google.com/maps/contrib/111107112248498723266?hl=en-US', 'reviews': 68, 'photos': 4}",5,6 months ago,"Elegant and Worth It
Hangbao is easily one of the most refined dining spots in Dhaka. The ambience is luxurious, the service is top-notch, and the food is crafted with real attention to detail. Yes, it’s pricey—but for a special night out, it’s absolutely worth it. Highly recommended for anyone looking to indulge in a premium experience.",
Hongbao,"65 Gulshan Ave, Dhaka 1212, Bangladesh",+880 1870-111222,http://hongbaobd.com/,4.6,581,"{'name': 'Arifur Rahman (Tanu)', 'thumbnail': 'https://lh3.googleusercontent.com/a-/ALV-UjX-rTeXPr96pab2muaFW4_-l-PrdNF4mNol3d-5w7ninMCqLxUm0A=s120-c-rp-mo-ba5-br100', 'link': 'https://www.google.com/maps/contrib/114113473432764782303?hl=en-US', 'reviews': 134, 'photos': 268}",5,a year ago,"I recently visited Hongbao, and I have to say it was a delightful experience! The atmosphere is vibrant and beautifully decorated, creating a cozy yet energetic vibe. The staff was incredibly friendly and attentive, making us feel welcome right away.

The menu features a great variety of authentic dishes, and everything we ordered was absolutely delicious. The dumplings were a standout, perfectly steamed and packed with flavor. I also loved the spicy stir-fried noodles; they had just the right kick without overpowering the other ingredients.

Prices are reasonable for the quality of food, and the portion sizes are generous. I also appreciated the cleanliness of the restaurant, which added to the overall positive experience.

I highly recommend Hongbao for anyone looking to enjoy some fantastic Chinese cuisine in a warm and inviting setting. I will definitely be coming back!",
Hongbao,"65 Gulshan Ave, Dhaka 1212, Bangladesh",+880 1870-111222,http://hongbaobd.com/,4.6,581,"{'name': 'Dr. Mehruba Mona', 'thumbnail': 'https://lh3.googleusercontent.com/a/ACg8ocJQhRVqnjx2Fo68SezhSGQZHz9IfhngU16Ta-2KIPIlqbSLK8k=s120-c-rp-mo-ba5-br100', 'link': 'https://www.google.com/maps/contrib/111985086601936267794?hl=en-US', 'reviews': 196, 'photos': 687}",5,8 months ago,"A fine-dine authentic Chinese restaurant in Gulshan, Dhaka. They beautifully present and serve an exquisite blend of contemporary Chinese food! They have a huge sitting capacity but need a prior reservation. Highly recommended.",
Tree House,"Banani 13/E , house #135 Opposite of Prescription Point, Rd No. 13E, Dhaka 1213, Bangladesh",+880 1670-828528,https://www.treehousebd.com/,4.2,2900,"{'name': 'Sumaita Ahmed', 'thumbnail': 'https://lh3.googleusercontent.com/a-/ALV-UjU5ygseGhJOEB8YxjTAwGSgNIZHplUvBAVEjsd3dF95GMvEHP_z=s120-c-rp-mo-ba3-br100', 'link': 'https://www.google.com/maps/contrib/116168052553267716281?hl=en-US', 'reviews': 48, 'photos': 67}",2,2 weeks ago,"I would say that the food was very average. Lemon chicken was very sweet and mashed potatoes didn’t taste that good. Almost as if it was stale. Rice lacked flavor and the mushrooms were oddly sour. The steak was ok and bbq chicken was also pretty alright. The portion size for the vegetables was not standard either.

Overall they have the potential to do a lot better, its a good location and the sustainability concept is amazing. I loved the way the watermelon juice and pineapple juice was served. However, the recipes need work. Won’t visit again unless there is a complete overhaul.",
Tree House,"Banani 13/E , house #135 Opposite of Prescription Point, Rd No. 13E, Dhaka 1213, Bangladesh",+880 1670-828528,https://www.treehousebd.com/,4.2,2900,"{'name': 'Mahmudul Hasan', 'thumbnail': 'https://lh3.googleusercontent.com/a-/ALV-UjXTV1B6IVrbxGd8b9otpL3LzoLgLxV00ChSynHgTiWCIJeqXGl2=s120-c-rp-mo-ba5-br100', 'link': 'https://www.google.com/maps/contrib/102716651068300327037?hl=en-US', 'reviews': 95, 'photos': 998}",5,2 weeks ago,"The food quality is good. Quality is also sufficient.
Price is reasonable considering location of banani",
Tree House,"Banani 13/E , house #135 Opposite of Prescription Point, Rd No. 13E, Dhaka 1213, Bangladesh",+880 1670-828528,https://www.treehousebd.com/,4.2,2900,"{'name': 'SynixSherlock', 'thumbnail': 'https://lh3.googleusercontent.com/a-/ALV-UjXvIcHo7GaU_GJO-Oi0Zsy1ZPVnK6MgQWDu6VyCr0-WIIaFJ1w_=s120-c-rp-mo-ba4-br100', 'link': 'https://www.google.com/maps/contrib/104449054395582790158?hl=en-US', 'reviews': 107, 'photos': 266}",2,3 months ago,"If a restaurant is in Banani or Gulshan, of course the prices will be high, so I don’t really mind that. But if I’m paying 600tk for a set meal, I at least expect it to be properly cooked and served — 600tk isn’t a joke.

The taste was honestly just okay, not great but not terrible either. What really bothered me was my steak — it still had blood marks near the bone. Didn’t complain at that moment since I was in a hurry, but it shouldn’t be like that.

Even before the food came, I found a cockroach on my table. They did say sorry, but still, not a good first impression. And also the plate they provides it's wood plate idk how long it should be served. I smelled like the wet wood from the plate.

The place has a kind of live kitchen setup, and the theme is dark, so the environment feels a bit heavy. Ambience was actually good, but food quality and hygiene need serious improvement",
Tree House,"Banani 13/E , house #135 Opposite of Prescription Point, Rd No. 13E, Dhaka 1213, Bangladesh",+880 1670-828528,https://www.treehousebd.com/,4.2,2900,"{'name': 'Mansura Mokbul', 'thumbnail': 'https://lh3.googleusercontent.com/a-/ALV-UjUHIw4sfCE2pfZB0xp8g3AAmcCGmCIqfUT-KhpifQof58l2IrCt=s120-c-rp-mo-ba2-br100', 'link': 'https://www.google.com/maps/contrib/113118606650305088964?hl=en-US', 'reviews': 9, 'photos': 32}",4,2 months ago,We ordered sea food platter and naga chicken. Sea food platter portion size was big. If you don’t like spicy then it’s better to inform during order.,
Tree House,"Banani 13/E , house #135 Opposite of Prescription Point, Rd No. 13E, Dhaka 1213, Bangladesh",+880 1670-828528,https://www.treehousebd.com/,4.2,2900,"{'name': 'Akash Mahmud', 'thumbnail': 'https://lh3.googleusercontent.com/a/ACg8ocLbuTabTo7S6t9j80GY-HcbBWCf3_k3q4AdnwBPuAScr84L7g=s120-c-rp-mo-br100', 'link': 'https://www.google.com/maps/contrib/102548337374740267005?hl=en-US', 'reviews': 3, 'photos': 1}",1,3 months ago,"Ordered Lobster dish cost over 2200 taka, they gave us prawn.
Cheating. avoid this restaurant.",
Tree House,"Banani 13/E , house #135 Opposite of Prescription Point, Rd No. 13E, Dhaka 1213, Bangladesh",+880 1670-828528,https://www.treehousebd.com/,4.2,2900,"{'name': 'M A', 'thumbnail': 'https://lh3.googleusercontent.com/a-/ALV-UjV1PNzOCLdwanMg4612zU5B__qpixCVc_Ypr6BPE_1CBlR6iPNqmw=s120-c-rp-mo-ba6-br100', 'link': 'https://www.google.com/maps/contrib/101374994176881007894?hl=en-US', 'reviews': 213, 'photos': 1449}",5,2 months ago,"Always a great place to find tasty set meals in a good price & excellent ambiance.

However food quality has degraded over the years.",
Tree House,"Banani 13/E , house #135 Opposite of Prescription Point, Rd No. 13E, Dhaka 1213, Bangladesh",+880 1670-828528,https://www.treehousebd.com/,4.2,2900,"{'name': 'Farhat Anan', 'thumbnail': 'https://lh3.googleusercontent.com/a-/ALV-UjWfSSFLPo5i3g4kYnxpzeFFq1PBpv-KsWUQuS4WCZerQJx1dwk=s120-c-rp-mo-ba4-br100', 'link': 'https://www.google.com/maps/contrib/100709447350073248197?hl=en-US', 'reviews': 52, 'photos': 110}",3,Edited a year ago,"Good food for affordable price. They have two floors, one is indoor and the other one is outdoor. The place is pretty small though. Service was alright, could be better. If you like spicy food, I recommend the Naga chicken steak",
Tree House,"Banani 13/E , house #135 Opposite of Prescription Point, Rd No. 13E, Dhaka 1213, Bangladesh",+880 1670-828528,https://www.treehousebd.com/,4.2,2900,"{'name': 'Naushin Reza', 'thumbnail': 'https://lh3.googleusercontent.com/a-/ALV-UjXGZ4_8mzT4rwGMaNg_ovkI_L-RJFGVlwdudvSTvAD65oRK5aE=s120-c-rp-mo-ba2-br100', 'link': 'https://www.google.com/maps/contrib/114306984025813070344?hl=en-US', 'reviews': 15, 'photos': 10}",4,7 months ago,"The beef iftar platter was good,the beef steak was amazing. It was juicy, tender ..just loved it. The platter had lobster, noodles, chicken lollipop, prawn cake, spring rolls, fruit salad, potato wedges and a lemon mint drink. The food was good. Also had gurer masala tea, I liked it. Due to being houseful, we could only get the top floor rooftop, seating was not very comfortable there but the indoor seating is nice n comfy. Would go there again for the steak for sure.",
Texas Flame | Best Steakhouse In Dhaka,"House 25,8th Floor(Lift 7, Road No. 11, Dhaka 1213, Bangladesh",+880 1722-233926,https://texasflamebd.com/,4.9,3366,"{'name': 'Mobashir Rakin', 'thumbnail': 'https://lh3.googleusercontent.com/a-/ALV-UjWuR3Q10bI8XUarnvW7h2iD2LmCYMndykOq3LHDIF6yQTv9Sau0cQ=s120-c-rp-mo-ba5-br100', 'link': 'https://www.google.com/maps/contrib/108231946365185112610?hl=en-US', 'reviews': 148, 'photos': 440}",5,a week ago,"I had the best steak in Texas Flame.
The restaurant is nicely decorated with wild west style.
We tried their econo cut Mushroom hanger and one of their prime cuts ribeye steak.
The mushroom hanger had two fixed side dishes: mashed potato, potato wedges.
With the ribeye steak i chose mexican rice and sauteed mushrooms.
With two sauces: bbq sauce and honey mustard sauce.
The ribeye steak was cooked to perfection; perfectly juicy tender and tasteful. The bbq sauce was topnotch.
The sauteed mushrooms could have been better.",
Texas Flame | Best Steakhouse In Dhaka,"House 25,8th Floor(Lift 7, Road No. 11, Dhaka 1213, Bangladesh",+880 1722-233926,https://texasflamebd.com/,4.9,3366,"{'name': 'Hossain Ashhab', 'thumbnail': 'https://lh3.googleusercontent.com/a-/ALV-UjX0kMQj9_96nf8FgGntVuRp147B6Bh7GStEx_L4p9aYvEaadHY=s120-c-rp-mo-ba2-br100', 'link': 'https://www.google.com/maps/contrib/115163706665626716773?hl=en-US', 'reviews': 8, 'photos': 9}",5,a month ago,"Went in here with a lot of expectations and I am happy to say they were met adequately. I took the Ribeye steak with potato wedges and mexican rice on the sides and bbq and alabama hot sauce for the 2 sauces. Both the sides and specially the Alabama hot sauce was a hit. The steak itself was perfectly done to medium rare and was juicy on every bite. The seasoning was not too bland, not too peppery; it went with my taste buds wonderfully. I have visited almost all of the top steakhouses in Dhaka and this one is definitely top 5. Special thanks to the staff too who were really polite and helpful. I'll definitely be back for more.",
Texas Flame | Best Steakhouse In Dhaka,"House 25,8th Floor(Lift 7, Road No. 11, Dhaka 1213, Bangladesh",+880 1722-233926,https://texasflamebd.com/,4.9,3366,"{'name': 'Shabbir Anwar', 'thumbnail': 'https://lh3.googleusercontent.com/a-/ALV-UjU_szLxDsuC3xYsw32H9gkPzOsmW7nAvA_flzOycp3FNbAnRy5f=s120-c-rp-mo-ba5-br100', 'link': 'https://www.google.com/maps/contrib/107484117675078380664?hl=en-US', 'reviews': 63, 'photos': 383}",4,2 months ago,"Very nice atmosphere, food was mouthwatering good. Bt got my pocket a little lighter. Yap!! price was higher thn usual.
Special Note: Think they got one of the nicest smoking zone in city.",
Texas Flame | Best Steakhouse In Dhaka,"House 25,8th Floor(Lift 7, Road No. 11, Dhaka 1213, Bangladesh",+880 1722-233926,https://texasflamebd.com/,4.9,3366,"{'name': 'Babor Ali Khan', 'thumbnail': 'https://lh3.googleusercontent.com/a-/ALV-UjX0_9ISLYUOfer3sRZHwqXN_4Zxyc4Rts03oAB2Vn6R17yjvsE0=s120-c-rp-mo-ba4-br100', 'link': 'https://www.google.com/maps/contrib/108060978570058638906?hl=en-US', 'reviews': 36, 'photos': 80}",5,2 months ago,"Texas Flame is a fantastic spot to enjoy steaks in Dhaka. The food was flavorful and well presented, from the juicy steak with mushrooms and creamy coleslaw to the perfectly made mashed potatoes served with sauted vegetables. Everything tasted fresh and satisfying.

The atmosphere really stood out, the interior gives off a retro, Texas cowboy house vibe with thoughtful décor and a cozy setup. It’s a great place to hang out with friends, enjoy good food, and soak in the unique Western style ambiance. Definitely worth visiting again.",
Texas Flame | Best Steakhouse In Dhaka,"House 25,8th Floor(Lift 7, Road No. 11, Dhaka 1213, Bangladesh",+880 1722-233926,https://texasflamebd.com/,4.9,3366,"{'name': 'fahim faiyaz', 'thumbnail': 'https://lh3.googleusercontent.com/a/ACg8ocKGFs1qomakpgCQjKHeHdCcThGQ-CLW4nTEo5gpJlLGjRqJZQ=s120-c-rp-mo-ba4-br100', 'link': 'https://www.google.com/maps/contrib/106527361525709891900?hl=en-US', 'reviews': 75, 'photos': 36}",4,2 weeks ago,"Firstly, the ambiance and service are alright.
Now for the food.
The Carnivore Steak Platter was their prime offering and the taste was overall quite good. They did slightly over/under cook some of the meats but in the end the taste was good and all was okay.
However, one person in our group(being non beef eater) went for their Lamb Steak, and that was borderline inedible due to how extremely tough and chewy it was. Lamb is not supposed to be that hard.

Bottom line - If you go here, stick to beef
As for Texas Flame, just sell beef , the lamb felt like a scam.",
Texas Flame | Best Steakhouse In Dhaka,"House 25,8th Floor(Lift 7, Road No. 11, Dhaka 1213, Bangladesh",+880 1722-233926,https://texasflamebd.com/,4.9,3366,"{'name': 'Kevin Kevin', 'thumbnail': 'https://lh3.googleusercontent.com/a-/ALV-UjW9TZe_IF1QN3NuoWimqaxelyV4SZxB4AA3EAt9no0o6mJZJ1M=s120-c-rp-mo-ba2-br100', 'link': 'https://www.google.com/maps/contrib/109954299420291385173?hl=en-US', 'reviews': 14, 'photos': 5}",5,a month ago,"Finally, found the best steak house here in Dhaka! After 3 months craving for steak, find this Gem in google. The highest rate steakhouse in Dhaka, with a special 5 star service and of course 5 star taste. A combination of American atmosphere, with Bangladesh hospitality. My brother Tanvir and his team also give me their best service! Never forget the complimentary drink and milkshake. I really want to go here everyday, but sadly i have to go back home tommorow. They also have a Cowboy themed photo booth complete with all the cowboy stuffs. What a great experience to have lunch here. Bravo Texas Flame 🍾",
Texas Flame | Best Steakhouse In Dhaka,"House 25,8th Floor(Lift 7, Road No. 11, Dhaka 1213, Bangladesh",+880 1722-233926,https://texasflamebd.com/,4.9,3366,"{'name': 'Kanon Sayeed Ahmed', 'thumbnail': 'https://lh3.googleusercontent.com/a-/ALV-UjWuMQo4YgvchPQU94IaPcr8r_mKQV5CCWvoVj0JiYPFHkCa6kl-Xg=s120-c-rp-mo-ba6-br100', 'link': 'https://www.google.com/maps/contrib/105896994434445082929?hl=en-US', 'reviews': 299, 'photos': 1448}",5,2 months ago,"I visited on a weekend evening and the restaurant was quite empty. I thought the reason maybe the food is not good.
Anyway, once the food arrived my dought vanished. The taste of steak was absolutely febulas and the quantity of food is hard for one to finish. They have a true texas style vibe. Staffs are super cool and helpful. They also have a smoking zone. Definitely recommended.",
Texas Flame | Best Steakhouse In Dhaka,"House 25,8th Floor(Lift 7, Road No. 11, Dhaka 1213, Bangladesh",+880 1722-233926,https://texasflamebd.com/,4.9,3366,"{'name': 'N A I L A Z', 'thumbnail': 'https://lh3.googleusercontent.com/a-/ALV-UjUwtnFky3cXu8v9IsGFxnAs2faWubbWcqAX6u4Wn8KDP5O9qyjk=s120-c-rp-mo-ba5-br100', 'link': 'https://www.google.com/maps/contrib/118130838880528565052?hl=en-US', 'reviews': 98, 'photos': 817}",3,Edited 6 months ago,"I enjoyed the ambience. The decor was spot on! The steaks were delicious 😋! Its a good place to go with friends. However, most of the side dishes were overly salty in lumps. Lots of room for improvement.",
Grandiose Restaurant,"Dhaka Regency Hotel & Resort (Level 6, Tongi Diversion Rd, Dhaka 1229, Bangladesh",+880 1713-332661,http://www.dhakaregency.com/grandiose.php,4.4,482,"{'name': 'Abrar Siham', 'thumbnail': 'https://lh3.googleusercontent.com/a-/ALV-UjWQUBHujJNAbEwV0lyGb0a6ksord0jmVCsn6XrBbbn_A7JUxu5dCg=s120-c-rp-mo-ba4-br100', 'link': 'https://www.google.com/maps/contrib/116701894985893530909?hl=en-US', 'reviews': 33, 'photos': 256}",5,a year ago,"Recently, I had the pleasure of dining at ""Grandiose Restaurant"" in Dhaka Regency Hotel for a buffet dinner. The overall experience was exceptional, from the courteous staff and inviting atmosphere to the delightful taste of every dish. I particularly savored the white sauce pasta and mushroom chicken, which stood out among the impressive array of offerings. The combination of excellent service and delicious cuisine made it a memorable dining experience at Grandiose Restaurant.",
Grandiose Restaurant,"Dhaka Regency Hotel & Resort (Level 6, Tongi Diversion Rd, Dhaka 1229, Bangladesh",+880 1713-332661,http://www.dhakaregency.com/grandiose.php,4.4,482,"{'name': 'Adnan Karim', 'thumbnail': 'https://lh3.googleusercontent.com/a-/ALV-UjVHFezR3WDIg-3x_cdQQ-USCU7bFTJJ57EPyLMDPHn3fMrs9NhulA=s120-c-rp-mo-ba8-br100', 'link': 'https://www.google.com/maps/contrib/107254308174717472143?hl=en-US', 'reviews': 501, 'photos': 27517}",5,8 years ago,"One of the best buffets in Dhaka City. Foods tasted delicious & plenty of moth watering food items were put on the table. Service was pretty good. Soothing restaurant environment will refresh your mind. Overall it’s an exceptional place to arrange private dining, buffet dinner, business dining & corporate events.",
Grandiose Restaurant,"Dhaka Regency Hotel & Resort (Level 6, Tongi Diversion Rd, Dhaka 1229, Bangladesh",+880 1713-332661,http://www.dhakaregency.com/grandiose.php,4.4,482,"{'name': 'M A Raqib', 'thumbnail': 'https://lh3.googleusercontent.com/a-/ALV-UjW25lmpoO0W5ZuUSLvVRxHkR0P05OqLkhs4zQ3f4FjDcPSw8UT6=s120-c-rp-mo-ba2-br100', 'link': 'https://www.google.com/maps/contrib/117710910370804830977?hl=en-US', 'reviews': 5, 'photos': 21}",5,3 years ago,"Great restaurants for any meal of the day. Located on level 6 of the Hotel, the restaurant is the base for all food and beverages. It offer delightful decor and delicious cuisine, with very reasonable price, served by very helpful and friendly staffs.",
Grandiose Restaurant,"Dhaka Regency Hotel & Resort (Level 6, Tongi Diversion Rd, Dhaka 1229, Bangladesh",+880 1713-332661,http://www.dhakaregency.com/grandiose.php,4.4,482,"{'name': 'Azizur Rahman', 'thumbnail': 'https://lh3.googleusercontent.com/a-/ALV-UjVQNcqzP_ag0-LQqadE9VsVqatzh4dWwJ5CBmi2AW9DKB5wedd54Q=s120-c-rp-mo-ba4-br100', 'link': 'https://www.google.com/maps/contrib/109266983774285869551?hl=en-US', 'reviews': 45, 'photos': 110}",4,a year ago,"Went there for dinner buffet on Thursday night. I am super dissapointed with the food taste. Most of their food tasted below average except for the Indian dishes and tehari.
I am happy with the service though. Staffs were professional and the atmosphere was pretty nice.",
Grandiose Restaurant,"Dhaka Regency Hotel & Resort (Level 6, Tongi Diversion Rd, Dhaka 1229, Bangladesh",+880 1713-332661,http://www.dhakaregency.com/grandiose.php,4.4,482,"{'name': 'Ms. W', 'thumbnail': 'https://lh3.googleusercontent.com/a-/ALV-UjU8QWZ_ozFGOu31G54cHMkVcpPX0p59mbu9km50jKJ5Gof72tSg4A=s120-c-rp-mo-ba4-br100', 'link': 'https://www.google.com/maps/contrib/108688927680466513110?hl=en-US', 'reviews': 66, 'photos': 231}",3,4 years ago,"The place is fine but food tastes was not upto the mark. Chowmein was very dry and chicken pineta was not good, desserts were average. Their normal pudding was really good but the strawberry pudding wasn't.",
Grandiose Restaurant,"Dhaka Regency Hotel & Resort (Level 6, Tongi Diversion Rd, Dhaka 1229, Bangladesh",+880 1713-332661,http://www.dhakaregency.com/grandiose.php,4.4,482,"{'name': 'Mohammad Ahmed', 'thumbnail': 'https://lh3.googleusercontent.com/a/ACg8ocJyk8fZ7DIwN7Z-2A4tpjPAceFxkSxvEanbin_kYveufRIg_Q=s120-c-rp-mo-br100', 'link': 'https://www.google.com/maps/contrib/115737434458948303326?hl=en-US', 'reviews': 1, 'photos': 0}",5,4 months ago,"i visited here many time tested there food also. specially breakfast they have just excellent. i havo many foreigners clients they also want to come here and get to Dhaka regencys excellent service. in the morning time the hostess Fatema takecare and give us a great food service. and also taiqul ,Ishrat the trainee has done their work greatly.",
Grandiose Restaurant,"Dhaka Regency Hotel & Resort (Level 6, Tongi Diversion Rd, Dhaka 1229, Bangladesh",+880 1713-332661,http://www.dhakaregency.com/grandiose.php,4.4,482,"{'name': 'Rumman Jaman', 'thumbnail': 'https://lh3.googleusercontent.com/a-/ALV-UjUUSiWEXWCvwKhm019QJJ-yCkWg0Y6WaxptNEgQob3ycv7shv4Sxg=s120-c-rp-mo-ba6-br100', 'link': 'https://www.google.com/maps/contrib/102103776553719055884?hl=en-US', 'reviews': 213, 'photos': 1563}",5,Edited 7 months ago,"⭐⭐⭐⭐⭐

I had an amazing dining experience at Grandiose Restaurant, Hotel Regency. The ambiance was elegant and cozy, making it perfect for both casual and special occasions. The buffet spread was impressive, with a great variety of dishes from flavorful appetizers to delicious main courses and decadent desserts.

The service was top-notch; the staff was attentive, friendly, and quick to respond to any requests. The food quality exceeded expectations, especially the grilled items and seafood selections. I also loved the live cooking stations, which added a great touch to the overall experience.

Highly recommend this place for anyone looking for a luxurious dining experience in Dhaka. Will definitely visit again!",
Grandiose Restaurant,"Dhaka Regency Hotel & Resort (Level 6, Tongi Diversion Rd, Dhaka 1229, Bangladesh",+880 1713-332661,http://www.dhakaregency.com/grandiose.php,4.4,482,"{'name': 'Md. Riyad Hossain Tuhin', 'thumbnail': 'https://lh3.googleusercontent.com/a-/ALV-UjVt_DrCVNoJB_geFh5sW2bc0SCqREDi-y5y1loAtIp-64ukYg=s120-c-rp-mo-ba2-br100', 'link': 'https://www.google.com/maps/contrib/102645323812170615603?hl=en-US', 'reviews': 8, 'photos': 14}",5,3 years ago,"I have been visited several times at this place in the last 2 years, but in the last 1 year, with the new Chef Mr. Gomej, there has been a delicious transformation. The buffet item's, the layout, the responsiveness of staff has all got a super upgrade.
I simply fell in love with the continental layout and the mind blowing desserts.",
Prego,"The Westin, Main Gulshan Ave, Dhaka 1212, Bangladesh",+880 1730-374873,https://www.marriott.com/hotels/hotel-information/restaurant/dacwi-the-westin-dhaka/,4.2,340,"{'name': 'Naziur Rahman', 'thumbnail': 'https://lh3.googleusercontent.com/a-/ALV-UjXlOi7OqzxLaMvycsZKdARc-h2Z3LJxjWWJDaFtVR4OkLBaZQw8VQ=s120-c-rp-mo-ba5-br100', 'link': 'https://www.google.com/maps/contrib/105694403756925068276?hl=en-US', 'reviews': 166, 'photos': 814}",5,3 weeks ago,The new menu is mind-blowing has almost everything you need from pasta to bruschetta. The service is extremely good. Staffs are nice. Fresh lemon sorbet is out of the world. Has pretty good liquor options.,
Prego,"The Westin, Main Gulshan Ave, Dhaka 1212, Bangladesh",+880 1730-374873,https://www.marriott.com/hotels/hotel-information/restaurant/dacwi-the-westin-dhaka/,4.2,340,"{'name': 'Alamin Dewan', 'thumbnail': 'https://lh3.googleusercontent.com/a-/ALV-UjUiXw_xwKsGQsU3Eb4tv4gYN60JdF8Jq3ianSmk8vfC59KL88Wu=s120-c-rp-mo-ba2-br100', 'link': 'https://www.google.com/maps/contrib/102873564239993360650?hl=en-US', 'reviews': 6, 'photos': 39}",5,3 months ago,"Had a great dining experience at Prego. The Italian food was spot on—flavorful, fresh, and clearly made with a lot of care. Every dish we tried tasted amazing. The ambiance was elegant and well put together, which really added to the overall experience. From the moment we walked in, the staff made us feel very welcome. Service was excellent—friendly, attentive, and professional, just what you’d expect from a high-end restaurant. Definitely a place worth coming back to.",
Prego,"The Westin, Main Gulshan Ave, Dhaka 1212, Bangladesh",+880 1730-374873,https://www.marriott.com/hotels/hotel-information/restaurant/dacwi-the-westin-dhaka/,4.2,340,"{'name': 'Zahin', 'thumbnail': 'https://lh3.googleusercontent.com/a-/ALV-UjWggGcSTrIYr0SdHhm_pn_ts3MQmWwdW2dMgWZMyzvHsr18tcFUaA=s120-c-rp-mo-ba5-br100', 'link': 'https://www.google.com/maps/contrib/103646925307185827971?hl=en-US', 'reviews': 28, 'photos': 152}",5,4 months ago,"⭐⭐⭐⭐⭐
The prices are fair, and there are many options on the menu. It’s easy to get to, and the staff are very friendly. The place feels warm and welcoming, and the food is fresh and tasty.Wonderful food with lots of customers.  Still, we passed very fantastic quality time and enjoyed the food.
Prego remains a great Italian food place with proper 5 Star food experience! Try it's seafood, steak, chicken, pasta, pizza, salad and exceptional starters.  Last but not least,  their Lobster Thermidor is just fantastic! Great service.",
Prego,"The Westin, Main Gulshan Ave, Dhaka 1212, Bangladesh",+880 1730-374873,https://www.marriott.com/hotels/hotel-information/restaurant/dacwi-the-westin-dhaka/,4.2,340,"{'name': 'Lt Col Md Anisur Rahman Retd', 'thumbnail': 'https://lh3.googleusercontent.com/a-/ALV-UjV_F32RkNsNgPIvNi1F7isH4JY0Sa63-jAa6Z3-M1-4zWBdZ1JT6Q=s120-c-rp-mo-ba6-br100', 'link': 'https://www.google.com/maps/contrib/117440178702423882441?hl=en-US', 'reviews': 288, 'photos': 4438}",5,2 years ago,"Wonderful food with lots of customers.  Still, we passed very fantastic quality time and enjoyed the food.",
Prego,"The Westin, Main Gulshan Ave, Dhaka 1212, Bangladesh",+880 1730-374873,https://www.marriott.com/hotels/hotel-information/restaurant/dacwi-the-westin-dhaka/,4.2,340,"{'name': 'humaira azam', 'thumbnail': 'https://lh3.googleusercontent.com/a/ACg8ocLPSKkXn1yclxViI52sJlcAb0TYxyHSDwF7vlACUlvbFshwvQ=s120-c-rp-mo-ba4-br100', 'link': 'https://www.google.com/maps/contrib/108390755378138947631?hl=en-US', 'reviews': 41, 'photos': 177}",5,4 years ago,"Prego remains a great Italian food place with proper 5 Star food experience! Try it's seafood, steak, chicken, pasta, pizza, salad and exceptional starters.  Last but not least,  their Lobster Thermidor is just fantastic! Great service.",
Prego,"The Westin, Main Gulshan Ave, Dhaka 1212, Bangladesh",+880 1730-374873,https://www.marriott.com/hotels/hotel-information/restaurant/dacwi-the-westin-dhaka/,4.2,340,"{'name': 'Lawrence Hon', 'thumbnail': 'https://lh3.googleusercontent.com/a/ACg8ocJR4lvZpeL0ES6YqvDvfJ3TtzFrKaa1xPcczdQyQhSrZ1soqA=s120-c-rp-mo-ba5-br100', 'link': 'https://www.google.com/maps/contrib/113984024813894199921?hl=en-US', 'reviews': 252, 'photos': 926}",5,a year ago,"Upscale restaurant located on the 23rd floor of the Westin Hotel. The restaurant is an open kitchen concept, where you can see the chefs preparing the food. The restaurant it spacious with ample room between tables, and service is gracious and professional. Prices are on the higher side, but careful selection can help you avoid a hefty bill (for example, I chose salmon with pasta for 2800 BDT instead of grilled salmon for 7000 BDT, and still satisfied my seafood craving). Food was pretty delicious and a welcome break when you’ve eaten Bangladeshi food every other day.",
Prego,"The Westin, Main Gulshan Ave, Dhaka 1212, Bangladesh",+880 1730-374873,https://www.marriott.com/hotels/hotel-information/restaurant/dacwi-the-westin-dhaka/,4.2,340,"{'name': 'Abdul Hameed Al Ali', 'thumbnail': 'https://lh3.googleusercontent.com/a-/ALV-UjWUY3r-JICDVskByML3bSCJ9YXnbW5LwoIAcPnoTbIlgMhcm-E=s120-c-rp-mo-ba6-br100', 'link': 'https://www.google.com/maps/contrib/103814944584546092415?hl=en-US', 'reviews': 250, 'photos': 2474}",4,2 months ago,Special thanks a Mr. Arif,
Prego,"The Westin, Main Gulshan Ave, Dhaka 1212, Bangladesh",+880 1730-374873,https://www.marriott.com/hotels/hotel-information/restaurant/dacwi-the-westin-dhaka/,4.2,340,"{'name': 'Arif Mahmud Sujon', 'thumbnail': 'https://lh3.googleusercontent.com/a-/ALV-UjXEbWfXPbLxPL5xD8AkvCBBXNanb1Q6QlUYL-EHDlPRM4NzuzM7=s120-c-rp-mo-ba3-br100', 'link': 'https://www.google.com/maps/contrib/115790954143043809387?hl=en-US', 'reviews': 10, 'photos': 34}",5,3 weeks ago,This is a very good restaurant i recommend everyone to try,
The Grove Bistro,"Level 12, Hamid Tower, Gulshan Circle 2, Bangladesh",+880 1315-063084,N/A,4.5,1544,"{'name': 'Danica Yu', 'thumbnail': 'https://lh3.googleusercontent.com/a/ACg8ocIkSL4BkaiKSFYnsThnbTYIvj30-W36mYKhfz7rh-Fs_40xZQ=s120-c-rp-mo-ba2-br100', 'link': 'https://www.google.com/maps/contrib/112240565438256061641?hl=en-US', 'reviews': 7, 'photos': 34}",3,2 months ago,"I thought their chicken cordon bleu was very plain, the cappuccino was bitter, the cream mushroom soup was ok, and the tiramisu was just average. Although the ambiance was nice, the food was not to my taste.",
The Grove Bistro,"Level 12, Hamid Tower, Gulshan Circle 2, Bangladesh",+880 1315-063084,N/A,4.5,1544,"{'name': 'Taaif Mehadi', 'thumbnail': 'https://lh3.googleusercontent.com/a/ACg8ocJACTd2j8whCHelX47q6WkVwnTWSkdNWQCFiN8SeiPYnu2ntXwO=s120-c-rp-mo-ba5-br100', 'link': 'https://www.google.com/maps/contrib/113944573405569135424?hl=en-US', 'reviews': 184, 'photos': 280}",4,Edited a month ago,"I recently dined at this modern bistro and had an absolutely delightful experience! The atmosphere was chic yet cozy, perfect for a casual night out. We started with a bowl of soup, which was bursting with flavor and clearly made with fresh ingredients. The chicken gyro was a standout—tender, perfectly seasoned.

The fish and chips were equally impressive, with crispy batter encasing flaky, melt-in-your-mouth fish, served alongside golden fries. Finished with a nice brownie and ice cream.

The service was attentive and friendly, adding to the overall charm. I can’t wait to return to try more of their menu! Highly recommend this gem for a fresh, flavorful meal.",
The Grove Bistro,"Level 12, Hamid Tower, Gulshan Circle 2, Bangladesh",+880 1315-063084,N/A,4.5,1544,"{'name': 'Shahriar Amin', 'thumbnail': 'https://lh3.googleusercontent.com/a-/ALV-UjX59wKSPFKyWQf9LZI5IrYYFbNWIaS_gbHR1VX_Gn-akuH0L7Ed3A=s120-c-rp-mo-ba4-br100', 'link': 'https://www.google.com/maps/contrib/102909726479612078705?hl=en-US', 'reviews': 66, 'photos': 159}",5,5 months ago,"Beautifully topped with caramelized pineapple slices and a rich, dark sauce, possibly a teriyaki or balsamic glaze. The pineapple not only adds a vibrant visual appeal but also seems to offer a delightful sweet and tangy counterpoint to the savory meat. I had a well-prepared and flavorful meal. Great ambiance and top notch service from the staff.",
The Grove Bistro,"Level 12, Hamid Tower, Gulshan Circle 2, Bangladesh",+880 1315-063084,N/A,4.5,1544,"{'name': 'Nafis Iftekhar', 'thumbnail': 'https://lh3.googleusercontent.com/a-/ALV-UjWP67CUKgfJjZAFIdI2E-m1Y04Gvzv20MsPzABf1vX7vFkNDb5D=s120-c-rp-mo-ba5-br100', 'link': 'https://www.google.com/maps/contrib/117670029598342477083?hl=en-US', 'reviews': 128, 'photos': 635}",5,a year ago,One of those restaurants that has compelled me to leave a review. The food here is awesome. Nothing felt/tasted like it needed any improvement. The Chicken Cordon Bleu is the best I have had in Dhaka. The Grilled Chicken Mango Salad had a good amount of mango and the right balance. The Cream of Mushroom Soup was tasty and the bread enclosure it comes with helps its cause. The Apple Iced Tea had a nice balanced taste. But for me the star of the show was the Mango Pie. It truly was mesmerizing and the sweetness just felt right. It's now officially my favorite dessert in town.,
The Grove Bistro,"Level 12, Hamid Tower, Gulshan Circle 2, Bangladesh",+880 1315-063084,N/A,4.5,1544,"{'name': 'Areeta Ali', 'thumbnail': 'https://lh3.googleusercontent.com/a-/ALV-UjVE_71pODqK50m8cTkdbwZ9m9da0Z_ivJM_JifUUvdTfG23Xa7u=s120-c-rp-mo-ba3-br100', 'link': 'https://www.google.com/maps/contrib/104050298272660725017?hl=en-US', 'reviews': 14, 'photos': 97}",5,6 months ago,"The food was fantastic— the pasta was cooked perfectly al dente, and the sauce had an ideal consistency. The sliders were delicious, each with its own distinct flavor, especially the one with blue cheese. The atmosphere was pleasant, friendly, and not overly hectic. Although the food took a while to arrive, the great taste made it worth the wait.",
The Grove Bistro,"Level 12, Hamid Tower, Gulshan Circle 2, Bangladesh",+880 1315-063084,N/A,4.5,1544,"{'name': 'OSMAN GONI PORAN', 'thumbnail': 'https://lh3.googleusercontent.com/a-/ALV-UjX9oPEwUktthNOpXIplD5dmQlkkqFthxer9pg2ElHj1qzvPtLto=s120-c-rp-mo-ba6-br100', 'link': 'https://www.google.com/maps/contrib/116638502647407974528?hl=en-US', 'reviews': 163, 'photos': 1566}",5,3 months ago,"Last week I visited The Grove Bistro in Gulshan for the first time, and honestly, it was such a pleasant experience.
The first thing that caught my eye was the beautiful interior and calm atmosphere. With greenery all around and warm lighting, it felt like a peaceful escape from the busy city.

The staff were polite, friendly, and attentive. From taking my order to serving the food, everything was done smoothly and on time.

For my meal, I had [Bread Bowl and Fish with Chips] – it was fresh, flavorful, and perfectly balanced. The presentation was also spot‑on. The drinks were refreshing and complemented the meal really well.

Overall, it’s the kind of place where you get great food, a lovely environment, and genuinely good service all in one.
I’ll definitely be coming back and recommending it to my friends.",
The Grove Bistro,"Level 12, Hamid Tower, Gulshan Circle 2, Bangladesh",+880 1315-063084,N/A,4.5,1544,"{'name': 'Najmus Sakib', 'thumbnail': 'https://lh3.googleusercontent.com/a-/ALV-UjUUOQ3ezOLVJ2mGKvha6GWKJIRADIItWLuNaUubr9uyCxe8jPDa=s120-c-rp-mo-ba4-br100', 'link': 'https://www.google.com/maps/contrib/114091341529731652997?hl=en-US', 'reviews': 36, 'photos': 74}",5,Edited a month ago,"Nice as always
Retro Paris look
Food is excellent
Worth it",
The Grove Bistro,"Level 12, Hamid Tower, Gulshan Circle 2, Bangladesh",+880 1315-063084,N/A,4.5,1544,"{'name': 'Tasfiah Tasneem Richi', 'thumbnail': 'https://lh3.googleusercontent.com/a-/ALV-UjUy1BABniV-bzLDUC0qQOpx4rP4j5y8C1pJdQCWsshB83ShaEfE=s120-c-rp-mo-ba2-br100', 'link': 'https://www.google.com/maps/contrib/102356581501450701094?hl=en-US', 'reviews': 12, 'photos': 13}",5,11 months ago,"Great place to enjoy a quiet evening with friends, family and partners. It's a little on the expensive side but the food quality is definitely value for money. Would like to visit again. Although I'd like to mention that their Cream of mushroom soup in a bread bowl can seem a bit less in quantity due to the bread bowl being so thick, so other than that everything else is fine.",
Soi 71,"House-8 Rd 101, Dhaka 1212, Bangladesh",N/A,http://www.soi71.net/,4.2,1728,"{'name': 'Mahbub Rahman Nafee', 'thumbnail': 'https://lh3.googleusercontent.com/a-/ALV-UjWGG_rI0QHRHuouWzHjFbIsfOhG_tp02JE3jOO1OesHU-InJFTaGQ=s120-c-rp-mo-ba6-br100', 'link': 'https://www.google.com/maps/contrib/117128918231819158693?hl=en-US', 'reviews': 405, 'photos': 3869}",3,a week ago,"The best things about this place for me were it's ambiance, decor and service. The place is well designed and decorated. Gives you a very premium feel when you enter. They have both outdoor and indoor seating. There a lot of spaces for group seating as well. The service was very good. Staff were very helpful. The food was a bit of a let down. For the price they were charging, I felt one could get much better Thai cuisine at much cheaper prices and better taste. But I guess the ambiance and service sort of made up for it. But if you came for the sole purpose of having some proper, well made Thai cuisine, I'd suggest otherwise. But if you're looking to host a party, or get together with nice seating and decor, this could very well be an option. On the upper floor, they also seemed to have an option for buffet style, if you booked the whole area.",
Soi 71,"House-8 Rd 101, Dhaka 1212, Bangladesh",N/A,http://www.soi71.net/,4.2,1728,"{'name': 'Sohel rakib', 'thumbnail': 'https://lh3.googleusercontent.com/a-/ALV-UjWl4Lwge_tYdPrqrTjNR9fdz5g7TvZ6JgqfaM2473Oyud6tdDLS=s120-c-rp-mo-ba4-br100', 'link': 'https://www.google.com/maps/contrib/117640643533285079085?hl=en-US', 'reviews': 31, 'photos': 532}",4,a month ago,"Sei 71 Restaurant has a beautiful ambiance with elegant décor and a comfortable environment that enhances the dining experience. The food quality is quite good and well-presented. However, the prices feel a bit on the higher side compared to the portion and overall value. Great place for an occasional treat.",
Soi 71,"House-8 Rd 101, Dhaka 1212, Bangladesh",N/A,http://www.soi71.net/,4.2,1728,"{'name': 'Adnan Chowdhury', 'thumbnail': 'https://lh3.googleusercontent.com/a-/ALV-UjV0aL57fJRiC8kysRHdjwf1VFxdxuJu7k9KCYXt-TIgKyK1eZUN=s120-c-rp-mo-ba5-br100', 'link': 'https://www.google.com/maps/contrib/104125781187930441032?hl=en-US', 'reviews': 110, 'photos': 687}",3,a month ago,"Decor and ambience was amazing. The moment you step into the establishment you could tell they spent money and effort. It was Thursday night and place was packed. It’s a good thing we made reservations.

However, it’s like they spent all the effort on decor because food was very average. It did not live up to the expectations of the restaurant’s ambience. We ordered chicken satay which tasted like Kabab. Don’t get me wrong, it was tasty but it was not satay. Then we ordered prawn on toast which was great. Clear Thai soup which was bland at best. Hot and sour soup on the other hand, was very good. Fried rice was also bland, pad Thai was good, crab with chilli paste was a bit strange in the sense that it was just crab legs portions. Not the entire crab you get at other restaurants. Sizzling beef was oily. Chicken with cashew nut was also oily. So, food was hit and miss.

Service was very attentive.",
Soi 71,"House-8 Rd 101, Dhaka 1212, Bangladesh",N/A,http://www.soi71.net/,4.2,1728,"{'name': 'Azad Islam', 'thumbnail': 'https://lh3.googleusercontent.com/a-/ALV-UjXZMoywOnB7fXtLyx618tm58Zr2NsGRP4JfZlF7_P8hkbSQDuuh=s120-c-rp-mo-ba5-br100', 'link': 'https://www.google.com/maps/contrib/107327945746083044157?hl=en-US', 'reviews': 118, 'photos': 368}",5,a month ago,Well decorated. Price is little hig comparing taste. They serve cold drink cans like Coke/Sprite which are imported and price is very high. u should avoid these drinks. Bette to taste fresh fruit juices.,
Soi 71,"House-8 Rd 101, Dhaka 1212, Bangladesh",N/A,http://www.soi71.net/,4.2,1728,"{'name': 'MGRabby', 'thumbnail': 'https://lh3.googleusercontent.com/a-/ALV-UjXEn4eFVNtXgB1TGrrz39HxEoGF8L9_UNPcjsx29RW59258PZ198w=s120-c-rp-mo-ba6-br100', 'link': 'https://www.google.com/maps/contrib/113065378068349802716?hl=en-US', 'reviews': 434, 'photos': 3512}",4,a month ago,"Environment is excellent, some foods were below average, chicken satay were dry, coconut thai soup could be better, vegetable tempura was below average. Coconut ice cream was so good.",
Soi 71,"House-8 Rd 101, Dhaka 1212, Bangladesh",N/A,http://www.soi71.net/,4.2,1728,"{'name': 'Homaira Alam', 'thumbnail': 'https://lh3.googleusercontent.com/a/ACg8ocJscxFJcgN9lYCFiFfxzu47BX64t5jZ_WcMcRYkIlSOQppvTTs=s120-c-rp-mo-ba4-br100', 'link': 'https://www.google.com/maps/contrib/103277912910299814812?hl=en-US', 'reviews': 42, 'photos': 74}",5,5 months ago,"Soi 71 has a really nice vibe with a spacious and beautifully designed dining area, perfect for hanging out with family or friends. The interior looks great and super aesthetic. It's definitely a good spot for taking photos and a relaxed meal. It feels comfortable and welcoming, making it a nice place to just chill and enjoy some good food.",
Soi 71,"House-8 Rd 101, Dhaka 1212, Bangladesh",N/A,http://www.soi71.net/,4.2,1728,"{'name': 'Biddut Khoshnobish', 'thumbnail': 'https://lh3.googleusercontent.com/a-/ALV-UjUKUwt-a_eQnEUmm5RXksEOwBUnC1IGSUJ63wpirLCjKs2eU3sX=s120-c-rp-mo-ba6-br100', 'link': 'https://www.google.com/maps/contrib/115856417870160314794?hl=en-US', 'reviews': 110, 'photos': 2255}",4,6 months ago,"The ambience is truly praiseworthy, with an expanded seating area that’s perfect for group gatherings or parties. The food overall was quite good. However, the beef sizzling dish was a bit too salty—hope the chef pays closer attention to seasoning next time. Still, a nice place to hang out and enjoy a meal.",
Soi 71,"House-8 Rd 101, Dhaka 1212, Bangladesh",N/A,http://www.soi71.net/,4.2,1728,"{'name': 'Hasna Ahmed Tofa', 'thumbnail': 'https://lh3.googleusercontent.com/a/ACg8ocJogcYccCw4p2yB76dgWdUfr82Vbw-_pt29g09XwPnV-dmTMw=s120-c-rp-mo-br100', 'link': 'https://www.google.com/maps/contrib/112512646771415814335?hl=en-US', 'reviews': 2, 'photos': 3}",2,4 months ago,"If you want to take a lot of pictures, then this place is it. The interior is amazing. But if you want to have good food in the good atmosphere, then it is a bad idea. Their food is horrible. We waited for 30minutes for our food, then they served cold food and the taste is not even okay. I spent 9k there, but only we liked their appetisers. Also one of my friends visited them a few days ago and she was also talking about the same things.",
MANZO Restaurant Dhaka,"2nd Floor, কাসাব্লাংকা, 114 Gulshan Ave, Dhaka 1212, Bangladesh",+880 1329-668880,http://www.manzodhaka.com/,4.5,425,"{'name': 'Murdhonno', 'thumbnail': 'https://lh3.googleusercontent.com/a-/ALV-UjVfDfYK4sgXfHjpxEBtjXPxFUL0umw52OIPxwQxT_S3tVHsot8=s120-c-rp-mo-ba4-br100', 'link': 'https://www.google.com/maps/contrib/115745153210178961024?hl=en-US', 'reviews': 15, 'photos': 38}",5,a month ago,"Manzo establishes itself as a premier culinary destination within Dhaka, distinguished by its dedication to refined European and Mediterranean cuisine served in an exceptionally sophisticated setting. The ambiance is one of understated elegance, characterized by spacious, meticulously designed interiors featuring high-quality finishes and an intentional curation of contemporary local artwork. This environment is highly conducive to both professional engagements and celebratory occasions, ensuring a sense of calm and exclusivity that elevates the dining event.
​From a culinary perspective, the restaurant excels by focusing on both seasonal and locally-sourced produce, which informs a rotating menu of classic dishes executed with modern precision. Their weekend brunch service is particularly noteworthy, offering elevated interpretations of standards such as the Eggs Benedict and the comprehensive Breakfast Plate. The overall experience is further cemented by a commitment to impeccable, attentive service, where staff demonstrate a high degree of professionalism and discretion, making Manzo a truly polished and distinguished choice in the city’s fine dining landscape.",
MANZO Restaurant Dhaka,"2nd Floor, কাসাব্লাংকা, 114 Gulshan Ave, Dhaka 1212, Bangladesh",+880 1329-668880,http://www.manzodhaka.com/,4.5,425,"{'name': 'Zehra Ispahani', 'thumbnail': 'https://lh3.googleusercontent.com/a-/ALV-UjVIMArKLYd0cchxxPXyaPZIn1AiJaP6lo1BxzzIYB_KjrZ8CW5G6A=s120-c-rp-mo-ba4-br100', 'link': 'https://www.google.com/maps/contrib/116495855074246535999?hl=en-US', 'reviews': 74, 'photos': 216}",5,3 months ago,"Not our first time at this fine eatery. We ordered the Gambas, Beef Bruschetta, Beef Carpaccio, Braised Short Rib Fettuccine, Beef Tenderloin, Rib Eye, Beef Burger with a side of fries. Couldn’t fault a single item ordered. High standard quality and great service!",
MANZO Restaurant Dhaka,"2nd Floor, কাসাব্লাংকা, 114 Gulshan Ave, Dhaka 1212, Bangladesh",+880 1329-668880,http://www.manzodhaka.com/,4.5,425,"{'name': 'WAIWAI QD', 'thumbnail': 'https://lh3.googleusercontent.com/a-/ALV-UjXQoL3L04VxQWsRnmLBYUPzwEjRSZ2j3BDjJjBcCTuMLQjVOsU=s120-c-rp-mo-ba3-br100', 'link': 'https://www.google.com/maps/contrib/110175855157890390776?hl=en-US', 'reviews': 26, 'photos': 109}",5,2 months ago,"Don't have much dishes in the menu. Probably wanted to concentrate only the selected dishes for serving the best.
Indeed, every dish were super excellent!",
MANZO Restaurant Dhaka,"2nd Floor, কাসাব্লাংকা, 114 Gulshan Ave, Dhaka 1212, Bangladesh",+880 1329-668880,http://www.manzodhaka.com/,4.5,425,"{'name': 'Mike McGovern, Esq.', 'thumbnail': 'https://lh3.googleusercontent.com/a-/ALV-UjWDH_H9RHhxIXYasn4KLPjlqk2Qy9OL-tzY3uppsblBNQn7_Fnv=s120-c-rp-mo-ba5-br100', 'link': 'https://www.google.com/maps/contrib/109663504012979793687?hl=en-US', 'reviews': 73, 'photos': 361}",5,3 months ago,Good atmosphere for a quiet conversation over a delicious and well plated meal.  Menu standouts are the Grilled Octopus and the Slow Cooked Mutton Shank.,
MANZO Restaurant Dhaka,"2nd Floor, কাসাব্লাংকা, 114 Gulshan Ave, Dhaka 1212, Bangladesh",+880 1329-668880,http://www.manzodhaka.com/,4.5,425,"{'name': 'Samia Rashna Ahmed', 'thumbnail': 'https://lh3.googleusercontent.com/a/ACg8ocJ_b5gVWuWXGwglY5xBJVfH4hzu0xrsobKcA8yxqxY8DT8AHNU=s120-c-rp-mo-ba5-br100', 'link': 'https://www.google.com/maps/contrib/103229975540630748593?hl=en-US', 'reviews': 172, 'photos': 715}",5,Edited 11 months ago,"Manzo has excellent service and the ambiance is great. The food is on the expensive end though.
We tried their Butter seared scallops which was amazing. They give you 6 pieces.
We also tried their grilled octopus which wasn’t really up to the mark.
Lastly tried their beef tenderloin which was cooked to a perfect medium rare.
We also tried their drink Nirvana which was good.
The servers were very polite and helpful. Service was excellent.",
MANZO Restaurant Dhaka,"2nd Floor, কাসাব্লাংকা, 114 Gulshan Ave, Dhaka 1212, Bangladesh",+880 1329-668880,http://www.manzodhaka.com/,4.5,425,"{'name': 'Mazharul Islam Farhan', 'thumbnail': 'https://lh3.googleusercontent.com/a-/ALV-UjWjBsU0OmwFu3uKHc0SHR60EWTBth6ZSylTZgAGi-RXj1WxVSH1=s120-c-rp-mo-ba4-br100', 'link': 'https://www.google.com/maps/contrib/102628152086485223051?hl=en-US', 'reviews': 108, 'photos': 159}",3,Edited 4 months ago,The food was decent but it was a very pricey resturant according to me a gourmet soup for 1500tk seemed too much. Their complimentary bread was not complimenting at all felt soo cheap😂😂( amr bichi o er cheye boro). The fish that we had  tasted good but had a very fishy taste. If u are looking for a quiet fine dining resturant might be good choice for u.,
MANZO Restaurant Dhaka,"2nd Floor, কাসাব্লাংকা, 114 Gulshan Ave, Dhaka 1212, Bangladesh",+880 1329-668880,http://www.manzodhaka.com/,4.5,425,"{'name': 'Jain Halder', 'thumbnail': 'https://lh3.googleusercontent.com/a-/ALV-UjUkqjd73RCNQZJ5cwFLFbeDVpdnD4Kf156_FpADrlK7bL24neW8=s120-c-rp-mo-ba5-br100', 'link': 'https://www.google.com/maps/contrib/116101307028616683200?hl=en-US', 'reviews': 72, 'photos': 520}",5,4 months ago,"Absolutely perfect place for a date night! With dimly lit ambience and an impeccable taste for jazz this place takes the win. The food melts into your mouth, lingering even after days. An absolute delight to the tastebuds.",
MANZO Restaurant Dhaka,"2nd Floor, কাসাব্লাংকা, 114 Gulshan Ave, Dhaka 1212, Bangladesh",+880 1329-668880,http://www.manzodhaka.com/,4.5,425,"{'name': 'Irfan', 'thumbnail': 'https://lh3.googleusercontent.com/a-/ALV-UjX-YVTuDVZz1Pr8rQ1Au1nY8sFag3xyT7g2UuKhApuv_JzCBMdeEA=s120-c-rp-mo-ba4-br100', 'link': 'https://www.google.com/maps/contrib/113630812653737673103?hl=en-US', 'reviews': 88, 'photos': 225}",2,4 months ago,No doubt their food was amazing but they failed to give me my desired table. Yes I didn’t book a table in advance but there was no one in the whole restaurant when I was there and they kept on telling everything is reserved. They gave me a place beside their front desk and the printing sound or whatever kept damaging my date. I will come again with a reservation because I liked the food but they better quit this bullshit policy.,
Bella Italia,"Rangs FC Enclave , 2nd floor, Road 32, Plot 6/A Gulshan Ave, Dhaka 1212, Bangladesh",+880 1732-706038,N/A,4.3,2221,"{'name': 'Murdhonno', 'thumbnail': 'https://lh3.googleusercontent.com/a-/ALV-UjVfDfYK4sgXfHjpxEBtjXPxFUL0umw52OIPxwQxT_S3tVHsot8=s120-c-rp-mo-ba4-br100', 'link': 'https://www.google.com/maps/contrib/115745153210178961024?hl=en-US', 'reviews': 15, 'photos': 38}",5,a month ago,"Bella Italia offers a classic, comforting Italian experience that has cemented its status as a local favorite. The atmosphere manages to be simultaneously lively and intimate, evoking an old-timey Italian vibe with its charming decor and background music, which makes it perfect for a casual family meal or a laid-back dinner with friends. The environment is generally clean and comfortable, though the lighting can feel a bit too bright in the evenings; a minor detail, but something to note if you prefer moodier dining.
​The food, however, is the real reason for the consistent crowds. Bella Italia's strength lies in its authenticity and consistency, particularly with its famous thin-crust pizzas. Dishes like the Pizza Bolognese or the classic Quattro Formaggi arrive perfectly crisp and richly flavored, proving why they are considered some of the best in the city. Beyond the pizza, the menu features a dependable selection of rich pastas, such such as the Lasagne Al Forno. While the service can occasionally be slow during peak hours, the overall experience of enjoying genuinely satisfying Italian comfort food makes this restaurant a reliable staple.",
Bella Italia,"Rangs FC Enclave , 2nd floor, Road 32, Plot 6/A Gulshan Ave, Dhaka 1212, Bangladesh",+880 1732-706038,N/A,4.3,2221,"{'name': 'Shaniur T I M Nabi', 'thumbnail': 'https://lh3.googleusercontent.com/a-/ALV-UjWTChzXpsIU10FobFmcIObzxduqCINjHjUCKlfaiNGBJcytQtGRUg=s120-c-rp-mo-ba5-br100', 'link': 'https://www.google.com/maps/contrib/105935171723270394593?hl=en-US', 'reviews': 131, 'photos': 297}",4,4 months ago,"Good food, decent service. This was one of the earliest restaurants in Dhaka where you could get proper Italian pizza and pasta. Now although there are many alternatives, this place holds the classic vibe.

A range of pizza, pasta and classic Italian dishes to choose from. Very casual setting. Perfect for work lunch.",
Bella Italia,"Rangs FC Enclave , 2nd floor, Road 32, Plot 6/A Gulshan Ave, Dhaka 1212, Bangladesh",+880 1732-706038,N/A,4.3,2221,"{'name': 'Sumaiya Rahman Mina', 'thumbnail': 'https://lh3.googleusercontent.com/a-/ALV-UjWddn-LKOk0tMvAZ4XLFjy9PNOasjqIH7B_dLCPG73R0OwnblYOdQ=s120-c-rp-mo-ba3-br100', 'link': 'https://www.google.com/maps/contrib/118188741985903718322?hl=en-US', 'reviews': 22, 'photos': 30}",5,4 months ago,"Really nice place, beautiful Italian style interiors! Their coffee smells amazing as well as the pizza and pasta, the tomato flavour on pasta initially didn't feel right but it got better with every bite, but I'm not giving entirely 5 star because I Didn't like their Tiramisu at all, It's more of a coffee ice cream rather than tiramisu, so wouldn’t recommend it. But overall, a good experience.",
Bella Italia,"Rangs FC Enclave , 2nd floor, Road 32, Plot 6/A Gulshan Ave, Dhaka 1212, Bangladesh",+880 1732-706038,N/A,4.3,2221,"{'name': 'Hirista Moni', 'thumbnail': 'https://lh3.googleusercontent.com/a/ACg8ocLQdDbAWx8IbqgWGVOsmGIuIZryJNNlzcgsfMKErkyPMMKj_w=s120-c-rp-mo-br100', 'link': 'https://www.google.com/maps/contrib/114729919318211357908?hl=en-US', 'reviews': 1, 'photos': 2}",1,a month ago,"So we were at bella italia,  everything was good at first but at the end i got a tiny hair in my pasta,  i called service people but they just said they Don't how It's happened!!!! Very awkward. It was our first visit. Except all this food was good but need to maitain more personal hygiene.",
Bella Italia,"Rangs FC Enclave , 2nd floor, Road 32, Plot 6/A Gulshan Ave, Dhaka 1212, Bangladesh",+880 1732-706038,N/A,4.3,2221,"{'name': 'M Rahman', 'thumbnail': 'https://lh3.googleusercontent.com/a-/ALV-UjWL5Tgb60QQo0YuiTd8uPkHos2cPnvk7XY6zj0YlkwKR_XI6qIw=s120-c-rp-mo-ba5-br100', 'link': 'https://www.google.com/maps/contrib/114257211301701034431?hl=en-US', 'reviews': 78, 'photos': 514}",5,a year ago,Only downside is the restaurant is over lit and way too bright during the evening. They need to invest in proper quality lighting that’s not to dazzling. Food is always very consistent and tasty with good sized portions.,
Bella Italia,"Rangs FC Enclave , 2nd floor, Road 32, Plot 6/A Gulshan Ave, Dhaka 1212, Bangladesh",+880 1732-706038,N/A,4.3,2221,"{'name': 'Ziaul Haque', 'thumbnail': 'https://lh3.googleusercontent.com/a-/ALV-UjXxUFriI6eflq_BHwcaGXUWJVXO__OOFqbG0J-PXKmv6o8GqxfXrg=s120-c-rp-mo-ba7-br100', 'link': 'https://www.google.com/maps/contrib/113387280461050693964?hl=en-US', 'reviews': 688, 'photos': 12000}",5,a year ago,"I always grew up hearing that it's the best Thin Crust Pizza 🍕 of town and undoubtedly it is. For some weird reason, I've never had the chance to go to this place until recently.
I took Four Cheese (quattro formaggi) Pizza with add ons of Ground Beef. Oh Man, it was delicious 🤤.
5/5 any given day.
Loved it.
Ambiance is nice, they also have some parking. All in all, amazing.",
Bella Italia,"Rangs FC Enclave , 2nd floor, Road 32, Plot 6/A Gulshan Ave, Dhaka 1212, Bangladesh",+880 1732-706038,N/A,4.3,2221,"{'name': 'WAIWAI QD', 'thumbnail': 'https://lh3.googleusercontent.com/a-/ALV-UjXQoL3L04VxQWsRnmLBYUPzwEjRSZ2j3BDjJjBcCTuMLQjVOsU=s120-c-rp-mo-ba3-br100', 'link': 'https://www.google.com/maps/contrib/110175855157890390776?hl=en-US', 'reviews': 26, 'photos': 109}",5,Edited 2 years ago,"So excited when I saw a word of 'Artichoke' in the menu since never thought able to enjoy artichoke in Bangladesh...

Provides authetic Italian's 'Mamma' recipes without changing taste to match Bangladesh tongue.

Tomato sauce is wonderful in both pasta and pizza.

Pizza dough is thin and crispy, just like the one served in Italia.
You can recognize the difference from other restaurants once you take it.

Prices are reasonable.

Sep30
Took a famous Italian dish called 'Vittelo Tonato', and and was very good❤",
Bella Italia,"Rangs FC Enclave , 2nd floor, Road 32, Plot 6/A Gulshan Ave, Dhaka 1212, Bangladesh",+880 1732-706038,N/A,4.3,2221,"{'name': 'Mihran', 'thumbnail': 'https://lh3.googleusercontent.com/a/ACg8ocLGdMf6a0N9WG25C1bdjXjSB_Kpa_hyii9bp-GhNxXviL_JMQ=s120-c-rp-mo-br100', 'link': 'https://www.google.com/maps/contrib/108011898951637661992?hl=en-US', 'reviews': 12, 'photos': 1}",5,a month ago,"Amazing food, their pasta is very fresh, i tried the fettuccini pomodoro secchi and the sauce was very bright and the tomatos were super juicy the shrimp could bw a bit more tender tho. The pizza was absolutely fantastic the crust was very light and crispy and the sauce is very fresh",
Koreana Restaurant,"House No, 22 Rd 123, Dhaka 1212, Bangladesh",+880 1621-212334,https://menu.bdkoreana.com/,4.4,2811,"{'name': 'Dilshad Akhi', 'thumbnail': 'https://lh3.googleusercontent.com/a/ACg8ocKcSqLlA781NmbVruUJt1TbFj54niN3zcnU5yCB-cTFJjhMiO98=s120-c-rp-mo-ba3-br100', 'link': 'https://www.google.com/maps/contrib/111394703920880324142?hl=en-US', 'reviews': 12, 'photos': 29}",5,a month ago,"I have been going to this place for years, if you have a taste bud for authentic Korean food this place is for you . Their taste and ambience is top notch ! Also for foreigners byob a available",
Koreana Restaurant,"House No, 22 Rd 123, Dhaka 1212, Bangladesh",+880 1621-212334,https://menu.bdkoreana.com/,4.4,2811,"{'name': 'Sumaita Ahmed', 'thumbnail': 'https://lh3.googleusercontent.com/a-/ALV-UjU5ygseGhJOEB8YxjTAwGSgNIZHplUvBAVEjsd3dF95GMvEHP_z=s120-c-rp-mo-ba3-br100', 'link': 'https://www.google.com/maps/contrib/116168052553267716281?hl=en-US', 'reviews': 48, 'photos': 67}",5,3 months ago,"Very authentic korean food. Loved it. The dumplings. The chicken and shrimp jumulleok was amazing. Did not like the chicken bulgogi much, it tasted very different to what I had abroad. The pan fried beef dumplings were amazing as well. Will definitely go again.",
Koreana Restaurant,"House No, 22 Rd 123, Dhaka 1212, Bangladesh",+880 1621-212334,https://menu.bdkoreana.com/,4.4,2811,"{'name': 'Mafinar Khan', 'thumbnail': 'https://lh3.googleusercontent.com/a-/ALV-UjW_3Mu03VYmcH5dtN2QzNUffD_zUoOxvU6ZBTER4plKFmEBAOw0Lw=s120-c-rp-mo-ba5-br100', 'link': 'https://www.google.com/maps/contrib/117825429842747365616?hl=en-US', 'reviews': 34, 'photos': 1304}",5,7 months ago,"Loved that place. The food tastes amazing.

We tried glass noodles, seafood barbecue, salmon sashimi, Korean fried chicken, and soups.

No complains. The ambience was good, servers super nice, price reasonable.

I would say this is a great place to enjoy Korean food in Dhaka - especially noodles and grills.",
Koreana Restaurant,"House No, 22 Rd 123, Dhaka 1212, Bangladesh",+880 1621-212334,https://menu.bdkoreana.com/,4.4,2811,"{'name': 'Jaz Khan', 'thumbnail': 'https://lh3.googleusercontent.com/a/ACg8ocLGSCSKiOvTyjNbiogsAtHWVtRiS9AQjqdYwHd0iDquLHXcsnsw=s120-c-rp-mo-ba6-br100', 'link': 'https://www.google.com/maps/contrib/101121074206496752875?hl=en-US', 'reviews': 316, 'photos': 1086}",5,10 months ago,"I recently discovered an incredible spot to satisfy my Korean food cravings in Bangladesh. The very first bite of the Spicy Braised Chicken was like an explosion of flavors that felt like love at first bite. Each dish we tried was nothing short of amazing. The variety ranged from delectable seafood to mouth-watering chicken options. The Spicy Braised Chicken is a standout, an absolute must-try. The Korean Seasoned Fried Chicken, coated in a gochujang sauce, was equally impressive and left a lasting impression. And let’s not forget about the soups—they were the perfect companions to the cold weather, offering warmth and comfort in every spoonful. This place truly feels like a haven of comfort food, and I can’t wait to go back.",
Koreana Restaurant,"House No, 22 Rd 123, Dhaka 1212, Bangladesh",+880 1621-212334,https://menu.bdkoreana.com/,4.4,2811,"{'name': 'Sushmita Saha', 'thumbnail': 'https://lh3.googleusercontent.com/a/ACg8ocJQuO2SQc30YXrQWWgn-cCz_EPJB0PZhxGyfjiz5qeTcCz0Ng=s120-c-rp-mo-ba4-br100', 'link': 'https://www.google.com/maps/contrib/106699437991678461614?hl=en-US', 'reviews': 51, 'photos': 190}",5,4 months ago,"The menu has so many options that I was lost! Kimbap was good, so was the Miso soup. Tteokbokki was not good, it was so so heavy. Liked the kimchi, especially the cabbage one!",
Koreana Restaurant,"House No, 22 Rd 123, Dhaka 1212, Bangladesh",+880 1621-212334,https://menu.bdkoreana.com/,4.4,2811,"{'name': 'Akash Bacher', 'thumbnail': 'https://lh3.googleusercontent.com/a/ACg8ocILfWkHZudTq0CiYwqnzo8C3gtD8EUYNC_FLh5VwNKdf7-TxQ=s120-c-rp-mo-ba5-br100', 'link': 'https://www.google.com/maps/contrib/107867572534123320593?hl=en-US', 'reviews': 204, 'photos': 346}",2,4 months ago,"The food is below average because they don't give enough meat. The bulgogi was all garlic/ onions, no meat. Shrimp sushi was good. The cuttlefish item was also lot of sauce and no cuttlefish. I was going to order the ribs but thank God I didn't as it would have been just bones. Sad that they don't give enough ingredients because its not cheap. I wonder if they have two types of service, more meat for expats and onion and gravy for locals because it was full of expats and surely they wont stand for saucy garlic in the name of Bulgogi. I miss Arirang, top notch it was in every way!!!!!",
Koreana Restaurant,"House No, 22 Rd 123, Dhaka 1212, Bangladesh",+880 1621-212334,https://menu.bdkoreana.com/,4.4,2811,"{'name': 'Ziaul Haque', 'thumbnail': 'https://lh3.googleusercontent.com/a-/ALV-UjXxUFriI6eflq_BHwcaGXUWJVXO__OOFqbG0J-PXKmv6o8GqxfXrg=s120-c-rp-mo-ba7-br100', 'link': 'https://www.google.com/maps/contrib/113387280461050693964?hl=en-US', 'reviews': 688, 'photos': 12000}",4,a year ago,"I've had a very nice experience at Koreana the other day. Five of us went there for dinner. We have tried multiple items including Beef/Sea Food. Overall loved the food experience. The ambiance is quite nice. It's a bit pricey but the experience is worth it. You can cook on your own if you want or the servers will do that for you. It's a very popular place, in peak time there's a queue to get a seat.",
Koreana Restaurant,"House No, 22 Rd 123, Dhaka 1212, Bangladesh",+880 1621-212334,https://menu.bdkoreana.com/,4.4,2811,"{'name': 'Aryan Nickita', 'thumbnail': 'https://lh3.googleusercontent.com/a-/ALV-UjUbsL321yiOuuQ3n2isPOpMzHvT4mEosIPx4FeSq-7sVXQ_t-7H=s120-c-rp-mo-br100', 'link': 'https://www.google.com/maps/contrib/107923476433037685428?hl=en-US', 'reviews': 4, 'photos': 3}",5,a month ago,"Today I tried a Korean restaurant for the first time! The food was amazing — I ordered bibimbap and kimchi stew, and the flavors were so unique and delicious. The side dishes (banchan) came in little plates, and I loved trying all of them, especially the spicy radish. The staff were friendly, and the atmosphere made me feel like I was in Seoul. Definitely going back again!",
Palm View Restaurant,"Dhaka, Bangladesh",+880 1714-422566,N/A,4.2,2431,"{'name': 'Amit khan', 'thumbnail': 'https://lh3.googleusercontent.com/a-/ALV-UjXOBZ7pgj142FqTp7C0FzHsqJj2zudHgeQ8V7QGAgG88skJnh4=s120-c-rp-mo-ba4-br100', 'link': 'https://www.google.com/maps/contrib/107683694851037933605?hl=en-US', 'reviews': 74, 'photos': 65}",5,a month ago,"I visited Palm View Restaurant for my cousin’s wedding and had a wonderful experience! The ambiance was beautiful and perfect for such a celebration. The food was delicious, the service was attentive, and everything was well-organized. It felt safe and very pleasant. Highly recommended for weddings and special occasions! 🎉✨",
Palm View Restaurant,"Dhaka, Bangladesh",+880 1714-422566,N/A,4.2,2431,"{'name': 'Md Ariyan', 'thumbnail': 'https://lh3.googleusercontent.com/a/ACg8ocK9DuOXdBj-dqLkowzLOGsTiaxUmzd3BTwg3KtRAWmXm-iHvg=s120-c-rp-mo-br100', 'link': 'https://www.google.com/maps/contrib/113755130287320834825?hl=en-US', 'reviews': 1, 'photos': 0}",5,3 months ago,"Amazing experience at Palm View Restaurant!
The food was absolutely delicious, and the ambiance was so relaxing. The staff were very friendly and professional. A great place to hang out with family or friends. Highly recommended! 🌟🌟🌟🌟🌟",
Palm View Restaurant,"Dhaka, Bangladesh",+880 1714-422566,N/A,4.2,2431,"{'name': 'Ahonaf Rafe', 'thumbnail': 'https://lh3.googleusercontent.com/a-/ALV-UjVCbiwr586hOPpTDB2K3RmDFVcMSn_OmBa5rIoicOh5Ol5zKlY=s120-c-rp-mo-br100', 'link': 'https://www.google.com/maps/contrib/104091505104978473988?hl=en-US', 'reviews': 1, 'photos': 0}",5,3 months ago,"visited Palm View Restaurant and had a wonderful experience! The food was delicious—especially their coffee and desserts, which were amazing. The ambiance was cozy and relaxing, making the meal even more enjoyable. The staff were friendly and provided quick, attentive service. It’s also a great spot for solo dining.
I’ll definitely be coming back here again!",
Palm View Restaurant,"Dhaka, Bangladesh",+880 1714-422566,N/A,4.2,2431,"{'name': 'mahfujur rahman', 'thumbnail': 'https://lh3.googleusercontent.com/a-/ALV-UjXfJ5tn24vH26na5KWUg0ob2S-SV-jLN62xtHvN7_LfY_wp8d2C=s120-c-rp-mo-br100', 'link': 'https://www.google.com/maps/contrib/114755807849997371175?hl=en-US', 'reviews': 2, 'photos': 0}",5,3 months ago,"A restaurant is a place where people go to eat food. It offers different types of meals like breakfast, lunch, and dinner. Some restaurants serve local food, while others serve international dishes. People go there with family or friends to enjoy tasty food and relax. Restaurants also provide good service and a comfortable environment. It is a popular place for celebrations and gatherings.",
Palm View Restaurant,"Dhaka, Bangladesh",+880 1714-422566,N/A,4.2,2431,"{'name': 'Abraaz Ahmed Mahi', 'thumbnail': 'https://lh3.googleusercontent.com/a-/ALV-UjVOMLcJ-JWqYRHjTOxTrQfbP3BqnAiSEr7yMEvCahJjZno54w_ghg=s120-c-rp-mo-ba5-br100', 'link': 'https://www.google.com/maps/contrib/112695801296094915734?hl=en-US', 'reviews': 231, 'photos': 1379}",4,a year ago,"Good arrangements but full with mosquitos in the evening program.

Ample parking, spacious but internal cleaning should be improved. Water bottles were stacked here and there. Wash rooms are required to be improved.",
Palm View Restaurant,"Dhaka, Bangladesh",+880 1714-422566,N/A,4.2,2431,"{'name': 'Apu Jaman', 'thumbnail': 'https://lh3.googleusercontent.com/a-/ALV-UjXCAub9Jjmf1MTA7-7l9l4azgzkw8HvJhGpjYlr6FJk7mIAo72nbQ=s120-c-rp-mo-ba5-br100', 'link': 'https://www.google.com/maps/contrib/105516236529421592952?hl=en-US', 'reviews': 118, 'photos': 203}",4,5 months ago,They serve good tasty and delicious combo platters.,
Palm View Restaurant,"Dhaka, Bangladesh",+880 1714-422566,N/A,4.2,2431,"{'name': 'tanjina akter', 'thumbnail': 'https://lh3.googleusercontent.com/a/ACg8ocKei5nSVXtXM_WD66Kd0GEgmf_Oib6qUh-CZwOUHh8R8dMO2Q=s120-c-rp-mo-br100', 'link': 'https://www.google.com/maps/contrib/107239942509846812693?hl=en-US', 'reviews': 2, 'photos': 0}",1,3 months ago,"The food is very delicious and the behavior of the staffs are very good. Also they have peaceful environment to enjoy.
Rating - 9/10",
Palm View Restaurant,"Dhaka, Bangladesh",+880 1714-422566,N/A,4.2,2431,"{'name': 'Rashedun Nobi Nirzhor', 'thumbnail': 'https://lh3.googleusercontent.com/a-/ALV-UjXOVXJAOsMs6UtERgx-OsKnS1r5nAIpArQManh0DrLvxI4zJ5XGSA=s120-c-rp-mo-ba5-br100', 'link': 'https://www.google.com/maps/contrib/102182608670659385115?hl=en-US', 'reviews': 192, 'photos': 751}",4,2 years ago,"During my recent visit to Palm View Restaurant after a decade, the first thing that caught my attention was the impressive ambiance and atmosphere. Situated alongside a golf course, the restaurant offers delightful views, particularly from its semi-outdoor seating area. The establishment was not overly crowded, allowing me to relish the tranquility and peacefulness.

Regarding the food, we decided to begin with a combination starter consisting of chicken fry, prawn on toast, and chicken wonton. For our main course, we selected Chicken Valencia and Spaghetti Bolognese. While the food was not exceptionally outstanding, it was still tasty. The prawn on toast was satisfactory, and the crispy layer of the fried chicken could have been improved. However, the quantity of food provided for the main course more than justified the price. Both the spaghetti and the chicken portion were generous enough for a single person. I believe that slightly reducing the dryness of the spaghetti would greatly enhance its overall appeal.

All in all, it was a highly enjoyable experience for me. The quality and quantity of the food, along with the reasonable pricing and inviting ambiance, convinced me that I would definitely recommend this restaurant to anyone seeking a family dinner or a gathering.",
Oro Dhaka,"6/A, Rangs FC 2 corner of Rd 32 and, Gulshan Ave, Dhaka 1212, Bangladesh",+880 1930-555000,http://orodhaka.com/,4.4,603,"{'name': 'Sanita Salim', 'thumbnail': 'https://lh3.googleusercontent.com/a/ACg8ocL0dVRS-Yd9lkNz_L-ccYDe1I5D9Wv64pQ1tR-9nEimM6gpYwbm=s120-c-rp-mo-ba5-br100', 'link': 'https://www.google.com/maps/contrib/100943523392701091045?hl=en-US', 'reviews': 103, 'photos': 781}",5,a month ago,"I normally don't give 10/10 review to any restaurants. But honestly this is an impeccable restaurant. Best food in dhaka. Love the combination of each dish. So harmonies and flattering each mains and even sides. Its a must try. Yes its a proper fine dining restaurant, still worth every penny. Quality of the salmon, tenderloin steak, scallops, mushrooms everything is a symphony.",
Oro Dhaka,"6/A, Rangs FC 2 corner of Rd 32 and, Gulshan Ave, Dhaka 1212, Bangladesh",+880 1930-555000,http://orodhaka.com/,4.4,603,"{'name': 'Sabreen Siraz Nandini', 'thumbnail': 'https://lh3.googleusercontent.com/a-/ALV-UjWHabRqLKqHDSnbDDWrIhK2ylEyIhYwFvFYaTC0oPjkaCrDkEk6Eg=s120-c-rp-mo-ba4-br100', 'link': 'https://www.google.com/maps/contrib/104521714556427607025?hl=en-US', 'reviews': 73, 'photos': 509}",5,2 months ago,"ORO is our ultimate favourite for burgers and pasta… i go again and again for the burger… love their presentation, ambience and overall quality and service…
Price moderately expensive.. but worth of the quality and taste!! Pre reservation is needed… which is good.. you don’t need to wait…",
Oro Dhaka,"6/A, Rangs FC 2 corner of Rd 32 and, Gulshan Ave, Dhaka 1212, Bangladesh",+880 1930-555000,http://orodhaka.com/,4.4,603,"{'name': 'Mike McGovern, Esq.', 'thumbnail': 'https://lh3.googleusercontent.com/a-/ALV-UjWDH_H9RHhxIXYasn4KLPjlqk2Qy9OL-tzY3uppsblBNQn7_Fnv=s120-c-rp-mo-ba5-br100', 'link': 'https://www.google.com/maps/contrib/109663504012979793687?hl=en-US', 'reviews': 73, 'photos': 361}",5,3 months ago,"One of the better Western style restaurants in Metro Dhaka.  Open Kitchen design, nicely appointed interior and high quality, tastefully plated cuisine.  Menu standouts would be the Beef Tongue Tacos, the Scallop Duxelles, the Bone Marrow, and, of course, the Wagyu Steak.  Excellent for takeout / Grab Food too if you just want a good meal while working thru Dinner at the Hotel.",
Oro Dhaka,"6/A, Rangs FC 2 corner of Rd 32 and, Gulshan Ave, Dhaka 1212, Bangladesh",+880 1930-555000,http://orodhaka.com/,4.4,603,"{'name': 'Asma Hossain (Asma Khatun)', 'thumbnail': 'https://lh3.googleusercontent.com/a-/ALV-UjWOJ7D_F8ijRFjgZP4GvURmyu3_fXDxGfe-lWws-8NmYBOHx60oeg=s120-c-rp-mo-ba4-br100', 'link': 'https://www.google.com/maps/contrib/104456189784690533148?hl=en-US', 'reviews': 23, 'photos': 172}",5,2 months ago,"It's  great . Foods are very yummy,  food presentation is very stylishly served. Interiors is nice. service good . Expensive restaurant.
I love this restaurant.",
Oro Dhaka,"6/A, Rangs FC 2 corner of Rd 32 and, Gulshan Ave, Dhaka 1212, Bangladesh",+880 1930-555000,http://orodhaka.com/,4.4,603,"{'name': 'Md.Nabeel Faizul Karim', 'thumbnail': 'https://lh3.googleusercontent.com/a-/ALV-UjWDQVtE2DGY3KT3wTleSjiqNWmKpKhPyIqnUmy5gceww9u-dtz1Vw=s120-c-rp-mo-ba4-br100', 'link': 'https://www.google.com/maps/contrib/101366768491309162447?hl=en-US', 'reviews': 39, 'photos': 72}",4,4 months ago,"The ambience is very nice and classy, it is beautifully decorated. The pricing might be high but the ingredients are extremely premium and fresh, which makes up for the high price. The taste is also really good. The service is excellent, the food was served very quickly. Overall, recommended if you are looking for a fine dining restaurant.",
Oro Dhaka,"6/A, Rangs FC 2 corner of Rd 32 and, Gulshan Ave, Dhaka 1212, Bangladesh",+880 1930-555000,http://orodhaka.com/,4.4,603,"{'name': 'Alun Evans', 'thumbnail': 'https://lh3.googleusercontent.com/a-/ALV-UjWmkD7qKOBZP_ITh1GhC_ZpGJfQ0zWHCe7L-68d-jXVa07T28SR=s120-c-rp-mo-ba6-br100', 'link': 'https://www.google.com/maps/contrib/116555095795832646039?hl=en-US', 'reviews': 440, 'photos': 782}",4,6 months ago,"We dined for lunch at Oro. We liked the design of the restaurant- we were downstairs. High ceiling and off gold paint work. A nice open kitchen- beautiful exhaust hood.

We thought service was a bit off ve other restaurants we visited. The waiter who served us was gruff and simply not very friendly.

Food ordered- burger was ok- the frites were very good. The two pastas - seafood with the home made pappardelle was excellent. The red sauce arrabiata was average.  However we didn’t think the chicken was very good at all!

Overall 4 people - house water and 4 plates came to 6000taka… 1500 each. I think the service on the day was the let down.

We will try again",
Oro Dhaka,"6/A, Rangs FC 2 corner of Rd 32 and, Gulshan Ave, Dhaka 1212, Bangladesh",+880 1930-555000,http://orodhaka.com/,4.4,603,"{'name': 'Impa Farazy', 'thumbnail': 'https://lh3.googleusercontent.com/a/ACg8ocLTE4Ab_VeP2nERdfkivK8P_wXbYfAxAmDBTeYXqrhWd7-umw=s120-c-rp-mo-ba4-br100', 'link': 'https://www.google.com/maps/contrib/101493822100157718531?hl=en-US', 'reviews': 53, 'photos': 126}",5,7 months ago,"Delicious! Splendid ambiance and great service. We ordered a beet root and goat cheese starter, accompanied by three mains: beef tongue tortillas, alfredo fettuccine with chicken parmesan, and a medium cooked tenderloin steak; finally finished it off with a scoop of salted caramel and chocolate gelato. The food was very tasty, many vibrant flavours! Would recommend all the dishes we mentioned above.",
Oro Dhaka,"6/A, Rangs FC 2 corner of Rd 32 and, Gulshan Ave, Dhaka 1212, Bangladesh",+880 1930-555000,http://orodhaka.com/,4.4,603,"{'name': 'Md Shahadat Hossain Shoyshob', 'thumbnail': 'https://lh3.googleusercontent.com/a-/ALV-UjVCzukLk-AqzlZv3Sy2L996LoG1rd5agbQieOMB8CyA7i34X5K0AQ=s120-c-rp-mo-ba4-br100', 'link': 'https://www.google.com/maps/contrib/115412521684077493604?hl=en-US', 'reviews': 143, 'photos': 68}",5,3 weeks ago,Loved their food and the service. All their items are sourced carefully and cooked perfectly.,
Koyla Restaurant,"411 Bir Uttam Mir Shawkat Sarak, Dhaka 1208, Bangladesh",+880 1633-333383,https://koylabd.com/,4.2,2749,"{'name': 'Yead Rahman Nirzhar', 'thumbnail': 'https://lh3.googleusercontent.com/a-/ALV-UjULcWr4aXOZuE-xeDfzBQSG9hNWZtR1-9fCCZsQPfiSRMH22EAK=s120-c-rp-mo-ba3-br100', 'link': 'https://www.google.com/maps/contrib/116228710789923110001?hl=en-US', 'reviews': 14, 'photos': 49}",4,4 months ago,"Koyla Restaurant in Niketon, Dhaka offers a classic and elegant environment, perfect for a relaxed dining experience. The food is known for being less oily compared to many other Indian-style eateries, which adds to its appeal for health-conscious diners. Dishes like kebabs, curries, and biryani are prepared with fresh ingredients and deliver a good balance of flavor without overwhelming spices. The service is courteous and the ambiance is well-maintained, adding to the overall experience. While the prices are slightly on the higher side, the quality and setting make it worth a visit.",
Koyla Restaurant,"411 Bir Uttam Mir Shawkat Sarak, Dhaka 1208, Bangladesh",+880 1633-333383,https://koylabd.com/,4.2,2749,"{'name': 'Asif Aman Jihad', 'thumbnail': 'https://lh3.googleusercontent.com/a-/ALV-UjVbYI8hNU27PJAZLC6s3dgYpBSNH_U9TUjB9YQShbDqHUIFf7K6cQ=s120-c-rp-mo-ba3-br100', 'link': 'https://www.google.com/maps/contrib/115642858846615754174?hl=en-US', 'reviews': 36, 'photos': 76}",4,2 months ago,Their service is undeniable best. Their food quality can be upgrade. I love the kabab but not a fan for the nun.,
Koyla Restaurant,"411 Bir Uttam Mir Shawkat Sarak, Dhaka 1208, Bangladesh",+880 1633-333383,https://koylabd.com/,4.2,2749,"{'name': 'Mokit Hossain', 'thumbnail': 'https://lh3.googleusercontent.com/a-/ALV-UjWv8N6HGzPCCFoGjsjYcveGkH9kax-536nSaEjzdowdpOXCY6Q6lw=s120-c-rp-mo-ba7-br100', 'link': 'https://www.google.com/maps/contrib/108953325624988526671?hl=en-US', 'reviews': 286, 'photos': 5662}",4,10 months ago,"This is a medium sized restaurant located near Police Plaza on the ground floor of the building. There is no dedicated parking so most people park on the roadside. The entrance is wheelchair accessible.

The restaurant specializes in kebabs and Indian dishes. I highly recommend their kebab items as they are quite flavorful. However, I would advise against ordering the Hyderabadi Biryani as it’s not up to the mark. Overall, the food tastes decent.

The staff are friendly and their recommendations are generally good. It's a suitable place for both family gatherings and office events. I would recommend making a reservation in advance for events. However, the washroom facilities could be improved.",
Koyla Restaurant,"411 Bir Uttam Mir Shawkat Sarak, Dhaka 1208, Bangladesh",+880 1633-333383,https://koylabd.com/,4.2,2749,"{'name': 'MD. Munim Bin Salim', 'thumbnail': 'https://lh3.googleusercontent.com/a-/ALV-UjWTsYLn3HR7aqUB_7vIADjBcoWlqETydYvE_pc8L92mp9IhGG5S=s120-c-rp-mo-ba5-br100', 'link': 'https://www.google.com/maps/contrib/113179879737515160037?hl=en-US', 'reviews': 146, 'photos': 693}",5,Edited 2 years ago,"We used to go there regularly. Recently visited there after a gap of about 7 years. It felt great to find that, the amazing taste of their food haven't changed a bit, at all. They have maintained the same great presentation, taste, quality and service.

Note: most of their single serving dishes are too much for one person. So order with keeping it in mind. If you are visiting there in a group, this tip may come in handy to save costs and reduce waste.

They don't have a dedicated parking. Cars must be parked in front of the restaurant, where the space is limited.",
Koyla Restaurant,"411 Bir Uttam Mir Shawkat Sarak, Dhaka 1208, Bangladesh",+880 1633-333383,https://koylabd.com/,4.2,2749,"{'name': 'Kazi Humayun Rashid', 'thumbnail': 'https://lh3.googleusercontent.com/a-/ALV-UjUSEugsEP4MrCW36eyiYGQ3b3VXLAkRJBFWDLBmbwbHMmhhCSOg=s120-c-rp-mo-ba5-br100', 'link': 'https://www.google.com/maps/contrib/108211019565441773081?hl=en-US', 'reviews': 95, 'photos': 1228}",4,8 months ago,"Koyla Restaurant, established in 2008, is a distinguished dining destination in Dhaka, renowned for its authentic Indian and Afghan Mughal cuisine. Situated at 411 Bir Uttam Mir Shawkat Sarak, Tejgaon-Gulshan Link Road, the restaurant offers a culinary journey reminiscent of royal feasts.

The menu at Koyla is a testament to rich culinary traditions, featuring signature dishes like Hyderabadi Biryani, prepared with basmati rice and tender goat meat, and an array of kebabs grilled over coal to enhance their authentic flavors. Complementing these mains are freshly baked naans, flavorful curries, and the refreshing Koyla Lassi, a yogurt-based drink infused with spices.

The ambiance of Koyla is designed to provide a warm and inviting atmosphere, making it an ideal venue for both family gatherings and business meetings. The interior reflects a blend of traditional and contemporary aesthetics, enhancing the overall dining experience. Guests are often welcomed with a complimentary drink, such as cumin water, setting the tone for the meal ahead.

Operating daily from 11:00 AM to 11:00 PM, Koyla ensures accessibility for both lunch and dinner patrons. While the restaurant does not have a dedicated parking area, limited street parking is available in front of the establishment. It's advisable to plan accordingly, especially during peak hours.

Over the years, Koyla has garnered positive feedback for its consistent food quality and attentive service. Diners have praised the generous portion sizes, often recommending sharing dishes to fully appreciate the variety offered. The restaurant's commitment to maintaining the authenticity of its dishes has solidified its reputation as a go-to spot for those seeking genuine Mughal culinary delights in Dhaka.

In summary, Koyla Restaurant stands out as a premier destination for enthusiasts of Indian and Afghan cuisines, offering a harmonious blend of traditional flavors and modern dining comfort.",
Koyla Restaurant,"411 Bir Uttam Mir Shawkat Sarak, Dhaka 1208, Bangladesh",+880 1633-333383,https://koylabd.com/,4.2,2749,"{'name': 'F Iqbal', 'thumbnail': 'https://lh3.googleusercontent.com/a/ACg8ocJkR-DbjxDQJGbq4MpLLW4Nycqo3LRSb_R8TcEoG_orsi2Fug=s120-c-rp-mo-ba6-br100', 'link': 'https://www.google.com/maps/contrib/116980851393035176578?hl=en-US', 'reviews': 179, 'photos': 1356}",4,a year ago,"Restaurant is on the Gulshan to Mohakhali link road. Entering the restaurant you will see the live kitchen. Separate wash room for both male and female. Zeera pani was served as welcome drinks. Mainly kebab items, naan in the menu. Biriyani was also available. You can try kebab items.",
Koyla Restaurant,"411 Bir Uttam Mir Shawkat Sarak, Dhaka 1208, Bangladesh",+880 1633-333383,https://koylabd.com/,4.2,2749,"{'name': 'ocean rahan', 'thumbnail': 'https://lh3.googleusercontent.com/a-/ALV-UjX5XiiEGAzUu1u6KrfnBsiwJzuIWEbMErF9cqmQRL0Jc3Gb3aDm=s120-c-rp-mo-ba5-br100', 'link': 'https://www.google.com/maps/contrib/108102517709225511421?hl=en-US', 'reviews': 164, 'photos': 217}",2,11 months ago,"Overpriced tasteless food. We ordered reshmi butter chicken masala, paneer parata and plain polao. The chicken tasted very bad, no spice, very plain. The paneer parata was rock-hard. The polao was good. Overall I ate my money literally. I don't know why these posh restaurants always serve tasteless food. Can't they afford a good cook?",
Koyla Restaurant,"411 Bir Uttam Mir Shawkat Sarak, Dhaka 1208, Bangladesh",+880 1633-333383,https://koylabd.com/,4.2,2749,"{'name': 'Shourov Debnath (Udoy)', 'thumbnail': 'https://lh3.googleusercontent.com/a-/ALV-UjUqIc13zLcWE4yt_jCwznMU0xGxvyN9Bb6m60SdF2Kexm3z5EIn9A=s120-c-rp-mo-ba5-br100', 'link': 'https://www.google.com/maps/contrib/103277551346907256331?hl=en-US', 'reviews': 159, 'photos': 638}",4,a year ago,"The food quality was good, but the taste was average. What I expect from Indian cuisine is a generous use of spices.",
Barcode Cafe,"House 55/B Rd No # 21, Dhaka 1213, Bangladesh",+880 1735-986411,N/A,4.3,4689,"{'name': 'Nayira Williams', 'thumbnail': 'https://lh3.googleusercontent.com/a-/ALV-UjV8S3_riR_JQPB0WLgLaaMko4KmZ-26wCyg3wyWoDv27E3gsmMF=s120-c-rp-mo-ba6-br100', 'link': 'https://www.google.com/maps/contrib/101487369227233806633?hl=en-US', 'reviews': 326, 'photos': 2354}",1,Edited a month ago,"Please Improve Your 🙏 Food The Way You Show In The Pctures In All Your Aps. SO Much Disappointed, No Salt, No Taste. ITS Just A Waste. SO Sorry To Say, BBQ Chicken Is Sweet Like Anything, Fried Rice 🍚 Is Just Satisfactory, Side Vegetables Has No Taste, Just With Lots Of Capsicum. And The Other Its Just Few Piece Of Carrot Papaya, Green Capsicum & Onion Made It With In Like Ordinary Chinese Vegetable, And That Is Not A Broast Chicken, But A Fried Chicken, Fried In Crumbs.",
Barcode Cafe,"House 55/B Rd No # 21, Dhaka 1213, Bangladesh",+880 1735-986411,N/A,4.3,4689,"{'name': 'Zobair hossain', 'thumbnail': 'https://lh3.googleusercontent.com/a-/ALV-UjUrA7P0JG0xvMfQlDb0QlB1mtONzrQRnZyQO1TiH_MAMB0TD7qx=s120-c-rp-mo-ba4-br100', 'link': 'https://www.google.com/maps/contrib/114653037152503667941?hl=en-US', 'reviews': 87, 'photos': 272}",4,6 months ago,"Tried their couple of platters, not bad but not fantastic either. Cheese of Staffed chicken did not feel that good and Garlic chicken was way more salty. Ambience is good and we got good service from the staffs there.
Overall, worth trying atleast once.",
Barcode Cafe,"House 55/B Rd No # 21, Dhaka 1213, Bangladesh",+880 1735-986411,N/A,4.3,4689,"{'name': 'Zinat Arabi Jhinuk', 'thumbnail': 'https://lh3.googleusercontent.com/a-/ALV-UjVldB6XZIt5UM6lbBDVjvWXmhMkAxHbWd8UPuDuvcvppyaWGUdPbg=s120-c-rp-mo-ba2-br100', 'link': 'https://www.google.com/maps/contrib/108573726535292338537?hl=en-US', 'reviews': 4, 'photos': 7}",3,3 months ago,"We used to eat at Barcode CTG a lot, it was one of our go-to places. I recently visited their Banani branch, and I feel the food quality isn’t what it used to be. On top of that, the prices have gone up quite a bit.",
Barcode Cafe,"House 55/B Rd No # 21, Dhaka 1213, Bangladesh",+880 1735-986411,N/A,4.3,4689,"{'name': 'Jewel Cornelius', 'thumbnail': 'https://lh3.googleusercontent.com/a-/ALV-UjWkYDX6TKq_I69dJZl0hHw3ZHDBoM10nuUfkPwEju_qmOwOZv52=s120-c-rp-mo-br100', 'link': 'https://www.google.com/maps/contrib/117240965481206423581?hl=en-US', 'reviews': 10, 'photos': 3}",4,3 months ago,"The experience was great. But there was noisy kids around. The food was tasty, but I found hair on the seafood platter. The staff are super friendly and the ambience is nice. Its a must recommended place.

One fact, they served seafood ricebowl and there was no fish meat but what they gave was fish fat. It did not taste bad. I found calamari and the rice was good and the salad was excellent.

Brosted Chicken ricebowl was okayish but the chicken could be improved. The batter was alot and chicken felt average. They should keep some variety of drinks.",
Barcode Cafe,"House 55/B Rd No # 21, Dhaka 1213, Bangladesh",+880 1735-986411,N/A,4.3,4689,"{'name': 'S.A Natasha', 'thumbnail': 'https://lh3.googleusercontent.com/a-/ALV-UjXYul60wZAw2WhnBqdoIduCiFXiST3t5KhrMpQSF8LjnsXPHx8-4A=s120-c-rp-mo-ba3-br100', 'link': 'https://www.google.com/maps/contrib/104051343581936623529?hl=en-US', 'reviews': 23, 'photos': 9}",3,Edited 5 months ago,"Not very happy and content with the quality and quantity of the foods.
Service is also not up to tge mark.",
Barcode Cafe,"House 55/B Rd No # 21, Dhaka 1213, Bangladesh",+880 1735-986411,N/A,4.3,4689,"{'name': 'Mobashir Rakin', 'thumbnail': 'https://lh3.googleusercontent.com/a-/ALV-UjWuR3Q10bI8XUarnvW7h2iD2LmCYMndykOq3LHDIF6yQTv9Sau0cQ=s120-c-rp-mo-ba5-br100', 'link': 'https://www.google.com/maps/contrib/108231946365185112610?hl=en-US', 'reviews': 148, 'photos': 440}",4,a year ago,"Tried their barcode special chicken pizza sandwich. In my opinion this is a better option than pizza.  It was tasty. Also tried their oven baked chicken pasta, which was okay. Their service was good. The seating arrangement could be a bit better. The price range is good according to other nearby restaurants.",
Barcode Cafe,"House 55/B Rd No # 21, Dhaka 1213, Bangladesh",+880 1735-986411,N/A,4.3,4689,"{'name': 'Nahian Islam', 'thumbnail': 'https://lh3.googleusercontent.com/a-/ALV-UjVRuaLV9tLGP4bp7Kx8P9eniTtDK4ZmPgKWakPS4BChmkr20gEz=s120-c-rp-mo-ba6-br100', 'link': 'https://www.google.com/maps/contrib/109034004896526292262?hl=en-US', 'reviews': 352, 'photos': 2280}",4,10 months ago,"Barcode cafe, located in Banani is a popular dining spot known for its diverse menu & inviting ambiance. The restaurant offers a variety of cuisines like Italian, fast food, Mediterranean dishes etc. The have a signature Fuchka dish which is very popular and tasty to eat. Also they have Chicken Pizza Sandwich which is a fusion of pizza and sandwiches. Their Turkish Chicken meal and English roasted chicken meal are popular items on the set menu. It is served with Sauteed veg and fried rice. You can choose whether you want rice or mash potato. I have tried their Calamari deep fry, Wonton with Chilli Oil. Both were good in taste. On the side, I've taken the Beef platter named - Loaded Beef with Sausage. This was also good.

Pretty nice place to eat, gossip and have quality time with friends / Family / Colleagues. The stuffs are well-behaved and the interior is good. The price is a bit higher than the quantity. They should increase the proportion of their dishes.",
Barcode Cafe,"House 55/B Rd No # 21, Dhaka 1213, Bangladesh",+880 1735-986411,N/A,4.3,4689,"{'name': 'Md. Moniruzzaman Tarafder Papon (Mo)', 'thumbnail': 'https://lh3.googleusercontent.com/a-/ALV-UjX-rtr4PAzttla7eq6ago51Jr1bgpYkaSgnrTb1bKzWRStRoIoTug=s120-c-rp-mo-ba5-br100', 'link': 'https://www.google.com/maps/contrib/100439031461846912776?hl=en-US', 'reviews': 189, 'photos': 527}",3,a year ago,"Barcode Cafe offered a mixed dining experience that left us with varied impressions. Our culinary adventure included indulging in the famed fuchka platter and opting for the rice bowl package. While the taste of the fuchka platter met our expectations, the overall experience fell short of the hype surrounding it.

The fuchka platter, undoubtedly the star attraction, showcased an array of flavors and textures. The burst of tangy and spicy sensations with each bite of the crispy shells filled with delectable concoctions left a favorable impression. However, the anticipation built around this dish may have elevated our expectations to a level that reality struggled to match.

On the other hand, the rice bowl package failed to justify its price tag. The dish lacked the finesse and flavor complexity that one would expect for the amount paid. The rice seemed uninspiring, and the accompanying elements failed to elevate the overall dining experience. This disconnect between price and quality left us somewhat disappointed.

Despite our initial excitement about the fuchka platter, we found it essential to acknowledge that its reputation might have been inflated. While enjoyable, it may not be the unparalleled experience some might lead you to believe. Managing expectations is crucial when venturing into the culinary offerings at Barcode Cafe.

The ambiance and service at the cafe were commendable, providing a comfortable setting for our dining experience. The staff were attentive and accommodating, contributing positively to our overall visit.

In conclusion, Barcode Cafe offers a culinary journey with highs and lows. The fuchka platter, while enjoyable, might not live up to the overwhelming hype, and the rice bowl package may leave you questioning its value. It's a place where managing expectations becomes pivotal for a satisfying dining experience.",
Turkish Bazaar & Restaurant,"House 48/E, 131 Road No 13C, Dhaka 1213, Bangladesh",+880 2222-284527,http://turkishbazaarbd.com/,4.2,1295,"{'name': 'Hasan Shimul', 'thumbnail': 'https://lh3.googleusercontent.com/a-/ALV-UjXeVWEiQj75x2l6TOOlCZ8BmTTBYNqNEK98CU8vhZfwX6r-otJozw=s120-c-rp-mo-ba4-br100', 'link': 'https://www.google.com/maps/contrib/106350565695510850439?hl=en-US', 'reviews': 72, 'photos': 189}",4,2 weeks ago,I have tasted turkish foods in many other places...But All the foods here were really delicious...Mixed kebab Platter was perfect for 2 adults...Highly recommended.,
Turkish Bazaar & Restaurant,"House 48/E, 131 Road No 13C, Dhaka 1213, Bangladesh",+880 2222-284527,http://turkishbazaarbd.com/,4.2,1295,"{'name': 'Elizabeth Purification', 'thumbnail': 'https://lh3.googleusercontent.com/a-/ALV-UjVYqm5QA1_6HW011WDKFmFaG0cFlNSsDq_VJHactVaMyDBAacE=s120-c-rp-mo-ba5-br100', 'link': 'https://www.google.com/maps/contrib/102481437341018337861?hl=en-US', 'reviews': 107, 'photos': 576}",4,4 months ago,"Visited Turkish Bazaar & Restaurant last week with my cousins for Turkish food at Dhaka, Banani. When I went to Turkey loved their food and specially Baklava. So thought we can get a proper Turkish flavour, that was our mission .
We tried Mixed Kebab Plater with Mango Juice, Turkish Tea and Baklava. Food was nice but bit different from original Turkish style and taste. But the decoration they keep Turkey style which is nice and also sell Turkish crockeries.",
Turkish Bazaar & Restaurant,"House 48/E, 131 Road No 13C, Dhaka 1213, Bangladesh",+880 2222-284527,http://turkishbazaarbd.com/,4.2,1295,"{'name': 'Fazal Mahmud Roni', 'thumbnail': 'https://lh3.googleusercontent.com/a-/ALV-UjV-aqZLa_21yf9Xmz7iexTlrm5nOQZomKI-LnsOrOVKvn4D0SG5=s120-c-rp-mo-ba5-br100', 'link': 'https://www.google.com/maps/contrib/107291122792052551816?hl=en-US', 'reviews': 237, 'photos': 1089}",4,6 months ago,"We had our family dinner here. Interior and searing give you a bit of turkish feel. Seatings are in separate rooms and you can book rooms/table.

Food was good and enough as they come with rice and bread as well with kababs. But price wise I found them bit costly. We had Ezme (BDT 350) and Hummus (BDT 380) both comes with 4/5 slices of pita bread. We also took chicken adana kabab( BDT 890), grilled meatballs (BDT 890) and special burhan kabab (BDT 1050) which actually a kabab platter for 1. We also ordered turkish pizza, it was good too. Additional Vat and service charge are there.

Staff were very attentive and served turkish tea on the house. Parking available on road side, give a tip to the guard.",
Turkish Bazaar & Restaurant,"House 48/E, 131 Road No 13C, Dhaka 1213, Bangladesh",+880 2222-284527,http://turkishbazaarbd.com/,4.2,1295,"{'name': 'Tahmina SAH', 'thumbnail': 'https://lh3.googleusercontent.com/a-/ALV-UjWtJXOeAPgITqe9i2uv8DRiZljZWMpaQ55h9XqFZV8TPO-Di7ky=s120-c-rp-mo-ba4-br100', 'link': 'https://www.google.com/maps/contrib/117376126494334437462?hl=en-US', 'reviews': 68, 'photos': 54}",4,a year ago,"If you love Arabian cuisine, you will love the food they serve. It has the Arabian touch and is highly recommended. It is an amazing spot to hang out with family or a group of friends. For large gatherings, it is a good spot. The waiters are too hostile and polite. They also recommend well.

If you are the bread or kabab type, you will love it there. You might feel the food is a bit dry and a little bit of gravy is needed, then you may add hummus to your platter. In my opinion, it will adjust the dryness.

Overall, the food tasted delicious and was mouthwatering. We were welcomed with complimentary Turkish Tea. We ordered 5-6 items, therefore it cost quite much ~7000. The order was for 5 adults. So, it suffices.

We enjoyed our meal in Turkish Bazaar & Restaurant, so I hope you will too.",
Turkish Bazaar & Restaurant,"House 48/E, 131 Road No 13C, Dhaka 1213, Bangladesh",+880 2222-284527,http://turkishbazaarbd.com/,4.2,1295,"{'name': 'Mirza Khaled', 'thumbnail': 'https://lh3.googleusercontent.com/a-/ALV-UjUfamt-aJiWrBPo7ATTFTQCRJhYJ03_AysbI2WxvgnZizIVSlaF=s120-c-rp-mo-ba5-br100', 'link': 'https://www.google.com/maps/contrib/114727874333484024041?hl=en-US', 'reviews': 151, 'photos': 943}",4,a year ago,"Food is good… try to do the authentic way. The main problem in our country is the ingredients but still the manage to have the taste. I like the kebabs and naan.

Pizza was little bit oily but still the taste was good.

But I didn’t like the Turkish coffee. It was very lite. I tried better Turkish coffee in other places. Maybe their beans get old.

Interior is very minimalistic nothing fancy.",
Turkish Bazaar & Restaurant,"House 48/E, 131 Road No 13C, Dhaka 1213, Bangladesh",+880 2222-284527,http://turkishbazaarbd.com/,4.2,1295,"{'name': 'A M Nasir Uddin', 'thumbnail': 'https://lh3.googleusercontent.com/a-/ALV-UjWIKGpQ4QxjItkmooa_9nklZIxT5EjgK4id06DDzP8743W6XHSVwQ=s120-c-rp-mo-ba4-br100', 'link': 'https://www.google.com/maps/contrib/104870353521077646722?hl=en-US', 'reviews': 100, 'photos': 371}",5,a year ago,"Turkish Bazaar is a restaurant of authentic Turkish  cuisine, especially the kebab. In a nice traditional Turkish ambience, the restaurant serves delicious food with great comfort and hospitality. I love the welcoming gesture of the team.

Foods taste really good. All foods were prepared after order and served fresh. Additional was the complementary Turkish Tea.

I have ordered the kebab platter, good for two persons. Also, a starter, hummus. In both orders, servings were generous. I had to takeaway some food.

For a nice evening with friends and family, this is an ideal place.",
Turkish Bazaar & Restaurant,"House 48/E, 131 Road No 13C, Dhaka 1213, Bangladesh",+880 2222-284527,http://turkishbazaarbd.com/,4.2,1295,"{'name': 'The Propagandist', 'thumbnail': 'https://lh3.googleusercontent.com/a/ACg8ocIj5Htwn0dhqBl7bUIQtgWxt2-mKO2Rln2XUZUtaSMfLzNWCQ=s120-c-rp-mo-ba3-br100', 'link': 'https://www.google.com/maps/contrib/111869698938743980179?hl=en-US', 'reviews': 72, 'photos': 1}",1,6 months ago,"The worst restaurant in Banani, Dhaka. I was the only customer during a Friday lunch prayers. Ordered a chef special with a Turkish naan. They brought a smaller size than what I see from everyone else’s posted pictures. Uncooked wings, foreign objects in the food, cold naan, and half size meal when paid for a full size. Will never go back and also report this place.",
Turkish Bazaar & Restaurant,"House 48/E, 131 Road No 13C, Dhaka 1213, Bangladesh",+880 2222-284527,http://turkishbazaarbd.com/,4.2,1295,"{'name': 'Siam Sin Hasan', 'thumbnail': 'https://lh3.googleusercontent.com/a-/ALV-UjUAJl-VIX3IMoorduonS_ppZ1rmwZ192paN8c1FKHGegsrde391AA=s120-c-rp-mo-ba5-br100', 'link': 'https://www.google.com/maps/contrib/105074422775362638104?hl=en-US', 'reviews': 128, 'photos': 442}",4,Edited a year ago,"Turkish Bazaar offers an authentic taste of Turkish cuisine in Bangladesh, showcasing flavorful dishes. While the food impresses with its deliciousness, the pricing might be a deterrent for some, leaning towards the higher side. Despite the cost, the culinary experience is undoubtedly a treat for those seeking traditional Turkish flavors in Dhaka.",
Konami Dhaka,"House- 58/B, Rd 131, Dhaka 1212, Bangladesh",+880 1810-002325,http://www.konamidhaka.com/,4.6,57,"{'name': 'Nadim Salehin', 'thumbnail': 'https://lh3.googleusercontent.com/a-/ALV-UjXJtjAXomvUSPGu4cVm6XvIG1l_LDylq2DMxNH6enVlt2vgZic=s120-c-rp-mo-ba2-br100', 'link': 'https://www.google.com/maps/contrib/118052570314836206649?hl=en-US', 'reviews': 4, 'photos': 8}",5,2 months ago,"I recently visited this restaurant, and it has quickly become my favourite place. The food was absolutely delicious, and the live cooking experience made the whole evening even more enjoyable. Watching the dishes being prepared right in front of us added a special touch. Our waiter, Shuvo, made the experience even better he was very experienced, attentive, and made sure we were well taken care of throughout. Overall, it was a wonderful dining experience, and I can’t wait to go back again.",
Konami Dhaka,"House- 58/B, Rd 131, Dhaka 1212, Bangladesh",+880 1810-002325,http://www.konamidhaka.com/,4.6,57,"{'name': 'Linh Nguyen', 'thumbnail': 'https://lh3.googleusercontent.com/a-/ALV-UjWATNw5DUSvUAP6nqwjy5TV5qk-vSSaOm5gFax1l4O8aoDNgDDu=s120-c-rp-mo-ba3-br100', 'link': 'https://www.google.com/maps/contrib/100777934982364355394?hl=en-US', 'reviews': 22, 'photos': 56}",5,6 months ago,"Thanks to Mr.Kazi tarequl for his hospitality during my dining time. All the staffs are nice, polite and helpful.
The welcome service was amazing with cold refreshments tower and the welcome juice.
The sushi is very tasty, so I came back again the second time on the same day.
Everything is clean which is very important for me when picking a restaurant.
They have special zone for live cooking, private room for group also. Very good choices!",
Konami Dhaka,"House- 58/B, Rd 131, Dhaka 1212, Bangladesh",+880 1810-002325,http://www.konamidhaka.com/,4.6,57,"{'name': 'Sanjida Anwar', 'thumbnail': 'https://lh3.googleusercontent.com/a-/ALV-UjVFM8KWhnCaOE7S9N0rAe27JseLTbzsNStOCAbWsG0sopT-sHI=s120-c-rp-mo-br100', 'link': 'https://www.google.com/maps/contrib/109078208963427393584?hl=en-US', 'reviews': 2, 'photos': 6}",5,6 months ago,"One of the best Japanese fine dine restaurant in Dhaka. Starting from their food to their drinks,service and ambience everything is top notch. They also have a live grilling station (teppanyaki). The fish and meat they serve is very fresh. Recommended 💯 /💯.Will visit again soon ☺️",
Konami Dhaka,"House- 58/B, Rd 131, Dhaka 1212, Bangladesh",+880 1810-002325,http://www.konamidhaka.com/,4.6,57,"{'name': 'Rashique Ahmed', 'thumbnail': 'https://lh3.googleusercontent.com/a-/ALV-UjWwem3Cj3r4Q4RLiXAVmGsc4Jd2kZrbX39Kne6Ns6Ad3cJCnzXb=s120-c-rp-mo-br100', 'link': 'https://www.google.com/maps/contrib/115051501859946126247?hl=en-US', 'reviews': 1, 'photos': 0}",5,a month ago,"Had an amazing dining experience at Konami! The Teppanyaki was absolutely delicious — fresh ingredients, perfectly cooked, and full of flavour. Watching the chef prepare everything right in front of us was such a fun and interactive experience. The ambience was warm and elegant with a real Japanese touch, and the staff were super friendly and attentive.
If you love Japanese cuisine or just want to try something exciting and different, Konami is the place to go! Definitely coming back again soon.",
Konami Dhaka,"House- 58/B, Rd 131, Dhaka 1212, Bangladesh",+880 1810-002325,http://www.konamidhaka.com/,4.6,57,"{'name': 'Raida Musharrat Rahman', 'thumbnail': 'https://lh3.googleusercontent.com/a-/ALV-UjUsOvrQtmlEor9Hgx1FkluzxyG5B3Lw4pQgqN3Vh_cv8-Lp1Jlf=s120-c-rp-mo-br100', 'link': 'https://www.google.com/maps/contrib/114632810469787785021?hl=en-US', 'reviews': 1, 'photos': 0}",5,a month ago,"Hands down the best Japanese restaurant I’ve been to in Dhaka! The Teppanyaki experience was amazing – watching the chef cook right in front of us was not only entertaining but also delicious. The beef teppanyaki and salmon were perfectly cooked and packed with flavor. The ambiance is cozy yet elegant, and the staff are super friendly and attentive. Highly recommend for anyone who wants authentic Japanese food with a fun dining experience!",
Konami Dhaka,"House- 58/B, Rd 131, Dhaka 1212, Bangladesh",+880 1810-002325,http://www.konamidhaka.com/,4.6,57,"{'name': 'Talat Kamal', 'thumbnail': 'https://lh3.googleusercontent.com/a-/ALV-UjX4t9ZGEgC2UBbEwaeT8K3xjZhAkSWAv7M_EcDQrgq2lNo4_9CX=s120-c-rp-mo-ba4-br100', 'link': 'https://www.google.com/maps/contrib/114510773437379881055?hl=en-US', 'reviews': 124, 'photos': 51}",4,a week ago,"This restaurant has been in operation since almost a year and a half, and I only discovered its existence. The location is a little off the beaten path despite being in the heart of Gulshan.

We ate Teppanyaki, so the experience was wonderful. Bewarned, the costs can get quickly out of hand with larger groups. Restaurant claims two people can eat with one Teppanyaki order, but I thought it could easily stretch to three.",
Konami Dhaka,"House- 58/B, Rd 131, Dhaka 1212, Bangladesh",+880 1810-002325,http://www.konamidhaka.com/,4.6,57,"{'name': 'Holly', 'thumbnail': 'https://lh3.googleusercontent.com/a/ACg8ocIZPYY8mMeNylsALFdM7SMhIXyIDKuNAAmzspzcTSogqp_tKJCm=s120-c-rp-mo-ba2-br100', 'link': 'https://www.google.com/maps/contrib/117801990902575032247?hl=en-US', 'reviews': 6, 'photos': 7}",5,a year ago,"The tepanyaki experience was amazing. The chef was very fun, really could tell he was enjoying cooking. The wait staff were very friendly and professional ! Also the food was very delicious, the price was worth it, didn’t feel excessive at all. I was busy watching the show so couldn’t film a lot.. definitely advise people to come and watch it yourself! (And eat)😂 Thanks!",
Konami Dhaka,"House- 58/B, Rd 131, Dhaka 1212, Bangladesh",+880 1810-002325,http://www.konamidhaka.com/,4.6,57,"{'name': 'Nayira Williams', 'thumbnail': 'https://lh3.googleusercontent.com/a-/ALV-UjV8S3_riR_JQPB0WLgLaaMko4KmZ-26wCyg3wyWoDv27E3gsmMF=s120-c-rp-mo-ba6-br100', 'link': 'https://www.google.com/maps/contrib/101487369227233806633?hl=en-US', 'reviews': 326, 'photos': 2354}",5,a year ago,Cozy environment friendly staff and good food . We went for dinner with a few friends every one enjoyed the food especially the live cooking of the food by the chef great experience you can tell by the way the chef was cooking that he takes pride in making the food . Happy chef equals to great tasting food . I highly recommend the hibachi beef it was tender and juicy overall everything we had was amazingly delicious.,
"Spaghetti Jazz, Dhaka","Rob Bhaban. Plot 3 ( 4th floor) , Gulshan circle II, Dhaka 1212, Bangladesh",+880 1756-422441,N/A,4.2,1049,"{'name': 'GooD4nothinG', 'thumbnail': 'https://lh3.googleusercontent.com/a-/ALV-UjWSoDSez9Qu3Fp1HKK6L8I0dhorRhQm-Z6lTtd7OCjvSKCV4hCh=s120-c-rp-mo-ba4-br100', 'link': 'https://www.google.com/maps/contrib/114021919621083319187?hl=en-US', 'reviews': 57, 'photos': 183}",4,a month ago,"Most of the food tasted good. But the price is quite expensive.
Cream of mushroom & chicken is recommended.",
"Spaghetti Jazz, Dhaka","Rob Bhaban. Plot 3 ( 4th floor) , Gulshan circle II, Dhaka 1212, Bangladesh",+880 1756-422441,N/A,4.2,1049,"{'name': 'Towhid Nevis', 'thumbnail': 'https://lh3.googleusercontent.com/a-/ALV-UjXdY8Xm6ENBEulpmxCh0rGGvuo8ZWIKMZY0Jw9sHl8xP1taj0kM1A=s120-c-rp-mo-ba3-br100', 'link': 'https://www.google.com/maps/contrib/118262810032628292444?hl=en-US', 'reviews': 24, 'photos': 26}",5,9 months ago,"Good restaurant for Italian food. Their Mushroom steak, pizza and lasagna are very good. The decoration is classic jazz style with ambient lighting. The staff are very well mannered and friendly. It's one of my and my wife's favorite places for date night. We love it.",
"Spaghetti Jazz, Dhaka","Rob Bhaban. Plot 3 ( 4th floor) , Gulshan circle II, Dhaka 1212, Bangladesh",+880 1756-422441,N/A,4.2,1049,"{'name': 'Pritom Das', 'thumbnail': 'https://lh3.googleusercontent.com/a-/ALV-UjWvf1CYPqOBZC-TchIKJrYpcrqaTx-YEJ7pyunGwdGu4Q4bFCQ=s120-c-rp-mo-ba4-br100', 'link': 'https://www.google.com/maps/contrib/112618003772159208041?hl=en-US', 'reviews': 41, 'photos': 371}",4,a year ago,"One of the oldest renowned Italian restaurants at the city center. However, they haven’t put in much effort over the years to keep up the standard in terms of food, service or ambiance. The entrance got a renovation, which is a complete mismatch with the main part of the restaurant. The music was bad/inaudible. We could only hear other guests talking.

The food was quite good though.

Grilled squid: 9.5/10
Garlic bread with cheese (they served it with butter though): 7.5/10
Mushroom steak: 9/10
Mediterranean spaghetti: 8/10
Tagliatelle alla Alfredo: 9/10",
"Spaghetti Jazz, Dhaka","Rob Bhaban. Plot 3 ( 4th floor) , Gulshan circle II, Dhaka 1212, Bangladesh",+880 1756-422441,N/A,4.2,1049,"{'name': 'Sonia', 'thumbnail': 'https://lh3.googleusercontent.com/a-/ALV-UjWLemEsSnoIHjqwutuye-en19xrU9uXvK79ulVIlU93szUcDfSIiw=s120-c-rp-mo-ba7-br100', 'link': 'https://www.google.com/maps/contrib/101307249602340920234?hl=en-US', 'reviews': 614, 'photos': 9047}",5,Edited 9 months ago,"Steak, pizza and of course, the sinful lasagna, these are my favorite from Spaghetti Jazz. Love their serving and the quantity is also huge. Love the taste of the food. A little heavier for the wallet though, but I think it's worth it.

I recently had the opportunity to visit this restaurant again. And the quality of the food has just gone better. This restaurant is still one of my favorites in Dhaka.",
"Spaghetti Jazz, Dhaka","Rob Bhaban. Plot 3 ( 4th floor) , Gulshan circle II, Dhaka 1212, Bangladesh",+880 1756-422441,N/A,4.2,1049,"{'name': 'Tawhid Khan', 'thumbnail': 'https://lh3.googleusercontent.com/a-/ALV-UjWPALDtT4owg7D6HlniAAOWGyKCOMG9HPNfWRMjJN2heZAjmnrIHQ=s120-c-rp-mo-ba5-br100', 'link': 'https://www.google.com/maps/contrib/101232066267616822319?hl=en-US', 'reviews': 196, 'photos': 403}",4,2 years ago,"The ambiance makes this place worthwhile. There are not many options where you can take your wife when you two want a quiet candle light dinner, where the place isn't buzzing with laughters of youths (nothing wrong with young people laughing, just on certain nights maybe we want a subtle ambiance 😅)

But the big TV with IPL kills the vibe of jazz and candles. Also, when it's a fine dining experience and you are spending almost 2-3k per person, you may want your food to be memorable too. Food was barely okay for my taste bud.

I loved the behaviour of the staff, the ambiance and the rich history of the place. But the experience wasn't spectacular compared to the expense. I really wish we had some better options for a couple fine dining in Dhaka with good ambience.
Sigh!",
"Spaghetti Jazz, Dhaka","Rob Bhaban. Plot 3 ( 4th floor) , Gulshan circle II, Dhaka 1212, Bangladesh",+880 1756-422441,N/A,4.2,1049,"{'name': 'Yusuf Zubayer', 'thumbnail': 'https://lh3.googleusercontent.com/a-/ALV-UjViB--mhSQ4PWXc5ctRUsUbVU7tK2Iam2TGnEOIE6cZZRa61ecNdw=s120-c-rp-mo-ba6-br100', 'link': 'https://www.google.com/maps/contrib/114082916121207680883?hl=en-US', 'reviews': 267, 'photos': 1467}",5,3 years ago,"Went there after almost 2 years. This is a very dear place to my heart as it has some nostalgic value! Was pleased to find the place as beautiful, calm and serene as yesteryears. The jazz theme interior is there though they don’t play any jazz (never did as much as I can recall)! There service is as impeccable as it used to be. Waiters don’t hang around much or act obsequiously. And the steak is still, to me and my friends, best in the city. Also the steak meal price is still on the lower side compared to other new steak places which will just rip your pocket apart. Old place keeping their business intact and thriving is something I value quite a lot. It’s a testament to their lasting quality. They have an elaborate menu with spaghettis and pizzas but to me they are the go to place for steaks in Dhaka. Cheers for Spaghetti Jazz & good luck!",
"Spaghetti Jazz, Dhaka","Rob Bhaban. Plot 3 ( 4th floor) , Gulshan circle II, Dhaka 1212, Bangladesh",+880 1756-422441,N/A,4.2,1049,"{'name': 'Akash Bacher', 'thumbnail': 'https://lh3.googleusercontent.com/a/ACg8ocILfWkHZudTq0CiYwqnzo8C3gtD8EUYNC_FLh5VwNKdf7-TxQ=s120-c-rp-mo-ba5-br100', 'link': 'https://www.google.com/maps/contrib/107867572534123320593?hl=en-US', 'reviews': 204, 'photos': 346}",5,a year ago,Spaghetti Jazz has lasted the test of time. Love the posters as they are a reminder of the past. They were part of the decor at SJ in their old building. Price is high but food is good. Atmosphere is the best,
"Spaghetti Jazz, Dhaka","Rob Bhaban. Plot 3 ( 4th floor) , Gulshan circle II, Dhaka 1212, Bangladesh",+880 1756-422441,N/A,4.2,1049,"{'name': 'Taro Contrabass', 'thumbnail': 'https://lh3.googleusercontent.com/a/ACg8ocJXACGZkUTUjbgmSbXHeQtoh6nLOyk6iOXzsXaGhoo9I3xl1RXq=s120-c-rp-mo-ba5-br100', 'link': 'https://www.google.com/maps/contrib/107496728883960450239?hl=en-US', 'reviews': 87, 'photos': 1150}",4,Edited 4 years ago,"Nice place but the entrance is little bit difficult to find. You can enjoy very nice pasta here. In addition, though I haven't tried yet, they serve nice steaks as well. There were full of placard of JAZZ musicians on the walls, but the BGM was not JAZZ musics when I visited.",
Lucknow Dhaka,"Block- B, House-35 Rd No 18, Dhaka 1213, Bangladesh",+880 1874-050405,http://www.bengalexpressbd.com/,4.1,2016,"{'name': 'Farzin Rahman Esha', 'thumbnail': 'https://lh3.googleusercontent.com/a-/ALV-UjWhZH94LlGeApctLpT0PU5soyAVsox-E7bujGi3mSC0YDHzsaXV9A=s120-c-rp-mo-ba3-br100', 'link': 'https://www.google.com/maps/contrib/112715419156371283481?hl=en-US', 'reviews': 21, 'photos': 30}",4,a week ago,"To start off, the papad is incredibly addictive. Their kababs are amazing! The mutton sheek is one of my absolute favorites. The mutton rogan josh (pictured) is very good as well, along with the chicken tikka masala. Loved their laccha paratha (pictured) and their aloo paratha. Their sweet lassi is an absolute must have!",
Lucknow Dhaka,"Block- B, House-35 Rd No 18, Dhaka 1213, Bangladesh",+880 1874-050405,http://www.bengalexpressbd.com/,4.1,2016,"{'name': 'Nooruddin Husain', 'thumbnail': 'https://lh3.googleusercontent.com/a-/ALV-UjV73q78oTnXCvGV8dPUqtG4Dhc7NMDJDssbId1WfVNODCyTnpXlEA=s120-c-rp-mo-ba6-br100', 'link': 'https://www.google.com/maps/contrib/112788807952584661282?hl=en-US', 'reviews': 197, 'photos': 3159}",5,5 months ago,"I recently visited this place and had a truly satisfying experience, especially if you're someone who enjoys Indian cuisine. It’s a great spot for a wide variety of Indian food items, and I was quite impressed with both the taste and the quality of the dishes. Among the items I tried, the Mutton Rogan Josh stood out with its rich flavor and perfectly cooked meat. The gravy was well-balanced, aromatic, and full of traditional spices that made it a delight to savor.

I also had their Keema Paratha, which was another highlight. The paratha was crispy on the outside and stuffed generously with flavorful minced meat. It paired wonderfully with the side chutneys they provided. Additionally, I tried the Aloo Paratha, which was soft, well-spiced, and comforting—perfect for a light yet satisfying bite.

One dish that I highly recommend is their Handi Chicken. The chicken was incredibly tender, juicy, and cooked just right. The spices were well-blended and not overpowering, which made the dish even more enjoyable. Their kulfi is the best of them all.

The staff here deserve a special mention. They were courteous, attentive, and very cooperative throughout the meal. Their pleasant behavior added to the overall experience, making it not just about the food but also about excellent hospitality. I will definitely be visiting again!

Let me know if you'd like it formatted as a review for Google, TripAdvisor, or any other platform.

The environment was also very nice to have a pleasant meal.",
Lucknow Dhaka,"Block- B, House-35 Rd No 18, Dhaka 1213, Bangladesh",+880 1874-050405,http://www.bengalexpressbd.com/,4.1,2016,"{'name': 'Eggs Mental', 'thumbnail': 'https://lh3.googleusercontent.com/a-/ALV-UjWNEeG9J4eHNkE-fmUYs4ia67TuKVZDcFHBSedJT2RzHcX-oOE=s120-c-rp-mo-ba4-br100', 'link': 'https://www.google.com/maps/contrib/114164402043926964122?hl=en-US', 'reviews': 57, 'photos': 147}",3,2 months ago,"Had dinner, we ordered butter Naan and garlic naan, paneer butter masala, navratna vegetable and beef pasinda kebab.

Firstly food took a good 45-50 mins to arrive.

Naan were overlooked and burnt. Infact it lacked body and taste as well, so a definite disappointment. It is the very vehicle of food delivery for the entrees so this being poor, was quite a let down.

The beef pasinda was good, but that was it, just good, nothing more or less.

Paneer butter masala was disappointing, lacked seasoning and depth.

The navratna vegetable was decent.

Wait staff was polite and prompt, food took long to arrive which probably was not their fault. They also changed the naam immediately after I complained about it being burnt to a crisp.

A lot to improve on food taste though, or maybe it was just a bad day for them, coz I always heard good things.",
Lucknow Dhaka,"Block- B, House-35 Rd No 18, Dhaka 1213, Bangladesh",+880 1874-050405,http://www.bengalexpressbd.com/,4.1,2016,"{'name': 'Prabu Deepan', 'thumbnail': 'https://lh3.googleusercontent.com/a-/ALV-UjUHQq3rGvzMwdyLmdLNJPlNgFAodHBeQLyJTwNsMgBcQtl7tMzdyQ=s120-c-rp-mo-ba6-br100', 'link': 'https://www.google.com/maps/contrib/100610549625738533667?hl=en-US', 'reviews': 968, 'photos': 2965}",4,4 weeks ago,"Tasty food, fresh and authentic. We had a private room booked for a meeting/dinner, just didn't feel very private most of the time, so something for improvement in the future.

Food, drinks and desserts, were all delicious.",
Lucknow Dhaka,"Block- B, House-35 Rd No 18, Dhaka 1213, Bangladesh",+880 1874-050405,http://www.bengalexpressbd.com/,4.1,2016,"{'name': 'Amit Saha', 'thumbnail': 'https://lh3.googleusercontent.com/a-/ALV-UjWioLBoMqClkmJNFKaRiCHxAs7OLG73xFKiv3PJr-WjyZ2OGvU=s120-c-rp-mo-ba5-br100', 'link': 'https://www.google.com/maps/contrib/102880624791696253589?hl=en-US', 'reviews': 124, 'photos': 572}",1,a year ago,"The dining experience was consistently poor, with several issues that significantly impacted the quality of the food. The service was subpar, and we received only one of the three Nun dishes we ordered after finishing our main course. The remaining dishes were also of poor quality, lacking flavor and being excessively priced. This was the most disappointing dining experience I have ever had.",
Lucknow Dhaka,"Block- B, House-35 Rd No 18, Dhaka 1213, Bangladesh",+880 1874-050405,http://www.bengalexpressbd.com/,4.1,2016,"{'name': 'Md.Saiful Islam', 'thumbnail': 'https://lh3.googleusercontent.com/a-/ALV-UjV40sw2ittW8CXsEm9mWox18yOCgHThrYc0ShdG0ZhnLRN-NbPv=s120-c-rp-mo-ba4-br100', 'link': 'https://www.google.com/maps/contrib/112535428451938558405?hl=en-US', 'reviews': 30, 'photos': 350}",5,a year ago,"Nice experience to having dinner with family.

Amazing place with a beautiful interior design.

There is nothing to say about this place. I just recommend all of you who are trying  to taste indian foods and want to connect with Indian tradition, which makes you feel mesmerised.",
Lucknow Dhaka,"Block- B, House-35 Rd No 18, Dhaka 1213, Bangladesh",+880 1874-050405,http://www.bengalexpressbd.com/,4.1,2016,"{'name': 'Shobnum Alam', 'thumbnail': 'https://lh3.googleusercontent.com/a-/ALV-UjXvkhGcSLeMEsG3uRHyP9pXv5_cMIDgOL5ZK5qAxVkp_q-Ihc0=s120-c-rp-mo-ba4-br100', 'link': 'https://www.google.com/maps/contrib/114063043499439553826?hl=en-US', 'reviews': 51, 'photos': 185}",5,2 years ago,"A great place for Indian food lovers.
Indian cuisine is my favourite. And this place satisfied me very much.
Loved their alu paratha, chicken tanduri kabab and dal makhni. Beef pasinda kabab is good too if you like spicy food. Kulfi was not that great.
Good place for family and group hangouts. Quite spacious and enjoyable for a long duration.",
Lucknow Dhaka,"Block- B, House-35 Rd No 18, Dhaka 1213, Bangladesh",+880 1874-050405,http://www.bengalexpressbd.com/,4.1,2016,"{'name': 'Samin Yasar Haque', 'thumbnail': 'https://lh3.googleusercontent.com/a/ACg8ocJE7_DbzblxdZbMqiOdY97H-h1OFH5mkHuxoV1XVVPEe68jm-_6=s120-c-rp-mo-ba3-br100', 'link': 'https://www.google.com/maps/contrib/100701717693052732423?hl=en-US', 'reviews': 50, 'photos': 29}",4,2 weeks ago,Most Bangladeshi restaurants fail miserably to create at least acceptable North Indian and Paki legit Mughal Kebabs however Lucknow does as good a job as possible this far south. Hope they can maintain quality as the price is fine for the food.,
The Atrium Restaurant,"50 & 52, Pragati Avenue, J Block, Baridhara, Dhaka 1212, Bangladesh",+880 1712-444422,http://www.atrium-bd.com/,4.1,2819,"{'name': ""Fakhrul Hasan Sa'ad"", 'thumbnail': 'https://lh3.googleusercontent.com/a-/ALV-UjWXjCHprfe7-B3u-VsJZXibPB0mBEHSyMYJiIlTXVjqQtZ57Jgr=s120-c-rp-mo-ba4-br100', 'link': 'https://www.google.com/maps/contrib/113353766980814505378?hl=en-US', 'reviews': 50, 'photos': 235}",4,2 months ago,"Food test is good, limited items but test is good.
Small space but good atmosphere. Over all Good",
The Atrium Restaurant,"50 & 52, Pragati Avenue, J Block, Baridhara, Dhaka 1212, Bangladesh",+880 1712-444422,http://www.atrium-bd.com/,4.1,2819,"{'name': 'MD NISHAD MONDOL', 'thumbnail': 'https://lh3.googleusercontent.com/a-/ALV-UjVCYOb7S2j-lD80FzJldV3Ih2qb9gPF3z-SHuNwZ8Me0cWXDc_8=s120-c-rp-mo-ba4-br100', 'link': 'https://www.google.com/maps/contrib/104973528882542763242?hl=en-US', 'reviews': 45, 'photos': 433}",4,a month ago,"I really like every service here, their behavior is very good. The food they prepare is very tasty.",
The Atrium Restaurant,"50 & 52, Pragati Avenue, J Block, Baridhara, Dhaka 1212, Bangladesh",+880 1712-444422,http://www.atrium-bd.com/,4.1,2819,"{'name': 'Amit khan', 'thumbnail': 'https://lh3.googleusercontent.com/a-/ALV-UjXOBZ7pgj142FqTp7C0FzHsqJj2zudHgeQ8V7QGAgG88skJnh4=s120-c-rp-mo-ba4-br100', 'link': 'https://www.google.com/maps/contrib/107683694851037933605?hl=en-US', 'reviews': 74, 'photos': 65}",5,a month ago,"I visited The Atrium Restaurant about 2 months ago for my cousin’s wedding ceremony, and it was a wonderful experience! 💐 The place is spacious, beautifully decorated, and perfect for family events. The food was delicious, and the staff were polite and well-organized. The garden view and lighting made the evening even more special. Highly recommended for weddings and celebrations! 🎊",
The Atrium Restaurant,"50 & 52, Pragati Avenue, J Block, Baridhara, Dhaka 1212, Bangladesh",+880 1712-444422,http://www.atrium-bd.com/,4.1,2819,"{'name': 'Saiful Islam', 'thumbnail': 'https://lh3.googleusercontent.com/a-/ALV-UjWvzCTroMWvnBn0I_mPO7LCOXUxeZF8iMi_jhEBt0hXkmPU8hrP=s120-c-rp-mo-ba5-br100', 'link': 'https://www.google.com/maps/contrib/112487468445295414919?hl=en-US', 'reviews': 87, 'photos': 287}",4,2 years ago,"Atmosphere: Entrance as well as the interior was quite nice. Interior lighting felt like a bit dull but it's acceptable. It is an exclusive/expensive restaurant. So it's interior should be a bit dark, right? Right? 😉

Service: They are very responsive and well behaved. Even did not take much time to serve the food.

Food: I took French Fries as an appetizer and Pad Thai as the main. Both were 1:3. Considering price, for Pad Thai, the amount was okay but French Fries seemed quite overpriced. I tried Pad Thai in a number of places and considering the authentic taste of Pad Thai, this one is not up to the mark.",
The Atrium Restaurant,"50 & 52, Pragati Avenue, J Block, Baridhara, Dhaka 1212, Bangladesh",+880 1712-444422,http://www.atrium-bd.com/,4.1,2819,"{'name': 'Sudipta Samaddar', 'thumbnail': 'https://lh3.googleusercontent.com/a-/ALV-UjUzA5sCEAhAjX9QcQQDEvtAC9eznUk7dgraqh6WrYzYcDGPieTYcQ=s120-c-rp-mo-ba7-br100', 'link': 'https://www.google.com/maps/contrib/110541783153272089426?hl=en-US', 'reviews': 565, 'photos': 5522}",4,3 years ago,"A well decorated, spacious and nice environment restaurant with outdoor sitting facilities. Here on can arrange various parties like get-together, marriage anniversary, birthday party and even corporate party.On e can enjoy Thai cuisine, Indian cuisine, Chinese cuisine etc, also Buffet facilities.
Food taste is good but price is little bit high. Staff service is as usual good.",
The Atrium Restaurant,"50 & 52, Pragati Avenue, J Block, Baridhara, Dhaka 1212, Bangladesh",+880 1712-444422,http://www.atrium-bd.com/,4.1,2819,"{'name': 'Nagib Mahfuz', 'thumbnail': 'https://lh3.googleusercontent.com/a-/ALV-UjUa2q6Xt0vx7ybo8eRSeaQFaD5cyKssfe6nUkzVBskG4b66lkM=s120-c-rp-mo-ba6-br100', 'link': 'https://www.google.com/maps/contrib/105418013116419235840?hl=en-US', 'reviews': 101, 'photos': 4882}",4,a year ago,"Atrium Chinese Restaurant offers a decent dining experience with a good balance of cost and quality. For a group of 17 celebrating a birthday, we found the total expenditure of around 16,500/- quite reasonable, considering the variety of items we ordered. The value for money is commendable, especially given the extensive menu options.

The ambience is satisfactory, providing a comfortable setting for dining, though it isn't particularly remarkable. It serves well enough for casual gatherings and is an okay spot for photography, with adequate lighting and decor that can add a pleasant backdrop to your photos.

Overall, Atrium Chinese Restaurant is a solid choice for group outings and celebrations, offering good value for the price with a satisfactory dining environment.",
The Atrium Restaurant,"50 & 52, Pragati Avenue, J Block, Baridhara, Dhaka 1212, Bangladesh",+880 1712-444422,http://www.atrium-bd.com/,4.1,2819,"{'name': 'Mst Kajol Rekha', 'thumbnail': 'https://lh3.googleusercontent.com/a-/ALV-UjUCoDVoRIIl6BbMAHj9oz5yScd_ugLB1AO5H_WI3i_QdKRP9zc=s120-c-rp-mo-ba2-br100', 'link': 'https://www.google.com/maps/contrib/105157754149026572424?hl=en-US', 'reviews': 7, 'photos': 21}",5,7 months ago,The Atrium resturent is most wonderful place in Baridhara Dhaka.This is too much popular and renowned resturent buffet in Dhaka.i have also experince their thai soup.it is too much tasty and highly proccess cheep rated soup.And their decoration is just amazing.,
The Atrium Restaurant,"50 & 52, Pragati Avenue, J Block, Baridhara, Dhaka 1212, Bangladesh",+880 1712-444422,http://www.atrium-bd.com/,4.1,2819,"{'name': 'Redwan Ali', 'thumbnail': 'https://lh3.googleusercontent.com/a-/ALV-UjVU-5mrQVaPRqODl1TFkmGlELEQ-8LcgTPpzKrgF5VutvYaBwxj=s120-c-rp-mo-ba6-br100', 'link': 'https://www.google.com/maps/contrib/101286233265789883080?hl=en-US', 'reviews': 128, 'photos': 1958}",3,6 years ago,"The lawn is very beautiful.good place to take good pictures.behavior of the staffs is good.i think the price is high.food quality is good.some items taste good,some don't. In the buffet the food items is not many. They should add more items in terms of the price they are charging. the inside decorations is good.",
Habit Lounge,"Level 7, Shop 15,16,18,19, Shopping Complex, Dhaka 1216, Bangladesh",+880 1894-777781,https://habitlounge.com/,4.5,156,"{'name': 'Intekhab Alam', 'thumbnail': 'https://lh3.googleusercontent.com/a-/ALV-UjUR2YBFCBU5TBrptBxkm59Exlqgmd14GXntIDB7xc-pwOnMPjLG7w=s120-c-rp-mo-ba6-br100', 'link': 'https://www.google.com/maps/contrib/108107535951555183614?hl=en-US', 'reviews': 387, 'photos': 1898}",5,a year ago,"They have the best view in Mirpur. The waiters were very friendly, when I went there, the owner who's a nice lady, took my order.
They have good collection of drinks coffee and smoothies.
I took away a club sandwich, the taste was good and they put fries as well",
Habit Lounge,"Level 7, Shop 15,16,18,19, Shopping Complex, Dhaka 1216, Bangladesh",+880 1894-777781,https://habitlounge.com/,4.5,156,"{'name': 'Rashique Chowdhury', 'thumbnail': 'https://lh3.googleusercontent.com/a-/ALV-UjXF7glLL564ynQSprtMK8P9NAT5cCMYQ99mnz42OSmDTWp8PjE_Ng=s120-c-rp-mo-ba5-br100', 'link': 'https://www.google.com/maps/contrib/105543564704064690383?hl=en-US', 'reviews': 74, 'photos': 515}",4,a year ago,"I really liked their coffee. The chowmein was good too.  Was surprised to see there was nobody except for us. The staff was quite well behaved as well.
They also have a very friendly cat named Choco.",
Habit Lounge,"Level 7, Shop 15,16,18,19, Shopping Complex, Dhaka 1216, Bangladesh",+880 1894-777781,https://habitlounge.com/,4.5,156,"{'name': 'Shaila Sharmeen', 'thumbnail': 'https://lh3.googleusercontent.com/a-/ALV-UjWONyi0smmE-7zKo6NJjypCa93JZq1N2g9xhcvLq6hioErHCZyoXg=s120-c-rp-mo-ba5-br100', 'link': 'https://www.google.com/maps/contrib/102318149310680056997?hl=en-US', 'reviews': 260, 'photos': 730}",4,3 years ago,"Finally a pretty dine in restaurant in mirpur dohs shopping complex.😊 As I was recommended , i took chicken ala keiv which was 449 tk most probably and chicken steak costed around 400 both tasted amazing🥰.little burned garlic on the top of chicken steak gave a beautiful flavor to the food. Mashed potato as a side dish was perfect.👌 Ordered lemon mint which was quite delicious and refreshing.❤

That brownie and ice cream didn't appeal to me much because that brownie was very dry.🥺

Otherwise had a good dinner there. Service is great 👍",
Habit Lounge,"Level 7, Shop 15,16,18,19, Shopping Complex, Dhaka 1216, Bangladesh",+880 1894-777781,https://habitlounge.com/,4.5,156,"{'name': 'Rubayet Hassan', 'thumbnail': 'https://lh3.googleusercontent.com/a-/ALV-UjVfaX8eBw0dhitexRHGAT55APdUEZ2mNelf14crjch9HutH0Wdy1Q=s120-c-rp-mo-ba4-br100', 'link': 'https://www.google.com/maps/contrib/107571686253396948296?hl=en-US', 'reviews': 69, 'photos': 201}",5,3 years ago,"excellent decor and cosy ambience, Habit Lounge is the perfect place to chill out over good food and music. Cream of chicken soup, oriental platter and cashew nut salad are some of their best dishes",
Habit Lounge,"Level 7, Shop 15,16,18,19, Shopping Complex, Dhaka 1216, Bangladesh",+880 1894-777781,https://habitlounge.com/,4.5,156,"{'name': 'D M S SULTAN', 'thumbnail': 'https://lh3.googleusercontent.com/a-/ALV-UjVU7Q762jUdtFK3nmwa8WGDoJluvqAxsndXKcl9csTV3-TCmK4K=s120-c-rp-mo-ba3-br100', 'link': 'https://www.google.com/maps/contrib/109394478381772163254?hl=en-US', 'reviews': 47, 'photos': 11}",5,3 years ago,"I had a relaxing adda with my friend there. The food tasted excellent while we were enjoying the cozy ambiance. We tasted selective dishes recommended by the chef of Habit Lounge. They had a varied selection of coffee and dessert, but we could make it due to time limitations. The price range is just a bit high but not excessive. I shall recommend all food explorers to have a visit here for quality time with delicious offerings.",
Habit Lounge,"Level 7, Shop 15,16,18,19, Shopping Complex, Dhaka 1216, Bangladesh",+880 1894-777781,https://habitlounge.com/,4.5,156,"{'name': 'Monika Hoque', 'thumbnail': 'https://lh3.googleusercontent.com/a-/ALV-UjW6T0fsxPS1yIjzSNwLG_snTrrjZeM2neNFcN2Tmk65uQrl8lRI9Q=s120-c-rp-mo-ba5-br100', 'link': 'https://www.google.com/maps/contrib/102380808196403096052?hl=en-US', 'reviews': 38, 'photos': 375}",5,3 years ago,The interior is very nice. Food was delicious.  We tried Pizza & Thai Soup and also Chicken wings. Our two years toddler really like the soup! Pizza was also very tasty. A very recommended place for the people living inside Mirpur DOHS. Hope to visit frequently.,
Habit Lounge,"Level 7, Shop 15,16,18,19, Shopping Complex, Dhaka 1216, Bangladesh",+880 1894-777781,https://habitlounge.com/,4.5,156,"{'name': 'Parvez Alam', 'thumbnail': 'https://lh3.googleusercontent.com/a-/ALV-UjUBsA77layo3KZeEeRnVIGnO6NNQc4qWOY2Ykh28gU3X1yaFoJdDg=s120-c-rp-mo-br100', 'link': 'https://www.google.com/maps/contrib/102671558510018210891?hl=en-US', 'reviews': 2, 'photos': 4}",5,3 years ago,"It's a gorgeous place with great coffee in Mirpur. While entering the cafe, the aroma will tell you ""yes, you have come to the right place "". The place is comfortable too. You can comfortably pass your time while enjoying one of the best coffees. The staffs were well behaved. Definitely a place worthy of your time and money.",
Habit Lounge,"Level 7, Shop 15,16,18,19, Shopping Complex, Dhaka 1216, Bangladesh",+880 1894-777781,https://habitlounge.com/,4.5,156,"{'name': 'Faridul Islam', 'thumbnail': 'https://lh3.googleusercontent.com/a-/ALV-UjW3AjTaEcxNjxbWwgUZurvf2E3S3I6srEow-eOte-dPzRi2OccX=s120-c-rp-mo-br100', 'link': 'https://www.google.com/maps/contrib/115688980330482547567?hl=en-US', 'reviews': 1, 'photos': 1}",5,2 years ago,"I went there for the first time, I had burger at first after that I order chicken steak rice.
Burger was too delicious, it came with fries but the is too different. I got to know that they imported the fries which was too good. Now about the chicken steak it was mouthwatering also vegetables was cooked perfectly. I recommend everyone if you visit Mirpur DOHS you guys need to check the place out. It will worth your time & money.

PS couldn’t take the picture of burger.",
Hello Dhaka,"60/D Road:131, Dhaka 1212, Bangladesh",N/A,N/A,4.2,209,"{'name': 'Moni Hossain', 'thumbnail': 'https://lh3.googleusercontent.com/a-/ALV-UjVNCEclx0aou5EDg-09NUYAQHSZQo3rw7lGxE1HAj2L7awrhPAQpg=s120-c-rp-mo-ba5-br100', 'link': 'https://www.google.com/maps/contrib/115879736819979737371?hl=en-US', 'reviews': 41, 'photos': 529}",5,2 years ago,"The food was really good, especially the kebabs, their service was also good. The staffs are fast, they served our food in a short time. The atmosphere was cozy, warm and friendly. Overall,  I would recommend this restaurant if you are going to hang your family or friends.",
Hello Dhaka,"60/D Road:131, Dhaka 1212, Bangladesh",N/A,N/A,4.2,209,"{'name': 'Khan', 'thumbnail': 'https://lh3.googleusercontent.com/a-/ALV-UjXXvoORxSt8VccPKYFePIaiJfR8SEi7VTrsMbGJMpTVasD_xX-dpQ=s120-c-rp-mo-ba5-br100', 'link': 'https://www.google.com/maps/contrib/115022207028427643065?hl=en-US', 'reviews': 90, 'photos': 326}",5,2 years ago,"Beautiful place, nice atmosphere, great food, good price!
We ordered Royal Bengal Khichuri Thali for one person, it was 750 taka! The platter consisted so many items that we could order another bowl of khichuri to eat with those item! The extra bowl took 230 taka!
One platter is enough for two person except the khuchuri, that’s why we ordered only extra khichuri!
Every item was tasty! The smell of the khichuri was so good! And the behaviour of the stuffs were great too!
We went there at around 4:30 and the place was pretty empty!",
Hello Dhaka,"60/D Road:131, Dhaka 1212, Bangladesh",N/A,N/A,4.2,209,"{'name': 'Tarif Sherhan Shuvo', 'thumbnail': 'https://lh3.googleusercontent.com/a-/ALV-UjUO3ayGUTj2evGUAzbkacmso13grslqC2vhnEUcxBnTGGP1NP8TlA=s120-c-rp-mo-ba6-br100', 'link': 'https://www.google.com/maps/contrib/108692951472734691952?hl=en-US', 'reviews': 196, 'photos': 1610}",4,Edited 2 years ago,"quite good for bhat lovers. loved the bhorta bhajis there. specially the palong chingri is really good. their coral fish is also good to eat. besides, there is a very good khichuri platter in here. the platter has outstanding range of food items. specially, if there are more than 4-5 members in a group, this platter would really be a great choice.
service should be a bit faster.
I found it a bit difficult to order evening items here. Options for evening snacks are very few and very costly as well.",
Hello Dhaka,"60/D Road:131, Dhaka 1212, Bangladesh",N/A,N/A,4.2,209,"{'name': 'F Iqbal', 'thumbnail': 'https://lh3.googleusercontent.com/a/ACg8ocJkR-DbjxDQJGbq4MpLLW4Nycqo3LRSb_R8TcEoG_orsi2Fug=s120-c-rp-mo-ba6-br100', 'link': 'https://www.google.com/maps/contrib/116980851393035176578?hl=en-US', 'reviews': 179, 'photos': 1356}",5,a year ago,"Hello Dhaka is situated at Gulshan 1. It's not on the main road. It's on the sub road but near to Gulshan Circle 1. Multiple businesses at the same building. Parking is available for 2 to 3 cars. Avoid your private car if you are planning for this restaurant.
They serve bangla food items. We took plain rice, alu bhorta, chicken bhuna, mejbani beaf, prawn. Food testes good. The tea at the end of the lunch feels good.
The restaurant is expensive. Guests were few. Most of the tables were empty during lunch. But foods are good enough.",
Hello Dhaka,"60/D Road:131, Dhaka 1212, Bangladesh",N/A,N/A,4.2,209,"{'name': 'Advanced Irad', 'thumbnail': 'https://lh3.googleusercontent.com/a-/ALV-UjW9zgfG6YUVv8zdUndU4d0ltwA0iXhPydrIuzZOLA3e7DTlhL_E=s120-c-rp-mo-ba5-br100', 'link': 'https://www.google.com/maps/contrib/110790007924643748567?hl=en-US', 'reviews': 84, 'photos': 515}",4,a year ago,"Good for desi food lovers. bhorta bhaji, daal also available there. specially the coconut chingri is really good. khichuri platter also here. Which was very tasty the platter has outstanding range of food items. for family or group of  4-5 persons  this platter would really be a great choice. Price is little bit high.",
Hello Dhaka,"60/D Road:131, Dhaka 1212, Bangladesh",N/A,N/A,4.2,209,"{'name': 'sadia sobhan', 'thumbnail': 'https://lh3.googleusercontent.com/a-/ALV-UjV_O60FmIjkZMlgQNgj4FrtO8qOkQTsaWNJ1SrfPonzFVQBwAVvPg=s120-c-rp-mo-ba6-br100', 'link': 'https://www.google.com/maps/contrib/102424605504031515434?hl=en-US', 'reviews': 488, 'photos': 3729}",3,3 years ago,"I have heard a lot about their Nihari/ Paya. Went to explore during Iftar time. But the Paya has finished already. So I have ordered their kebab platter, beef Halim followed by lime mint juice. Food tastes good. The milk tea was satisfactory. The price is not affordable for all. Service is very much appreciated.",
Hello Dhaka,"60/D Road:131, Dhaka 1212, Bangladesh",N/A,N/A,4.2,209,"{'name': 'Istiaque uddin Rifat', 'thumbnail': 'https://lh3.googleusercontent.com/a/ACg8ocJxb43yqkP0hxu6yubXIoOJkrW53FUzJx9fE6wmOTZamLtrBGba=s120-c-rp-mo-ba6-br100', 'link': 'https://www.google.com/maps/contrib/117223199958100017317?hl=en-US', 'reviews': 345, 'photos': 2426}",5,2 years ago,"We have tried the Kabab platter which tests really yammy. Kabab was soft and well cooked. The big platter was good for 4 people. But 4 parata comes with it is not enough.

Service is not great. It seems running under staff who can't catter efficiently.",
Hello Dhaka,"60/D Road:131, Dhaka 1212, Bangladesh",N/A,N/A,4.2,209,"{'name': 'Ferdous Munir', 'thumbnail': 'https://lh3.googleusercontent.com/a/ACg8ocLKxxBu1Ym1oiZgtK-HFgE7u6IG58DnZmJ4gwFl7ahQvm7r-Q=s120-c-rp-mo-ba5-br100', 'link': 'https://www.google.com/maps/contrib/113549015940902230570?hl=en-US', 'reviews': 63, 'photos': 807}",4,4 years ago,"Nice place to dine in with friend and family. We have ordered Reshmi Kabab, Chicken Cheese Kabab, Chicken Butter Masala and Paratha. Chicken Cheese Kabab is mainly some cheese over Reshmi Kabab. And chef couldn't prepare the Chicken Butter Masala...instead it became Chicken milk like item...They have provided complimentary small portion of Jira Pani and  Papad...which were great in taste and definitely added some value. Overall nice experience..except the taste of Chicken milk like item. Their staffs are very friendly and service was good...Will go back again...",
Sky Pool Restaurant,"Six Seasons Hotel, 15th floor (rooftop, House 19 Rd 96, Dhaka 1212, Bangladesh",+880 1987-009810,N/A,4.5,608,"{'name': 'Dark Man', 'thumbnail': 'https://lh3.googleusercontent.com/a-/ALV-UjUP7_DENxnQbLEoXlY1kjcIumnIgeOu_MPpFfpCOT-zjyOk0ImDfw=s120-c-rp-mo-ba6-br100', 'link': 'https://www.google.com/maps/contrib/114153523663331619383?hl=en-US', 'reviews': 299, 'photos': 2053}",4,2 weeks ago,"The main attraction is the ambience. There are 2 swimming pools. Restaurant has both indoor and outdoor options.

Staff hospitality was very good. Co-operative.

They offered halloween special food items and also decorated the whole restaurant. They have live bbq and some other food items to serve fresh.

Price was reasonable. They also organized live music.",
Sky Pool Restaurant,"Six Seasons Hotel, 15th floor (rooftop, House 19 Rd 96, Dhaka 1212, Bangladesh",+880 1987-009810,N/A,4.5,608,"{'name': 'Sami New Age', 'thumbnail': 'https://lh3.googleusercontent.com/a-/ALV-UjUp64AEj0LygCW06g9tlEzym30LK7n8oZ5LSjaWztRhUbvK7BE=s120-c-rp-mo-ba6-br100', 'link': 'https://www.google.com/maps/contrib/116572956163181635558?hl=en-US', 'reviews': 209, 'photos': 2031}",4,Edited a month ago,"Good buffet BBQ experience.

The negative side would be, less selection of bread, soup, no cold cut beef, salami or selection of cheese and salads. Also few items to choose from for desert. Multiple items on the buffet is a Standard for Five star hotel Restaurants around the world!

Though the BBQ was good, I would not rate it as a 5 star buffet experience. Rather a 3 star experience.

The manager was very polite and made the necessary adjustments for us, though it was full booked. Please make a reservation in advance or come late after 8 pm or 8:30 pm. When it is less crowdy. They made arrangements for us to pay proportionately as per the on going offer. Overall it was a good experience.",
Sky Pool Restaurant,"Six Seasons Hotel, 15th floor (rooftop, House 19 Rd 96, Dhaka 1212, Bangladesh",+880 1987-009810,N/A,4.5,608,"{'name': 'IH Nirjhor (NIR)', 'thumbnail': 'https://lh3.googleusercontent.com/a-/ALV-UjVziVNySxeGPppY-LPff22XKwM9KtOlkyeLzoGrUQ_DDXgoBARr=s120-c-rp-mo-ba5-br100', 'link': 'https://www.google.com/maps/contrib/116329713919328532498?hl=en-US', 'reviews': 144, 'photos': 462}",5,a year ago,"I had the pleasure of dining at this exquisite establishment and was thoroughly impressed. The culinary offerings were nothing short of exceptional, with each dish being a delightful indulgence. We were fortunate to benefit from a Buy One, Get One Free promotion, making the buffet an incredible value at 1750/-, inclusive of water and a refreshing cold beverage. To further enhance the experience, complimentary access to the swimming pool was provided, offering both enjoyment and a perfect way to rejuvenate while burning off a few indulgent calories. I eagerly anticipate my next visit!",
Sky Pool Restaurant,"Six Seasons Hotel, 15th floor (rooftop, House 19 Rd 96, Dhaka 1212, Bangladesh",+880 1987-009810,N/A,4.5,608,"{'name': 'Easin Uddin Syed', 'thumbnail': 'https://lh3.googleusercontent.com/a-/ALV-UjXZLbMrLZk7SzfFwYFGv1qZeZNILoY4Q8Dsn_jMqbfeWss0YLr2AA=s120-c-rp-mo-ba4-br100', 'link': 'https://www.google.com/maps/contrib/113627102787855428170?hl=en-US', 'reviews': 91, 'photos': 334}",5,5 years ago,"We had their buffet on 31st of December 2019 at their Sky Pool Restaurant. They had excellent staff who arranged the seats for us. They we kind and helpful. There was live music due to the new year celebrations. Their food was really good and they have one of the best collection of meat dishes (beef steak, lamb roast, chicken, beef ribs, etc.)  compared to the other top rated buffets in Dhaka. Their price was super reasonable at the time of this review. The Live station was quick and had variety of dishes from sea food to kebabs. Really enjoyed the experience.",
Sky Pool Restaurant,"Six Seasons Hotel, 15th floor (rooftop, House 19 Rd 96, Dhaka 1212, Bangladesh",+880 1987-009810,N/A,4.5,608,"{'name': 'Neelav Samrat De', 'thumbnail': 'https://lh3.googleusercontent.com/a-/ALV-UjWD4-ZqI59uFM1X3VA9sPGzqymXgAUJ9MDQHAopJ3QYIekul3NY=s120-c-rp-mo-ba6-br100', 'link': 'https://www.google.com/maps/contrib/117074081573588089597?hl=en-US', 'reviews': 271, 'photos': 3564}",5,2 years ago,"The ambience is superb! The restaurant is located on the rooftop with an open terrace and a pool.

The food is great. They serve a superb buffet spread including seafood and the likes.
The staff is awesome. Mehedi leads with a team consisting of Mohsin, Pavel, Chef Lalon, Chef Sony, Chef Bhowmick, Chef Rajib. They do an awesome smack on job at suggesting what to eat and are a lovely set of hosts.

The dining experience is wonderful with fresh crabs and prawns and a variety of options. The mutton nihari soup was superb.

The scenery from the restaurant is awesome and you get to see the Indian, US and Canada embassies from the rooftop. The live grill is active. Live music is played every Thursday and Friday.

The overall experience is superb thanks to the people mentioned above.",
Sky Pool Restaurant,"Six Seasons Hotel, 15th floor (rooftop, House 19 Rd 96, Dhaka 1212, Bangladesh",+880 1987-009810,N/A,4.5,608,"{'name': 'Sajjadul Hoq Chowdhury (Sanja)', 'thumbnail': 'https://lh3.googleusercontent.com/a-/ALV-UjWxjnULmMwEFs1S38xmSl3nNvPXB8pM_ssW1gJPh-LgzvOQgTyg=s120-c-rp-mo-ba5-br100', 'link': 'https://www.google.com/maps/contrib/116500319284184687819?hl=en-US', 'reviews': 263, 'photos': 1144}",5,Edited a year ago,"Buffet were average.
Didn't like stake, it was sure dry.
I liked chilli crab the most.
Fried rice and pulao was good too.
If you look for cozy place for hangout with friends and eat. You should go.",
Sky Pool Restaurant,"Six Seasons Hotel, 15th floor (rooftop, House 19 Rd 96, Dhaka 1212, Bangladesh",+880 1987-009810,N/A,4.5,608,"{'name': 'Syed Nahid', 'thumbnail': 'https://lh3.googleusercontent.com/a-/ALV-UjUgwFdvj2lSwAf2-y_5Epy2spFXiR5YeBj6Y3OrMTeGfY2wIE2H=s120-c-rp-mo-ba6-br100', 'link': 'https://www.google.com/maps/contrib/106457699279178264393?hl=en-US', 'reviews': 482, 'photos': 608}",5,3 years ago,"It was wonderful trip. I was feel like home. Staff are so friendly and cooperate. The Sky Pool Restaurant which is my favorite restaurant, food was so yummy and delicious. The Service staff Mr. Mustafa and Mr. Nazmul friendly and professional.
Thanks Six Seasons for great experience!",
Sky Pool Restaurant,"Six Seasons Hotel, 15th floor (rooftop, House 19 Rd 96, Dhaka 1212, Bangladesh",+880 1987-009810,N/A,4.5,608,"{'name': 'confide atik', 'thumbnail': 'https://lh3.googleusercontent.com/a-/ALV-UjVFm_jgVJJhf-rti8s11Bk3YvJXdzWM_4VgNRLyLKPBuTzd8QeKWg=s120-c-rp-mo-ba5-br100', 'link': 'https://www.google.com/maps/contrib/104467894631742122282?hl=en-US', 'reviews': 71, 'photos': 842}",2,5 years ago,"With a lot of expectations i go there. So here are my thoughts.
First part: The Environment
It wasn't a very big place. I wanted to have a poolside dinner but there was no sitting arrangements,  so i ask them about that and they set a table for two . Thanks for that, though there wasn't enough lights.
So overall i would give it a 4/10
nb: there was a under construction part beside our table.
Second part : The Food journey
Ok there is a reason i called it a journey because i took the Buffet dinner offer. Lets start.
We stared with soup . Then sushi,sandwich and salad. The worst part was everything was cold as f. It was really disappointing. Then we tried the bbq section. From there i only like the prawn. Chicken bbq was horrible and beef stake was..... i forgot how it was. After i only tasted boiled fish, grilled chicken, lamd,beef stu, vegetable biriany, and i dont like any of it
From the vey beginning i was hoping for a desert ride and it didn't go well. It was beautiful from outside. Thats it about food .
I will give it a 2/10 because of the prawn and the bottled mineral water.
Third part: The PRICE
The dinner buffet was 3500bdt net per person. I wouldn't mind if had one portion of satisfaction from the food . But i would recommend to spend the money in other places. 2/10
Overall  rating from my experience 3/10
See for yourself",
Goong The Castle,"House no: 88, House no: 88, 12/B Rd No. 50, Dhaka 1212, Bangladesh",+880 1975-238624,http://www.facebook.com/goongthecastle,4.4,845,"{'name': 'Taaif Mehadi', 'thumbnail': 'https://lh3.googleusercontent.com/a/ACg8ocJACTd2j8whCHelX47q6WkVwnTWSkdNWQCFiN8SeiPYnu2ntXwO=s120-c-rp-mo-ba5-br100', 'link': 'https://www.google.com/maps/contrib/113944573405569135424?hl=en-US', 'reviews': 184, 'photos': 280}",4,6 months ago,"I recently dined at Goong, a Korean spot in Gulshan.

The food was outstanding—tempura was crispy and light, the beef was tender and bursting with flavor, the shrimp was perfectly cooked, the rice was fluffy, and the morning glory was a fresh, vibrant side. Portions were massive, easily enough to share, and everything was plated beautifully.
But the servic was a letdown. The waiters lacked any warmth or friendliness.

However, the overall experience was good for an authentic korean experience. I would highly recommend.",
Goong The Castle,"House no: 88, House no: 88, 12/B Rd No. 50, Dhaka 1212, Bangladesh",+880 1975-238624,http://www.facebook.com/goongthecastle,4.4,845,"{'name': 'Chef Marco Marquez', 'thumbnail': 'https://lh3.googleusercontent.com/a-/ALV-UjX7bf5z2s6LIBb6jheZMygNOanr17D2Vgh3ApK80cOqdX1B0Ee18w=s120-c-rp-mo-br100', 'link': 'https://www.google.com/maps/contrib/101718055774749322157?hl=en-US', 'reviews': 10, 'photos': 8}",5,11 months ago,"I am a big fan of Korean Cuisine. I""I’ve tried Korean food all over the world, but this place really stands out. The quality of ingredients in every dish is top-notch, and the culinary techniques used in both preparation and presentation are highly impressive. The flavors were delightful and well-balanced. Service was excellent—the waitstaff was attentive and always on top of things. In my opinion, the quality and value are well worth it. My only regret was not being able to purchase some kimchi to go. Although they have an extended menu, this item isn’t available for takeaway. Overall, it's a restaurant with a good ambiance, and it’s a great place to experience authentic Korean cuisine. Highly recommended!""",
Goong The Castle,"House no: 88, House no: 88, 12/B Rd No. 50, Dhaka 1212, Bangladesh",+880 1975-238624,http://www.facebook.com/goongthecastle,4.4,845,"{'name': 'Sreyash Hossain', 'thumbnail': 'https://lh3.googleusercontent.com/a-/ALV-UjXrDZpQvxAmhgEHJzWucyRUV3nREQupI0ZNV0YdF6zexH8-_Bfnnw=s120-c-rp-mo-ba5-br100', 'link': 'https://www.google.com/maps/contrib/103408008003016196085?hl=en-US', 'reviews': 120, 'photos': 643}",5,Edited a year ago,Goong The Castle is a very nice Chinese restaurant to eat at. The food is incredible! They have a wide variety from fresh seafood to meats and it is really delicious. The service is excellent and they even gave us food on the house! The atmosphere is nice and feels like an authentic Korean place.,
Goong The Castle,"House no: 88, House no: 88, 12/B Rd No. 50, Dhaka 1212, Bangladesh",+880 1975-238624,http://www.facebook.com/goongthecastle,4.4,845,"{'name': 'Mahbub Rahman Nafee', 'thumbnail': 'https://lh3.googleusercontent.com/a-/ALV-UjWGG_rI0QHRHuouWzHjFbIsfOhG_tp02JE3jOO1OesHU-InJFTaGQ=s120-c-rp-mo-ba6-br100', 'link': 'https://www.google.com/maps/contrib/117128918231819158693?hl=en-US', 'reviews': 405, 'photos': 3869}",4,Edited a year ago,"This is a great place to try out some authentic Korean cuisine. The ambiance is nice and they have options for separate rooms for large groups, as well as normal dining space. Their menu is quite vast and as this place tends to attract a lot of foreigners, they ensure that the products are cooked in authentic fashion and presented accordingly. The service is quite good, very responsive. I asked if they could give me a poached egg separately (as it was not on the menu), but they said it was not possible, however, later they gave us some egg soufflés, and that too on the house! This seemed like a really good gesture from the staff. The food was well prepared, clean, and presented well, and most importantly, tasted delicious. Their duck was especially good, wouldn't mind having that again and again. Overall, I would definitely recommend giving this place a try.",
Goong The Castle,"House no: 88, House no: 88, 12/B Rd No. 50, Dhaka 1212, Bangladesh",+880 1975-238624,http://www.facebook.com/goongthecastle,4.4,845,"{'name': 'Sparkle By Lamia', 'thumbnail': 'https://lh3.googleusercontent.com/a-/ALV-UjWrKE86sabcIdvxWlsIpis7pFSoFiOYgeWAyzmz_tyzhK1m2IUxsA=s120-c-rp-mo-br100', 'link': 'https://www.google.com/maps/contrib/105248512696043267726?hl=en-US', 'reviews': 7, 'photos': 7}",5,4 months ago,"I will give them 11 out of 10.
Their service was excellent.
Everything was great",
Goong The Castle,"House no: 88, House no: 88, 12/B Rd No. 50, Dhaka 1212, Bangladesh",+880 1975-238624,http://www.facebook.com/goongthecastle,4.4,845,"{'name': 'Hassan Imam', 'thumbnail': 'https://lh3.googleusercontent.com/a-/ALV-UjUhXVkIyCC7Acbs-esbuq4hwHNWE-SnnnrfchJpTl0dcWZODtM=s120-c-rp-mo-ba3-br100', 'link': 'https://www.google.com/maps/contrib/100555495587350682142?hl=en-US', 'reviews': 19, 'photos': 59}",5,a year ago,What a lifetime experience with Korean cuisine. Such an amazing food experience I have ever had. Food is so tasty and yummy. If you really taste the authentic Korean food at Dhaka try this. Thnx team goong.,
Goong The Castle,"House no: 88, House no: 88, 12/B Rd No. 50, Dhaka 1212, Bangladesh",+880 1975-238624,http://www.facebook.com/goongthecastle,4.4,845,"{'name': 'Nafisa Delwar', 'thumbnail': 'https://lh3.googleusercontent.com/a-/ALV-UjWtB1MQJhG8kGbyRp0iEhqYLWyjrvx_tHSqGMgvStPYl9SVg6rk=s120-c-rp-mo-ba5-br100', 'link': 'https://www.google.com/maps/contrib/102898529647760775739?hl=en-US', 'reviews': 49, 'photos': 424}",4,a year ago,"Nestled in the heart of Gulshan, Goong The Castle is an elegant Korean dining experience that transports you to a different world the moment you step in. The restaurant's ambience is a blend of traditional Korean aesthetics and modern luxury, making it an ideal spot for both casual dining and special occasions.
The decor at Goong The Castle is truly a feast for the eyes. The restaurant is designed to resemble a traditional Korean castle, with intricate woodwork, soft lighting, and tasteful artwork adorning the walls. The seating is comfortable, with both private dining areas and communal tables, making it suitable for intimate dinners or larger gatherings.
The menu at Goong The Castle is extensive, offering a wide variety of authentic Korean dishes. The highlight is undoubtedly the barbecue, where diners can grill their own meats at the table. The quality of the ingredients is top-notch, with the beef and pork being particularly tender and flavorful. The side dishes (banchan) are plentiful and varied, providing a perfect complement to the main dishes. The kimchi, a staple of Korean cuisine, is well-prepared and has the right balance of spice and tanginess.

For those less inclined towards barbecue, the menu also offers a range of other traditional dishes such as bibimbap, japchae, and various stews. The seafood pancake (haemul pajeon) is crispy and generously filled with fresh seafood, while the spicy tofu stew (soondubu jjigae) is comforting and rich in flavor.

The service at Goong The Castle is attentive and polite, with staff members eager to explain the menu and offer recommendations. They are quick to respond to requests and ensure that the dining experience is smooth and enjoyable. However, during peak hours, the service can be slightly slower due to the high volume of diner.

Goong The Castle is on the pricier side, especially compared to other dining options in Gulshan. However, considering the quality of the food, the unique dining experience, and the elegant setting, it offers good value for money. It's a place where you go not just to eat, but to savor a culinary journey.

Goong The Castle is a must-visit for anyone in Dhaka looking to experience authentic Korean cuisine in a luxurious setting. Whether you're a fan of Korean food or just looking for a unique dining experience, this restaurant is sure to impress. Despite the slightly higher prices, the overall experience is well worth it.",
Goong The Castle,"House no: 88, House no: 88, 12/B Rd No. 50, Dhaka 1212, Bangladesh",+880 1975-238624,http://www.facebook.com/goongthecastle,4.4,845,"{'name': 'Iqbal Ahmed', 'thumbnail': 'https://lh3.googleusercontent.com/a-/ALV-UjXnycXVi9MIcgc2xiTDEXoUvGy3_79JP0B8NNDCoEyQRHnmrHtjBw=s120-c-rp-mo-ba4-br100', 'link': 'https://www.google.com/maps/contrib/112251367684241200727?hl=en-US', 'reviews': 34, 'photos': 34}",5,Edited a year ago,"I had a good experience there. The food was delicious and fresh, especially the sushi, kimbap, and beef bulgogi. The service was excellent, with a complimentary starter and dessert. The staff was friendly and attentive, and the atmosphere was cozy and inviting. I would definitely recommend this place to anyone who loves Korean cuisine.",
Istanbul Restaurant Dhaka,"QCW7+79W, House-10, Road-53, Gulshan Circle-2, Top of Weavers Level-6 Dhaka, Dhaka 1212, Bangladesh",+880 1771-000000,http://www.istanbulrestaurantbd.com/,4.1,2011,"{'name': 'Mokit Hossain', 'thumbnail': 'https://lh3.googleusercontent.com/a-/ALV-UjWv8N6HGzPCCFoGjsjYcveGkH9kax-536nSaEjzdowdpOXCY6Q6lw=s120-c-rp-mo-ba7-br100', 'link': 'https://www.google.com/maps/contrib/108953325624988526671?hl=en-US', 'reviews': 286, 'photos': 5662}",4,5 months ago,"It’s a family kind restaurant located near to the Gulshan - 2 circle. As far I know that it’s one of the oldest restaurants that serve mainly Turkey style foods. The place is in the medium range. Reservation is not mandatory but you can call them for reservation.

The taste of the food is not bad but also not too delicious. The food is good until it’s hot. If the food gets cold, it doesn't taste good anymore. The pizza was too tasty for us, I'll recommend these items.

The behavior of the staff is also good. Here, cash & card both payment systems are acceptable. No wheelchair accessibility facilities are presented here.",
Istanbul Restaurant Dhaka,"QCW7+79W, House-10, Road-53, Gulshan Circle-2, Top of Weavers Level-6 Dhaka, Dhaka 1212, Bangladesh",+880 1771-000000,http://www.istanbulrestaurantbd.com/,4.1,2011,"{'name': 'Sadman Tanvir', 'thumbnail': 'https://lh3.googleusercontent.com/a-/ALV-UjUyCKB2hfNL2N0Yl4iLqqT2EQg3Ft_N-TY-IuuDmMnmcSsDWoWDQQ=s120-c-rp-mo-ba6-br100', 'link': 'https://www.google.com/maps/contrib/113567796257966729125?hl=en-US', 'reviews': 420, 'photos': 1107}",4,6 months ago,"If you're craving authentic Turkish flavors in the heart of Dhaka, Istanbul Restaurant is a fantastic choice. The cozy ambiance, attentive staff, and traditional Turkish décor create a welcoming environment that complements the dining experience.

The food is undoubtedly the star of the show. Their mixed grill platter is packed with flavor—succulent, well-seasoned meats that truly reflect Turkish culinary excellence. The lavash bread is soft and fresh, the hummus rich and creamy, and the baklava offers a perfectly sweet finish.

One area for improvement, however, is the pricing. While the food quality is high, the menu is on the pricier side compared to similar restaurants in the city. That said, the overall experience makes it worth it if you're looking for an occasional treat or special night out.

Highly recommended for lovers of Middle Eastern and Mediterranean cuisine who don’t mind spending a bit extra for quality.",
Istanbul Restaurant Dhaka,"QCW7+79W, House-10, Road-53, Gulshan Circle-2, Top of Weavers Level-6 Dhaka, Dhaka 1212, Bangladesh",+880 1771-000000,http://www.istanbulrestaurantbd.com/,4.1,2011,"{'name': 'Ali Hasan', 'thumbnail': 'https://lh3.googleusercontent.com/a-/ALV-UjX1HSHIfJvBuVK5PyKgy4Aho77XhlNh481zRTT_bk38Z89W3MDcrQ=s120-c-rp-mo-ba5-br100', 'link': 'https://www.google.com/maps/contrib/102698599330615019405?hl=en-US', 'reviews': 76, 'photos': 534}",2,a month ago,"This restaurant is old, food test is not good we take mixed grilled but test isn’t good. Entry way is not enough good. Fire safety is missing from he restaurant.",
Istanbul Restaurant Dhaka,"QCW7+79W, House-10, Road-53, Gulshan Circle-2, Top of Weavers Level-6 Dhaka, Dhaka 1212, Bangladesh",+880 1771-000000,http://www.istanbulrestaurantbd.com/,4.1,2011,"{'name': 'Mahmudul Hassan Dhrubo', 'thumbnail': 'https://lh3.googleusercontent.com/a-/ALV-UjUfekgXdOD2ZWiOT1VuEy6NdhR9G-O4ToC96zoxJXzW55x6HJmy=s120-c-rp-mo-ba6-br100', 'link': 'https://www.google.com/maps/contrib/102654406098375667013?hl=en-US', 'reviews': 152, 'photos': 2542}",5,2 months ago,Tried Pide Pizza. Happy to try Turkish Pizza. Taste was good. Kunafa was also sweet. 😋❤️,
Istanbul Restaurant Dhaka,"QCW7+79W, House-10, Road-53, Gulshan Circle-2, Top of Weavers Level-6 Dhaka, Dhaka 1212, Bangladesh",+880 1771-000000,http://www.istanbulrestaurantbd.com/,4.1,2011,"{'name': 'Zamshedul Islam', 'thumbnail': 'https://lh3.googleusercontent.com/a-/ALV-UjWksrAfuNo9zJ55635gYQLm17bgG1pSB0kiN4eXsS796_Gj3-eohg=s120-c-rp-mo-ba4-br100', 'link': 'https://www.google.com/maps/contrib/118162252675488739276?hl=en-US', 'reviews': 101, 'photos': 96}",4,Edited a month ago,I great food quality combining special tea and deserts. The ambiance of the restaurent is also lovely. They need to develop their hosts behaviour.,
Istanbul Restaurant Dhaka,"QCW7+79W, House-10, Road-53, Gulshan Circle-2, Top of Weavers Level-6 Dhaka, Dhaka 1212, Bangladesh",+880 1771-000000,http://www.istanbulrestaurantbd.com/,4.1,2011,"{'name': 'V. Murat Celik', 'thumbnail': 'https://lh3.googleusercontent.com/a-/ALV-UjXHk9B2XIVaF9RzUi8SeQSsL7zdLmHoq8zf47E5za-UAnx-vlq9-A=s120-c-rp-mo-ba3-br100', 'link': 'https://www.google.com/maps/contrib/117929108750905193758?hl=en-US', 'reviews': 15, 'photos': 19}",5,a month ago,"Really very delicious 👌🏻
Nice people, smiling sincerely ❤️
Nice Turkish music 🎶",
Istanbul Restaurant Dhaka,"QCW7+79W, House-10, Road-53, Gulshan Circle-2, Top of Weavers Level-6 Dhaka, Dhaka 1212, Bangladesh",+880 1771-000000,http://www.istanbulrestaurantbd.com/,4.1,2011,"{'name': 'Safkat Nirjash', 'thumbnail': 'https://lh3.googleusercontent.com/a-/ALV-UjWccvFa0hERIBC12KiNteISBzJuvT8PLjeNwaXzyrGJCTqUKoeb7w=s120-c-rp-mo-ba7-br100', 'link': 'https://www.google.com/maps/contrib/114119367277397908667?hl=en-US', 'reviews': 160, 'photos': 12392}",3,a year ago,"Wanted to try Turkish food in the city. After a quick search and review check went to this place. Was a bit hard to find. Didn't know it was in the same building as the bittersweet.

The atmosphere was quiet. No one was there. Service could definitely be better. Food was good though. A bit pricy though. But the tea was far from the traditional Turkish tea.

The Adena kebab was juicy and meaty and spicy. I like it. Not the traditional Adena though. It's the desi version of it. So be mentally prepared for that.",
Istanbul Restaurant Dhaka,"QCW7+79W, House-10, Road-53, Gulshan Circle-2, Top of Weavers Level-6 Dhaka, Dhaka 1212, Bangladesh",+880 1771-000000,http://www.istanbulrestaurantbd.com/,4.1,2011,"{'name': 'Asif Mohammad', 'thumbnail': 'https://lh3.googleusercontent.com/a-/ALV-UjVgTQQvxqXOAb5VvtfAZmHyOwVazOlcfDlx79fe4L-Uyj-FiU8P9Q=s120-c-rp-mo-ba4-br100', 'link': 'https://www.google.com/maps/contrib/116819763737309666388?hl=en-US', 'reviews': 122, 'photos': 26}",3,a month ago,"This restaurant is so called Turkish Retro, average food quality with overprice.",
Dhaka Metro Restaurant,"house 48, Rd 52, Dhaka 1212, Bangladesh",+880 1978-834274,N/A,4.1,1393,"{'name': 'BD Tanzim Yousuf', 'thumbnail': 'https://lh3.googleusercontent.com/a-/ALV-UjUI5gWHefKzMcYUM8gVIo1MViDsQqE9iinxhez1AJnl3V5AXs1E=s120-c-rp-mo-ba6-br100', 'link': 'https://www.google.com/maps/contrib/102796696996977322178?hl=en-US', 'reviews': 199, 'photos': 1867}",3,2 years ago,"Restaurant’s Name: Dhaka Metro

Its a pretty popular restaurant in Banani mainly among youngsters. I tried their food several times & today i am going to share my personal verdict regarding some of their items which i tried recently.

Dhela Kichuri/Letka Khichuri with Beef- 399tk
Tasted superb & it had achari flavor in it. This is one of their best seller. The meat was flavorful & tender but i feel the quantity doesn’t do justice to the amount paid.

Chotpoti- 130tk
This was pretty average or basic. If you are extremely craving for chotpoti while visiting this place, you might give it a go.

Chicken Keema Moghlai Porota- 220tk
This was again good but the price was way too high.

Chicken Chap with 2 Luchi- 395tk
This was another hit item & the portion of the chicken was satisfactory. Their chap is one of the best one i had. The luchis were light & went perfectly. However the price is high sadly.

Luchi & Aloor dom- 210tk
The alur dom had an achari flavor to it & tasted yum but the 1st day i went, they served microscopic amount of potatoes. The next day upon requesting they served comparatively more. The taste was good but i request them to serve more potatoes as its called alur dom not jhol dom.

Jilapi with rabri (Large)- 299tk
We all loved this jilapi. It was not too sweet, was very crispy & had the aroma of ghee in it.

Masala Tea- 110tk
The 1st time i were there, i ordered ghee bakorkhani with it which you need to pay extra but it totally lacked the ghee flavor even though this tea was pretty good. I recommend the tea but not the bakorkhani since its just a basic one.

Prices are excluding 5% VAT",
Dhaka Metro Restaurant,"house 48, Rd 52, Dhaka 1212, Bangladesh",+880 1978-834274,N/A,4.1,1393,"{'name': 'Saiduzzaman Pulak', 'thumbnail': 'https://lh3.googleusercontent.com/a-/ALV-UjXal-8jMm8iY4-cfzgCHX_4aYcYNwEJ08tklLLRjW3cWhig4apVUg=s120-c-rp-mo-ba5-br100', 'link': 'https://www.google.com/maps/contrib/117617408036910934823?hl=en-US', 'reviews': 190, 'photos': 1304}",5,3 years ago,"I found the restaurant to be one of the best! The food tasted awesome. We were eight people and everyone enjoyed their food very much. The environment was also good, though due to the load-shedding AC was not functioning efficiently with generator power. The decoration was so creative. Loved that too.",
Dhaka Metro Restaurant,"house 48, Rd 52, Dhaka 1212, Bangladesh",+880 1978-834274,N/A,4.1,1393,"{'name': 'Sandipon Paul', 'thumbnail': 'https://lh3.googleusercontent.com/a-/ALV-UjWHA2DNWqE2FMHDtskXZ00Wm3MhQ5skGZoGZav0Dq2sz2kN8PqJew=s120-c-rp-mo-ba5-br100', 'link': 'https://www.google.com/maps/contrib/116182960121877554010?hl=en-US', 'reviews': 116, 'photos': 585}",5,3 years ago,"In Short:
Must go for beautiful space and delicious testing food.

In Detail:
Their food are soo delicious.
I loved all the foods I tasted there.

Must visit the place. It is well decorated. The interior is very nice.

There is one very special space of outside sitting. The outdoor seating arrangement is just awesome.

The waiters are well behaved.

One might say, the food serving is a bit late. But it's always fresh.

You must visit this place. Highly recommended.

I have attached few food pictures and the foods that I had.",
Dhaka Metro Restaurant,"house 48, Rd 52, Dhaka 1212, Bangladesh",+880 1978-834274,N/A,4.1,1393,"{'name': 'Ahmed Hasnain Mashuk', 'thumbnail': 'https://lh3.googleusercontent.com/a-/ALV-UjXpjNvGDb9PEg2kc10VV3t-AhVJ1BkpUj1l8Jz0a4H_h0PE6zr7Dg=s120-c-rp-mo-ba5-br100', 'link': 'https://www.google.com/maps/contrib/115755347746163052436?hl=en-US', 'reviews': 62, 'photos': 1058}",5,3 years ago,Their food are soo delicious. I loved all the foods I tasted there. Must visit the place. Well decorated. The waiters are well behaved. The interior is very nice. The outdoor seating arrangement is just awesome. Though the food serving is a bit late. I hope they improve it soon. You must visit this place. Highly recommended. I have attached the picture of the menu and the foods I had.,
Dhaka Metro Restaurant,"house 48, Rd 52, Dhaka 1212, Bangladesh",+880 1978-834274,N/A,4.1,1393,"{'name': 'Moin Uddin Ahmed', 'thumbnail': 'https://lh3.googleusercontent.com/a-/ALV-UjUCtfZrsn7JBeUnH-c9u06_g4io9LSvJadM3NBKWJLH7G1UJISNNw=s120-c-rp-mo-ba5-br100', 'link': 'https://www.google.com/maps/contrib/109817320509562424762?hl=en-US', 'reviews': 77, 'photos': 741}",5,Edited 2 years ago,"Good place for traditional vibe and foods. You can get traditional foods with funny words around. They server delicious foods in breakfast, lunch and dinner as well. Indoor and outdoor facilities are available here with a nice smoking zone.",
Dhaka Metro Restaurant,"house 48, Rd 52, Dhaka 1212, Bangladesh",+880 1978-834274,N/A,4.1,1393,"{'name': 'karimun rahman', 'thumbnail': 'https://lh3.googleusercontent.com/a/ACg8ocIUya_6-OEoEBXoNmTgovVf2bqvxSddZwDNRsN7OA6YYSh11Q=s120-c-rp-mo-ba3-br100', 'link': 'https://www.google.com/maps/contrib/107988521978726069599?hl=en-US', 'reviews': 2, 'photos': 58}",5,6 months ago,"Dhaka Metro Restaurant is a great spot for anyone looking to enjoy quality food in a clean and comfortable setting. Located in a convenient part of the city, it’s ideal for both casual hangouts and family meals.

The restaurant has a modern and cozy ambiance that immediately feels welcoming. The seating is spacious, and the environment is perfect for relaxing and enjoying your time.

The food is one of the main highlights. I tried their grilled chicken and beef burger — both were delicious and well-cooked. The ingredients tasted fresh, and the spice levels were just right. Their fried rice and Thai soup also come highly recommended by other diners.Service was excellent. The staff was friendly, attentive, and made sure we had everything we needed without being overbearing. Food was served quickly and looked just as good as it tasted.

Prices are reasonable and match the quality and portion size. It’s a great value overall, especially considering the good service and clean environment.

The restaurant also offers takeaway and home delivery, which adds to its convenience. With easy parking and a central location, Dhaka Metro Restaurant is definitely worth a visit.",
Dhaka Metro Restaurant,"house 48, Rd 52, Dhaka 1212, Bangladesh",+880 1978-834274,N/A,4.1,1393,"{'name': 'Ignomite', 'thumbnail': 'https://lh3.googleusercontent.com/a-/ALV-UjVaTAfPCznF4ATqbETIRsPnd8WJVK10yIt7na_IzKx_yKFdE8Y9=s120-c-rp-mo-ba5-br100', 'link': 'https://www.google.com/maps/contrib/102666432168471644407?hl=en-US', 'reviews': 203, 'photos': 471}",3,4 years ago,The is in a good location. Their food was very delicious. The restaurant is mainly a smoking zone. All people were smoking. Their service was responsive. But the prices are extremely high if you compare with environment. I would not recommend that place to give a family visit because its full of smokers.,
Dhaka Metro Restaurant,"house 48, Rd 52, Dhaka 1212, Bangladesh",+880 1978-834274,N/A,4.1,1393,"{'name': 'Mohammad Majharul Islam', 'thumbnail': 'https://lh3.googleusercontent.com/a-/ALV-UjX5ZDQhWRGW3EOzMys9giFtctcNb_IyS07reg3WjkA4e_QvI6hX=s120-c-rp-mo-ba5-br100', 'link': 'https://www.google.com/maps/contrib/113559565587390846201?hl=en-US', 'reviews': 204, 'photos': 758}",5,Edited 6 months ago,"Dhaka Metro Restaurant is a great spot for anyone looking to enjoy quality food in a clean and comfortable setting. Located in a convenient part of the city, it’s ideal for both casual hangouts and family meals.

The restaurant has a modern and cozy ambiance that immediately feels welcoming. The seating is spacious, and the environment is perfect for relaxing and enjoying your time.

The food is one of the main highlights. Dhaka Metro Restaurant offers a wide variety of delicious and well-prepared dishes. Their grilled chicken and beef burger are particularly noteworthy, with fresh-tasting ingredients and a perfect balance of flavors. The fried rice and Thai soup are also highly recommended by other diners.

Service is excellent. The staff is friendly, attentive, and ensures that guests have everything they need without being intrusive. Food is served promptly and is presented beautifully.

Prices are reasonable and reflect the quality and portion size. Overall, it’s a great value, especially considering the excellent service and clean environment.

For added convenience, the restaurant also offers takeaway and home delivery services. With easy parking and a central location, Dhaka Metro Restaurant is a highly recommended dining destination.",
Thai Emerald,"1212, 4/B Road No. 2, Dhaka 1212, Bangladesh",+880 1766-293935,N/A,4.3,2968,"{'name': 'Rokib Zimi', 'thumbnail': 'https://lh3.googleusercontent.com/a-/ALV-UjVTZvh-dBzyvzPMsAnN3EPn3yfyMoDh70HcrRTDYijaziLo3sAg=s120-c-rp-mo-ba5-br100', 'link': 'https://www.google.com/maps/contrib/110771658002099197108?hl=en-US', 'reviews': 111, 'photos': 156}",5,2 months ago,"I recently had lunch at Thai Emerald in Gulshan, and it was a great experience. First off, the free parking made things super convenient, which is always a plus in Dhaka.

The food was the real highlight. Their Thai fried rice was flavorful and perfectly cooked—light but still filling. The whole snapper was outstanding, fresh and cooked just right with bold flavors that stood out. I also really enjoyed the fish cakes—crispy on the outside, soft inside, and packed with that authentic Thai taste. To wrap it up, the mango sticky rice was the perfect ending: sweet, creamy, and refreshing.

The atmosphere was nice and relaxed, and the service was friendly without being over the top. If you’re looking for good Thai food in Gulshan, Thai Emerald is definitely worth a visit.",
Thai Emerald,"1212, 4/B Road No. 2, Dhaka 1212, Bangladesh",+880 1766-293935,N/A,4.3,2968,"{'name': 'Md.Ahasanul Alam', 'thumbnail': 'https://lh3.googleusercontent.com/a-/ALV-UjURiq5Eqp8XM8C5JzMDiYBFEFrn_rrOrOa6W5mEv5QeN-vQ5Zk=s120-c-rp-mo-ba5-br100', 'link': 'https://www.google.com/maps/contrib/112477631869524954785?hl=en-US', 'reviews': 97, 'photos': 413}",4,7 months ago,"We ordered chicken satay and fish cake as an appetizer. The food was good but the sauce didn’t complement the food.

As main cuisine we ordered
Pineapple rice
Sea food rice
Chicken fry
Chicken green curry
Beef and calamari.

All the food was fresh and the taste was good.
But I expected a bit better taste.

Service and ambience are top notch but the price is a bit premium.

Finally their coconut ice cream is a must try item.

Overall a good experience.",
Thai Emerald,"1212, 4/B Road No. 2, Dhaka 1212, Bangladesh",+880 1766-293935,N/A,4.3,2968,"{'name': 'Danica Yu', 'thumbnail': 'https://lh3.googleusercontent.com/a/ACg8ocIkSL4BkaiKSFYnsThnbTYIvj30-W36mYKhfz7rh-Fs_40xZQ=s120-c-rp-mo-ba2-br100', 'link': 'https://www.google.com/maps/contrib/112240565438256061641?hl=en-US', 'reviews': 7, 'photos': 34}",5,3 months ago,"Their Tom Yum Goong soup is delicious, as is the chicken skewers, and the ice cream is a great dessert. Their noodles and fried rice are generously portioned and perfect for sharing.",
Thai Emerald,"1212, 4/B Road No. 2, Dhaka 1212, Bangladesh",+880 1766-293935,N/A,4.3,2968,"{'name': 'Sharrar Tanveer', 'thumbnail': 'https://lh3.googleusercontent.com/a-/ALV-UjW6opuValWR88eceqq6DjWTJj0EYDmUS7xokELvu4zm3vtiy2PKPg=s120-c-rp-mo-ba3-br100', 'link': 'https://www.google.com/maps/contrib/107249018677601529159?hl=en-US', 'reviews': 17, 'photos': 126}",5,a month ago,Food is on point. Waiters are really sincere and atmosphere is elegant,
Thai Emerald,"1212, 4/B Road No. 2, Dhaka 1212, Bangladesh",+880 1766-293935,N/A,4.3,2968,"{'name': 'Dr. Mehruba Mona', 'thumbnail': 'https://lh3.googleusercontent.com/a/ACg8ocJQhRVqnjx2Fo68SezhSGQZHz9IfhngU16Ta-2KIPIlqbSLK8k=s120-c-rp-mo-ba5-br100', 'link': 'https://www.google.com/maps/contrib/111985086601936267794?hl=en-US', 'reviews': 196, 'photos': 687}",5,4 months ago,Great Thai food with good balance of flavors and fresh ingredients. The place was spacious and clean as well.,
Thai Emerald,"1212, 4/B Road No. 2, Dhaka 1212, Bangladesh",+880 1766-293935,N/A,4.3,2968,"{'name': 'Tazneen Shaon', 'thumbnail': 'https://lh3.googleusercontent.com/a/ACg8ocLBAPWswUYPoQfNRbP1-sFvTawGvv4iO8GVEOGzzcRn3zaDwQ=s120-c-rp-mo-ba3-br100', 'link': 'https://www.google.com/maps/contrib/115259408769220913289?hl=en-US', 'reviews': 19, 'photos': 29}",5,a year ago,A great option for when you want something different from the typical faux chinese eateries. The food is pricey but not extravagantly so—you can get wrap up dinner fully within 1.5k per person—and the portions weren't small. Above all the food was excellent. Would definitely go again.,
Thai Emerald,"1212, 4/B Road No. 2, Dhaka 1212, Bangladesh",+880 1766-293935,N/A,4.3,2968,"{'name': 'Afreen Nagma', 'thumbnail': 'https://lh3.googleusercontent.com/a-/ALV-UjWTfiFlZQdSuXr8Hj_Qg2A2kUj_8RkE2mkD2vx3gdvT6SIYmPgq=s120-c-rp-mo-ba4-br100', 'link': 'https://www.google.com/maps/contrib/114199030777423883345?hl=en-US', 'reviews': 72, 'photos': 292}",5,6 months ago,"The food was really good but I was upset a lot bcz that day I caught someone unexpectedly there which was unfortunate for me anyway- jokes a part.
About the restaurant food quality and atmosphere everything was good.",
Thai Emerald,"1212, 4/B Road No. 2, Dhaka 1212, Bangladesh",+880 1766-293935,N/A,4.3,2968,"{'name': 'Arunima Barua', 'thumbnail': 'https://lh3.googleusercontent.com/a/ACg8ocIF0tNHdZeC4kpi5eFuzClNmBqqRwxvyIRX7v29LloEw1vf=s120-c-rp-mo-ba3-br100', 'link': 'https://www.google.com/maps/contrib/109925135867029344045?hl=en-US', 'reviews': 11, 'photos': 47}",4,9 months ago,"Went for their raving reviews.. Ordered their Fried Wonthon(8/10), Chicken Corn Soup (10/10), Chicken Cashewnut Salad(6.5/10), Chicken Fried Rice(7/10), Spring Fried Chicken(6.5/10) and Coconut Ice Cream (9/10)🍧
Had a very basic menu at a Thai place having family at hand. Each of their items are at a proportion for 3 people except the coconut ice cream
Starting with their Fried Wonthon rating it a solid 8/10.. They were crispy and perfectly fried..though would've liked a bit more filling as the filling wasn't even noticeable in taste.
Paired along the Chicken Corn Soup..Would give it a 10/10... This is the best corn soup I've had in a while..The broth was thick, filled with chicken and egg and had a buttery creamy texture to it..The smell of butter escalated the taste so much better
Then tried only two main courses and a salad as we were full already... Chicken Fried Rice paired with Spring Fried chicken..and chicken cashewnut salad on the side.
Would rate the chicken fried rice a 7/10 ... The fried rice was however very average tasting. The big slices of chicken in the rice were however bland tasting.. didn't pair well with the rice...their fried rice needs quite an improvement...
Their spring fried chicken also felt quite bland to me inside..it felt not well marinated and not juicy inside..Rating this a 6.5/10 and the coating while being crispy.. didn't add much to the taste. Together the rice and spring fried chicken paired better together...
I would give the cashewnut salad a 5/10 as well ... It was too saucy and too tangy for our taste...not the traditional cashewnut salad we love...we had to pick and eat the chicken pieces and the nuts were too sour to eat...Even though I like a cashewnut salad saucy/dry..they went overboard with the sauce..so much so it felt more like almost a curry rather than a salad.
Their coconut ice cream garnished with peanuts and a layer of sticky rice beneath is a solid 9/10. Loved it...It was refreshing like the waves of the sea...
Even though I've heard people complaining about their proportions,I found the portions quite commendable and more than adequate for 3 people having a 2-3 course meal... I'd say 4 people could easily share their 1:3 portions. Would've loved if the staff were more welcoming. Wanted to strike up by praising on their proportion but instead received an underwhelming smile😅 There behavior was however friendly..but could've been more warm. Looking forward to going again someday and ordering other authentic Thai dishes for a better food experience ❤️",
Cilantro,"House-52, Road 12A, Dhaka 1213, Bangladesh",+880 1766-449912,http://www.facebook.com/cilantrobd,4.1,1905,"{'name': 'BEE', 'thumbnail': 'https://lh3.googleusercontent.com/a-/ALV-UjX7D-AJEBuzWbRpy2sd0HqPxGxiPL0KQEYFNaoO3BydxhBeUm8SZQ=s120-c-rp-mo-ba5-br100', 'link': 'https://www.google.com/maps/contrib/111030977252901699932?hl=en-US', 'reviews': 84, 'photos': 551}",5,a week ago,"One of the best “cream of mushroom soup” in town.
This place is very nice cozy & relaxed. Well deco-red & Classy.

Food was really good. Went for dinner and ordered soup and steak. Loved the soup. Didn’t expect that good.

Service was good.
Good for all kind of gathering.",
Cilantro,"House-52, Road 12A, Dhaka 1213, Bangladesh",+880 1766-449912,http://www.facebook.com/cilantrobd,4.1,1905,"{'name': 'Shohail Saifullah', 'thumbnail': 'https://lh3.googleusercontent.com/a-/ALV-UjX3VLLa9PaDEeiQSBXpvGan1ilcthIDV8oAb2cHJtVdesQVY_Ae=s120-c-rp-mo-ba4-br100', 'link': 'https://www.google.com/maps/contrib/102302969385890159673?hl=en-US', 'reviews': 31, 'photos': 69}",4,a month ago,"I loved the decor, it's quite subtle yet tastefully done. The food was great too! I had their buy 1 get 1 steak offer. The food came out quite fast, and the steak was done to order. The meat was soft and well flavoured, the mashed potates were great too.
The only short coming that i add is that their sauce was a little spicy and didn't pair that well with the steak but it was alright, the sautéed vegetable was alright nothing special.
Overall, I'd definitely be coming back here again, especially for the bogo.
And yes, I had both of them.",
Cilantro,"House-52, Road 12A, Dhaka 1213, Bangladesh",+880 1766-449912,http://www.facebook.com/cilantrobd,4.1,1905,"{'name': 'Rafiul Alam', 'thumbnail': 'https://lh3.googleusercontent.com/a-/ALV-UjUyIi-17hmZbKcpLMYdSMJ3qjZzO8m3QcP53MjrabzcKrAt8opU=s120-c-rp-mo-ba3-br100', 'link': 'https://www.google.com/maps/contrib/115018287800001593835?hl=en-US', 'reviews': 47, 'photos': 55}",2,5 months ago,"One of the worst steak I have ever tasted! I couldn't finish it off despite this is my fav platter! Cream of mushroom soup was good and so is their atmosphere. We took the offer of buy 1 get 1 steak. I recommend everyone not to take this offer as the taste is horrible!!! However, if you want to experience a good environment only, you may visit.",
Cilantro,"House-52, Road 12A, Dhaka 1213, Bangladesh",+880 1766-449912,http://www.facebook.com/cilantrobd,4.1,1905,"{'name': 'touhida khan', 'thumbnail': 'https://lh3.googleusercontent.com/a-/ALV-UjVYvmRlBwy4HdF7k_P-5ua_7xl57QCUcnjNZRG6OPpHkNsWaKJA=s120-c-rp-mo-br100', 'link': 'https://www.google.com/maps/contrib/116573166665522959154?hl=en-US', 'reviews': 3, 'photos': 1}",1,a week ago,"I had an absolutely terrible experience at Chef’s Table Cilantro, Gulshan-2. First, they took 30 minutes to serve the food, which turned out to be completely cold and stale. Then, after complaining, they made us wait another hour for a fresh batch! On top of that, the prices were nowhere near justified for the quality of food. Overall, it was a truly awful experience.",
Cilantro,"House-52, Road 12A, Dhaka 1213, Bangladesh",+880 1766-449912,http://www.facebook.com/cilantrobd,4.1,1905,"{'name': 'Foujia Chaity', 'thumbnail': 'https://lh3.googleusercontent.com/a-/ALV-UjXHr6yrTtb_EpJKckUkHjO92nYtAtabKCeQ7PYLbpvuvy4Ta_GF=s120-c-rp-mo-ba2-br100', 'link': 'https://www.google.com/maps/contrib/118006255543682530124?hl=en-US', 'reviews': 8, 'photos': 19}",4,5 months ago,"I recently tried the seafood platter at Cilantro. The seafood chowder was absolutely delicious—rich, creamy, and packed with flavor. The garlic bread paired perfectly with it, and the drinks were also enjoyable in both taste and presentation. The thick-cut fries were decent, though not particularly memorable.

However, the batter-fried fish fillet was disappointing. It lacked seasoning and crispness, and didn’t quite meet my expectations. For the price, I felt the overall platter wasn’t worth it.

What made the experience worse was the poor service. Despite being charged a 10% service fee, our waiter was inattentive and seemed disinterested. We had to repeatedly ask for basic things, and even then, he forgot to bring us tissues. It felt like we were mostly left to manage on our own.

Overall: The food had some highlights, but the service and value didn’t match the price point. I expected better.",
Cilantro,"House-52, Road 12A, Dhaka 1213, Bangladesh",+880 1766-449912,http://www.facebook.com/cilantrobd,4.1,1905,"{'name': 'Nayira Williams', 'thumbnail': 'https://lh3.googleusercontent.com/a-/ALV-UjV8S3_riR_JQPB0WLgLaaMko4KmZ-26wCyg3wyWoDv27E3gsmMF=s120-c-rp-mo-ba6-br100', 'link': 'https://www.google.com/maps/contrib/101487369227233806633?hl=en-US', 'reviews': 326, 'photos': 2354}",5,8 months ago,"The restaurant has a soothing ambiance beautiful lighting and very peaceful music The food was so delectable and the service was really great too. hands down some of the most delicious food I’ve eaten lately. Food was also beautifully presented and Every dish was absolutely tasty, perfect balance of flavors and cook to perfection.",
Cilantro,"House-52, Road 12A, Dhaka 1213, Bangladesh",+880 1766-449912,http://www.facebook.com/cilantrobd,4.1,1905,"{'name': 'Eggs Mental', 'thumbnail': 'https://lh3.googleusercontent.com/a-/ALV-UjWNEeG9J4eHNkE-fmUYs4ia67TuKVZDcFHBSedJT2RzHcX-oOE=s120-c-rp-mo-ba4-br100', 'link': 'https://www.google.com/maps/contrib/114164402043926964122?hl=en-US', 'reviews': 57, 'photos': 147}",5,2 months ago,"One of the best steaks, both during b1g1 offers and normal times.

The steak doneness was to perfection, the flavour was simple, not idiotic marination, plain simple beef done magically. The sides were great, except the beans, which did not at all complement the steak’s flavours.

Service was top notch and the environment was great. No complaints whatsoever!",
Cilantro,"House-52, Road 12A, Dhaka 1213, Bangladesh",+880 1766-449912,http://www.facebook.com/cilantrobd,4.1,1905,"{'name': 'Akib Hasan', 'thumbnail': 'https://lh3.googleusercontent.com/a-/ALV-UjXdy6-Yidqdu2Rsoqa-LEUowJZT8QiLzKelO2yBr42_MP_q0lZuYQ=s120-c-rp-mo-ba4-br100', 'link': 'https://www.google.com/maps/contrib/116557549179499499772?hl=en-US', 'reviews': 82, 'photos': 73}",5,a month ago,"Beautiful interior, steak was amazing, perfect medium rare, amazing taste 10/10 experience",
O' Play Restaurant,"Block H, House 36 Road No.7, Dhaka 1213, Bangladesh",+880 1309-009889,https://www.facebook.com/OPlay.Dhaka/?mibextid=ZbWKwL,4.2,1895,"{'name': 'Chibi Neko', 'thumbnail': 'https://lh3.googleusercontent.com/a-/ALV-UjWqK5mpBC90xbhySz6k12Exjaeb2Niwk5tyRrZLuf8FSTfQXtqk=s120-c-rp-mo-ba4-br100', 'link': 'https://www.google.com/maps/contrib/103148971202320397265?hl=en-US', 'reviews': 41, 'photos': 82}",2,a month ago,I had good expectations from this one as I've heard from tons of influencers about how good their pizza was and the bragging of it about its authenticity. Alas it was nothing near to it and highly disappointed. It's not only me ig it was completely empty during a off day even in rush hour. I believe that shows how bad the food is ig? I really liked the ambiance very relaxing and service was good. But the main thing that matters was missing... Good food,
O' Play Restaurant,"Block H, House 36 Road No.7, Dhaka 1213, Bangladesh",+880 1309-009889,https://www.facebook.com/OPlay.Dhaka/?mibextid=ZbWKwL,4.2,1895,"{'name': 'FAIZA', 'thumbnail': 'https://lh3.googleusercontent.com/a-/ALV-UjXqE8O1DDpuXZPVXbAuWi9frLzeGH3zC8cx6Qi8_BOF_sSZL3DY=s120-c-rp-mo-ba2-br100', 'link': 'https://www.google.com/maps/contrib/117224061186784611555?hl=en-US', 'reviews': 6, 'photos': 14}",3,a month ago,Food is not upto the mark considering their prices. both the pizza's where pretty basic for a Italian fine diner. service was okay but prolly the main attraction is the creative interior selection. there are different typa design in different places and both outdoor and indoor is equally beautiful. 7/10 recommend especially for content but expect betterment in food,
O' Play Restaurant,"Block H, House 36 Road No.7, Dhaka 1213, Bangladesh",+880 1309-009889,https://www.facebook.com/OPlay.Dhaka/?mibextid=ZbWKwL,4.2,1895,"{'name': 'Mehedi Hasan', 'thumbnail': 'https://lh3.googleusercontent.com/a-/ALV-UjWXnAJruVHkvQXb3Y8JXyC4ytjHaz8lT-AMA1SDOEjgC8zas6HYxA=s120-c-rp-mo-ba5-br100', 'link': 'https://www.google.com/maps/contrib/100135483180562541888?hl=en-US', 'reviews': 245, 'photos': 1208}",4,6 months ago,"beautiful interior and food tastes good. i loved their pizza. but there was no signboard of the restaurant, so we couldn’t be sure whether this was the place or not. staffs were not much cooperative and didn’t give a friendly vibe. they were looking at people who were taking pictures.  pricing is good but they take extra 100 tk for service charge.",
O' Play Restaurant,"Block H, House 36 Road No.7, Dhaka 1213, Bangladesh",+880 1309-009889,https://www.facebook.com/OPlay.Dhaka/?mibextid=ZbWKwL,4.2,1895,"{'name': 'Mahamudul Hossain Robin', 'thumbnail': 'https://lh3.googleusercontent.com/a-/ALV-UjUrftVUF0cWlRWq2j_DeoMFeqx3FFJybDdpC4rVBeWmaDLOwWgX=s120-c-rp-mo-ba3-br100', 'link': 'https://www.google.com/maps/contrib/102781931003313667736?hl=en-US', 'reviews': 42, 'photos': 44}",5,a month ago,"Very good place to visit with family specially Kids . Food quality outstanding and very hugenic restaurant, well behaved staffs, hope they will able to maintain the appreciation what I have written",
O' Play Restaurant,"Block H, House 36 Road No.7, Dhaka 1213, Bangladesh",+880 1309-009889,https://www.facebook.com/OPlay.Dhaka/?mibextid=ZbWKwL,4.2,1895,"{'name': 'mamun sardar.', 'thumbnail': 'https://lh3.googleusercontent.com/a-/ALV-UjVxQf0S0jhb77L-Twypb0dxEunKlGpv9Kdn6AFTbiVP-Kuw_3jQnw=s120-c-rp-mo-ba5-br100', 'link': 'https://www.google.com/maps/contrib/100546854572247763121?hl=en-US', 'reviews': 291, 'photos': 771}",5,2 months ago,Food was good so as the environment. Typical Italian. Delicious as expected.,
O' Play Restaurant,"Block H, House 36 Road No.7, Dhaka 1213, Bangladesh",+880 1309-009889,https://www.facebook.com/OPlay.Dhaka/?mibextid=ZbWKwL,4.2,1895,"{'name': 'Mehsan Hafiz', 'thumbnail': 'https://lh3.googleusercontent.com/a-/ALV-UjUcryGovgCEKfKNltIFko9G499wPCmNLpd2yebukGjkFJaOkeCH=s120-c-rp-mo-ba2-br100', 'link': 'https://www.google.com/maps/contrib/109366703519939945140?hl=en-US', 'reviews': 8, 'photos': 19}",4,7 months ago,"Good looking place. We went there sometime after Eid. They normally open at 1 but for that day alone, they opened at 3. We reached at 2:30 and asked if they could let us wait inside but they said we had to wait outside until they were done cleaning. Which is okay, but I would have preferred if they let us wait inside. The downside is the place still looked unclean when we went in. There were dead flies on some of the tables and the couches inside were still very dirty. Plus side is that they make really good pasta. Although pricey, I do recommend their Alfredo.",
O' Play Restaurant,"Block H, House 36 Road No.7, Dhaka 1213, Bangladesh",+880 1309-009889,https://www.facebook.com/OPlay.Dhaka/?mibextid=ZbWKwL,4.2,1895,"{'name': 'Tahsin Jannat', 'thumbnail': 'https://lh3.googleusercontent.com/a-/ALV-UjXQit7xyesE1DxVNEFY08GJhu96yIWX-Mkt4CSGTf33dh_N7cvHNQ=s120-c-rp-mo-ba3-br100', 'link': 'https://www.google.com/maps/contrib/112157080042056195502?hl=en-US', 'reviews': 23, 'photos': 16}",2,6 months ago,"Utterly Disappointing!! The food was below the standard. We ordered a Salad , Garlic Chilli Prawn, Pistachio Milk Cake & a Lime Soda.
Both the chicken and the prawns were stale..Garlic chilli prawn seemed that it was only tossed in tomato ketchup & some chilli flakes!
The Lime Soda was a plain “ Lebur Sharbat” nothing like a actual lime soda should taste like.
The pistachio milk was way too sweet!!",
O' Play Restaurant,"Block H, House 36 Road No.7, Dhaka 1213, Bangladesh",+880 1309-009889,https://www.facebook.com/OPlay.Dhaka/?mibextid=ZbWKwL,4.2,1895,"{'name': 'Talha 18700', 'thumbnail': 'https://lh3.googleusercontent.com/a/ACg8ocK3IO2qXtXpU-9THTxLLt5EOTFK20n2ufOjEX5YoE8D8XnwXg=s120-c-rp-mo-ba4-br100', 'link': 'https://www.google.com/maps/contrib/105511457586071140185?hl=en-US', 'reviews': 25, 'photos': 243}",5,a year ago,"Tried their Ramadan platter three and four. Both were very good. Enough food for four people easily. Items were very good especially the desserts. I don’t know if it was the rush-hour or not but the food got little cold, but after telling them, they were happy to heat it up again. There was a enough place to sit comfortably both inside or outside. The regular menu was also available for serving. The place offers beautiful interior and outdoor seating area. The food is good, place is nice and the staff was friendly.",
Nawab Chatga,"QCGG+XMR নাভানা টাওয়ার, Gulshan-1 Dhaka 1212 Bangladesh ( behind, 45 Gulshan Ave, Dhaka 1212, Bangladesh",+880 1873-667766,N/A,4.2,3389,"{'name': 'Nazmul Ahsan Pavel', 'thumbnail': 'https://lh3.googleusercontent.com/a-/ALV-UjVpkmqOc9D3eJR3JqypOEOjNN1sFJgelO_QLCEmnnhGqaznYiY_=s120-c-rp-mo-ba5-br100', 'link': 'https://www.google.com/maps/contrib/102260472309173708780?hl=en-US', 'reviews': 107, 'photos': 597}",4,4 months ago,"This restaurant is famous for chatgaia food. Their mejbani gost (beef) is renowned as authentic Chatgaia cuisine. Chanar dal is good to taste. I liked their vegetables and pomfret fry. Loitta fry and Jhura mangsho was very good.

The ambient was good. Staff's were well behaved. Price was a bit high. Overall, It's good to taste desi food.",
Nawab Chatga,"QCGG+XMR নাভানা টাওয়ার, Gulshan-1 Dhaka 1212 Bangladesh ( behind, 45 Gulshan Ave, Dhaka 1212, Bangladesh",+880 1873-667766,N/A,4.2,3389,"{'name': 'Gazi Shariar Alam', 'thumbnail': 'https://lh3.googleusercontent.com/a-/ALV-UjV2yRlQ1Al05S6emSN7pEiptkM1Nr95gW9XHbbO-3JRCdzoCElVMQ=s120-c-rp-mo-ba4-br100', 'link': 'https://www.google.com/maps/contrib/114774455960194367829?hl=en-US', 'reviews': 54, 'photos': 341}",4,a month ago,"It was very ok ok but hugely expensive for the food…

And the staff was ignorant type..",
Nawab Chatga,"QCGG+XMR নাভানা টাওয়ার, Gulshan-1 Dhaka 1212 Bangladesh ( behind, 45 Gulshan Ave, Dhaka 1212, Bangladesh",+880 1873-667766,N/A,4.2,3389,"{'name': 'Mahbub Islam Shakiell', 'thumbnail': 'https://lh3.googleusercontent.com/a/ACg8ocJURq3zu2pQci_aT_x6Kbw2lT2HP8JHjSPvVxpQw95VDo_eLjw=s120-c-rp-mo-ba5-br100', 'link': 'https://www.google.com/maps/contrib/105973843956547289832?hl=en-US', 'reviews': 361, 'photos': 823}",3,9 months ago,"Well-known for Chittagong region cuisine, this place has been visited multiple times in the past. However, the interiors could use some improvement. The service was decent, and the food tasted average—not exceptional, but not bad either.",
Nawab Chatga,"QCGG+XMR নাভানা টাওয়ার, Gulshan-1 Dhaka 1212 Bangladesh ( behind, 45 Gulshan Ave, Dhaka 1212, Bangladesh",+880 1873-667766,N/A,4.2,3389,"{'name': 'ibtihaj ahmed fahad', 'thumbnail': 'https://lh3.googleusercontent.com/a-/ALV-UjV9sF4Lxh9UkzROkBqgY1moE0rdDHSW6xfJUL_tsyWrQuStljly_A=s120-c-rp-mo-ba4-br100', 'link': 'https://www.google.com/maps/contrib/117424778252376191090?hl=en-US', 'reviews': 95, 'photos': 235}",4,11 months ago,"Authentic Bengali flavors with a warm atmosphere! The Mejbani Ghost was perfectly spiced and tender, paired beautifully with the Chonar Daal. Desserts like Doi and aromatic Jorda were the perfect finish. Great food, cozy vibe—highly recommended!",
Nawab Chatga,"QCGG+XMR নাভানা টাওয়ার, Gulshan-1 Dhaka 1212 Bangladesh ( behind, 45 Gulshan Ave, Dhaka 1212, Bangladesh",+880 1873-667766,N/A,4.2,3389,"{'name': 'Md Tamim Wahid', 'thumbnail': 'https://lh3.googleusercontent.com/a-/ALV-UjXdiWj3lIxiSdxc4sTF-N2WNwm_ygPDz6H5ovgqly575CjpLbto9w=s120-c-rp-mo-br100', 'link': 'https://www.google.com/maps/contrib/117232817826572588691?hl=en-US', 'reviews': 2, 'photos': 2}",5,4 months ago,"If you're looking to taste the best, this is the perfect place for you!
The curry is absolutely mouthwatering, bursting with rich flavors that will leave you wanting more. The staff are incredibly polite and attentive, making the dining experience even more enjoyable. The ambience is warm and inviting — ideal for a relaxed meal. Don’t forget to ask the waiter for the best-seller recommendation; you won’t regret it!
Definitely worth every penny. I’m looking forward to coming",
Nawab Chatga,"QCGG+XMR নাভানা টাওয়ার, Gulshan-1 Dhaka 1212 Bangladesh ( behind, 45 Gulshan Ave, Dhaka 1212, Bangladesh",+880 1873-667766,N/A,4.2,3389,"{'name': 'jit banik', 'thumbnail': 'https://lh3.googleusercontent.com/a-/ALV-UjUtexZ-n-XhiWxLjh7GwV9DdqP8mN-dZZJ0OYTITjzJCtFvda8=s120-c-rp-mo-ba6-br100', 'link': 'https://www.google.com/maps/contrib/104303727265325337091?hl=en-US', 'reviews': 19, 'photos': 1726}",1,Edited 8 months ago,"Had a bad experience at Nawab Chatga. The service was extremely slow, and the staff seemed unprofessional. It took way too long to get our food, and the overall management was very poor.",
Nawab Chatga,"QCGG+XMR নাভানা টাওয়ার, Gulshan-1 Dhaka 1212 Bangladesh ( behind, 45 Gulshan Ave, Dhaka 1212, Bangladesh",+880 1873-667766,N/A,4.2,3389,"{'name': 'Bithy Soptorshi', 'thumbnail': 'https://lh3.googleusercontent.com/a-/ALV-UjUExHqxVF_5K6_YmnMSfyFXHz545P0TKCKamPY_vqxEPfpebIa3TQ=s120-c-rp-mo-ba6-br100', 'link': 'https://www.google.com/maps/contrib/100811323828134905439?hl=en-US', 'reviews': 87, 'photos': 2770}",5,a year ago,"Nawab Chatga in Banani is a paradise for beef lovers! They serve some of the finest Bengali beef dishes, including their standout Beef Kala Bhuna, perfectly spiced and incredibly tender. Their Mejban and Chana Dal Gosht are equally exceptional, with rich flavors that capture the essence of authentic Chittagonian cuisine.

The Loitta Fry and Shutki were also marvelous—crispy, flavorful, and cooked to perfection, these dishes brought out the best of traditional Bengali coastal flavors.

Overall, Nawab Chatga nails it with their authentic, flavorful offerings. A must-visit for anyone craving bold and delicious Bengali dishes!

Highly recommended!",
Nawab Chatga,"QCGG+XMR নাভানা টাওয়ার, Gulshan-1 Dhaka 1212 Bangladesh ( behind, 45 Gulshan Ave, Dhaka 1212, Bangladesh",+880 1873-667766,N/A,4.2,3389,"{'name': 'J R', 'thumbnail': 'https://lh3.googleusercontent.com/a-/ALV-UjVdAWgKdXDElTA-5PjCQNt2SOxQ5k25KeljVgJhq9CqW3BMe_Y=s120-c-rp-mo-br100', 'link': 'https://www.google.com/maps/contrib/103319298126318039845?hl=en-US', 'reviews': 1, 'photos': 0}",1,4 months ago,"My experience at this Bengali restaurant was really poor but I loved it! The food was delicious and tasted absolutely homemade - the Mejbanu beef was amazing. The atmosphere was comfortable and clean, and the staff were very friendly and attentive.

Everything from the service to the presentation was top notch. This is definitely one of the best places to enjoy authentic Bengali food. Highly recommended!

Food: 4/5 | Service: 5/5 | Ambience: 5/5",
Alfresco Banani,"11 level 9 84, Skylark Building, plot no Road No. 11, Dhaka 1213, Bangladesh",+880 1977-739600,https://m.facebook.com/Alfrescorooftop/,4.2,3285,"{'name': 'fariya kamal', 'thumbnail': 'https://lh3.googleusercontent.com/a-/ALV-UjXPgQb8rdjP-s9hyoQqz2QWE7KDqvTmARg9uVqerx2wca0SADg=s120-c-rp-mo-ba4-br100', 'link': 'https://www.google.com/maps/contrib/116563593348878241449?hl=en-US', 'reviews': 19, 'photos': 200}",2,a month ago,"Alfresco Banani

I have been visiting Alfresco since 2015 with friends and family and consider myself a regular customer across all branches. On average, I dine here around three times a month. My previous visit was on September 18, 2025.

Today, I visited the Banani branch again with my friends. As usual, I ordered pasta BBQ, French fries, blueberry cheesecake, tiramisu, chocolate cake, and mint lemonade. However, I was quite disappointed to notice a significant price increase compared to last month.

The pasta is now priced at 450 BDT + VAT, but the quantity
particularly for the chicken and mushroom has noticeably decreased. The portion of French fries was very minimal, yet priced at 220 BDT + VAT, which felt unreasonable. Overall, the experience was quite dissatisfying.

On a positive note, the blueberry cheesecake and tiramisu were delightful and maintained their usual quality. However, despite being a loyal customer for many years, I am disappointed with the recent changes. At such high prices, I no longer find the pasta and French fries to be worth ordering.

Alfresco has always been my first choice for pasta, but after today’s experience, I feel let down. While price increases are understandable, the quality and quantity should be maintained or even improved to ensure a fair dining experience for regular customers.",
Alfresco Banani,"11 level 9 84, Skylark Building, plot no Road No. 11, Dhaka 1213, Bangladesh",+880 1977-739600,https://m.facebook.com/Alfrescorooftop/,4.2,3285,"{'name': 'shihab emon', 'thumbnail': 'https://lh3.googleusercontent.com/a-/ALV-UjXypsly_7edRy2YXtFjTbHGc4_i32-vnMvWjtreab3Yv6j45YyO=s120-c-rp-mo-ba5-br100', 'link': 'https://www.google.com/maps/contrib/100006905032662795089?hl=en-US', 'reviews': 45, 'photos': 147}",4,5 months ago,"We ordered lasagna, double layered cheese cake,  pineapple juice, malta juice and blue ocean....
lasagna was pretty mid not gonna lie. Was expecting more 🙂.
Cheese cake was good. ❤️🖤
The juices were really good. ❤️❤️
blue ocean drinks was average.. 💔
overall nice atmosphere and cozy place for adda and affordable too..",
Alfresco Banani,"11 level 9 84, Skylark Building, plot no Road No. 11, Dhaka 1213, Bangladesh",+880 1977-739600,https://m.facebook.com/Alfrescorooftop/,4.2,3285,"{'name': 'Amit Ansary', 'thumbnail': 'https://lh3.googleusercontent.com/a-/ALV-UjXdzmM57lUKc4BhcYXy6QXqV6de1SgBtDVC_gvYHZxRe89ahVsU=s120-c-rp-mo-ba6-br100', 'link': 'https://www.google.com/maps/contrib/109776584500036479347?hl=en-US', 'reviews': 177, 'photos': 1934}",5,a year ago,"This place is on the 10th floor of that building. You have to go to lift, press 9 and than you have to go up 1 floor by stair after reaching 9th floor.
Very good environment. They have indoor and outdoor seating option. Staffs are friendly and co-operative. Seatings were very comfortable.
At frirst we have ordered Sea food pizza L size and calamary. Pizza was 899tk and calamary was 320tk. The taste is very nice, fresh and yummy . Provided enough amount of food.
After that we have orderd Pasta Bolognese and sea food pasta. These 2 pastas are only pan fry. Others are oven backed. So we also odered oven backed pasta alfrasco and pasta zingly. Price range 400-500tk.
I have loved sea food pasta and pasta bolognese. Both were very refreshing, spicy. Overall taste was amazing. Amount is very enough for one person. The Mint lemonade is also good.
Thank you. Hopefully visit again.",
Alfresco Banani,"11 level 9 84, Skylark Building, plot no Road No. 11, Dhaka 1213, Bangladesh",+880 1977-739600,https://m.facebook.com/Alfrescorooftop/,4.2,3285,"{'name': 'dipcenation Sourav', 'thumbnail': 'https://lh3.googleusercontent.com/a/ACg8ocJsna-6zS7ttfO1pnlDBi-VapsEgdArVeqhwLCyKWLUDjDZWdMw=s120-c-rp-mo-ba2-br100', 'link': 'https://www.google.com/maps/contrib/106408568556870037080?hl=en-US', 'reviews': 20, 'photos': 11}",5,a year ago,"Best food in this price range. Pasta Basta and Pasta BBQ both were excellent. Double layer cheesecake and Tiramisu were also delicious. Good interior, simplistic. It started raining when we were there, and it made the rooftop environment more enjoyable. The staff are also well mannered.",
Alfresco Banani,"11 level 9 84, Skylark Building, plot no Road No. 11, Dhaka 1213, Bangladesh",+880 1977-739600,https://m.facebook.com/Alfrescorooftop/,4.2,3285,"{'name': 'Falguni Alam', 'thumbnail': 'https://lh3.googleusercontent.com/a-/ALV-UjVtZ3YlyGnHtcvZp61KjtdRP_YByITWEi8u2LvpY1dg5DSsF_HyGQ=s120-c-rp-mo-ba5-br100', 'link': 'https://www.google.com/maps/contrib/108474198051284635325?hl=en-US', 'reviews': 48, 'photos': 434}",5,a year ago,"Their rooftop is great! The night skyline and cityscape is so picturesque and a treat for eyes. I frequently visit here. A perfect place for gathering with family n friends. You also can take your date or, you can have your solo date there! Must try their seafood items.",
Alfresco Banani,"11 level 9 84, Skylark Building, plot no Road No. 11, Dhaka 1213, Bangladesh",+880 1977-739600,https://m.facebook.com/Alfrescorooftop/,4.2,3285,"{'name': 'Sourav Das', 'thumbnail': 'https://lh3.googleusercontent.com/a-/ALV-UjVdkcRrcBSOsDI321aVuOEidjOg7gO2_oV3tmcMHTSVBzsmFivpiA=s120-c-rp-mo-ba4-br100', 'link': 'https://www.google.com/maps/contrib/110948021302251092895?hl=en-US', 'reviews': 79, 'photos': 258}",5,Edited 2 years ago,"I was looking for a good affordable place to have lunch with my colleagues. And this is just the perfect one. The environment was very good with a great rooftop arrangement. I preferred indoors as it was hot outside. But I think it would be a nice place if you are planning to visit at night.
The food they offered was great according to the price. The staff were well mannered.",
Alfresco Banani,"11 level 9 84, Skylark Building, plot no Road No. 11, Dhaka 1213, Bangladesh",+880 1977-739600,https://m.facebook.com/Alfrescorooftop/,4.2,3285,"{'name': 'Bayezid Haque', 'thumbnail': 'https://lh3.googleusercontent.com/a-/ALV-UjVAqc_ryA-TQPe9GYnRUW5o1vxRCEuiABCR189F-L3g0gSl29nc=s120-c-rp-mo-ba3-br100', 'link': 'https://www.google.com/maps/contrib/102069498637570055932?hl=en-US', 'reviews': 28, 'photos': 88}",4,10 months ago,"We had bbq chicken pizza and pasta basta.

Pizza was really good. 7/10
Pasta was average. 5/10
But the rooftop view was really amazing. They also have place to sit inside.",
Alfresco Banani,"11 level 9 84, Skylark Building, plot no Road No. 11, Dhaka 1213, Bangladesh",+880 1977-739600,https://m.facebook.com/Alfrescorooftop/,4.2,3285,"{'name': 'Redwan Ali', 'thumbnail': 'https://lh3.googleusercontent.com/a-/ALV-UjVU-5mrQVaPRqODl1TFkmGlELEQ-8LcgTPpzKrgF5VutvYaBwxj=s120-c-rp-mo-ba6-br100', 'link': 'https://www.google.com/maps/contrib/101286233265789883080?hl=en-US', 'reviews': 128, 'photos': 1958}",4,4 years ago,Excellent environment to dine in. They also have outdoor seating arrangements. Food quality is very good. Price is quite good also. Behavior of the employees are friendly. They don't take much time to serve the foods after ordering. They have some set menu which is good for two people. The restroom was clean. Overall good experience.,
Herfy Bangladesh,"Ground Floor, 1st Floor, 1 Gulshan Avenue, Road-1, House-1, GL Bhaban, Dhaka 1212, Bangladesh",+880 1709-991000,http://www.herfybd.com/,4.3,9069,"{'name': 'Sadik Miah', 'thumbnail': 'https://lh3.googleusercontent.com/a-/ALV-UjXNT1WNqQn9-oQP2zjA_yxBs0PZYEwt1YpEqnJU2K75pXFm_Ta1=s120-c-rp-mo-ba5-br100', 'link': 'https://www.google.com/maps/contrib/115089941099463780125?hl=en-US', 'reviews': 160, 'photos': 1045}",5,2 weeks ago,"Herfy Bangladesh (Gulshan branch) is a fantastic spot for anyone who loves delicious fast food served in a clean and welcoming environment. The food here is very tasty — from juicy burgers and crispy fried chicken to fresh fries and sides, everything is prepared with great attention to flavor and quality. The restaurant maintains excellent cleanliness, with tidy tables, a neat dining area, and staff constantly ensuring that everything looks spotless and well-kept.

During my visit, there was a small issue with my order, but what impressed me most was how quickly and professionally the staff handled it. The manager personally came over, listened carefully, and made sure the problem was resolved right away. His polite and respectful attitude made the experience even better. It’s rare to see such genuine care for customer satisfaction.

The service overall was fast, friendly, and efficient. The atmosphere is pleasant, making it a nice place for families, friends, or even solo diners to relax and enjoy a meal. Whether you’re dining in or grabbing takeout, the quality remains consistent. Herfy Gulshan is a great choice for both taste and service — I’ll definitely be returning soon and highly recommend it to others!",
Herfy Bangladesh,"Ground Floor, 1st Floor, 1 Gulshan Avenue, Road-1, House-1, GL Bhaban, Dhaka 1212, Bangladesh",+880 1709-991000,http://www.herfybd.com/,4.3,9069,"{'name': 'Raunak Maskay', 'thumbnail': 'https://lh3.googleusercontent.com/a/ACg8ocKFvcX0OpCmMhqqAWSwG3a1RaCwCRcSH1JWCuCZkQVvvWOKALx6=s120-c-rp-mo-ba8-br100', 'link': 'https://www.google.com/maps/contrib/101776671255445758678?hl=en-US', 'reviews': 135, 'photos': 9998}",4,a month ago,"Herfy Bangladesh in Gulshan 1, Dhaka is a great spot for a quick and tasty fast-food meal. The restaurant offers a wide variety of burgers, fries, wings, and combo meals, all freshly prepared and flavorful. It’s a perfect place to grab a quick bite whether you’re on a lunch break or hanging out with friends. The service is fast and efficient, and the staff are friendly and welcoming.

The ambience is clean and casual, making it comfortable for dine-in, though many prefer takeout. Prices are reasonable, and portion sizes are satisfying. They accept cash and card payments, and VAT bills are provided. Overall, a reliable choice for good fast food in Gulshan.",
Herfy Bangladesh,"Ground Floor, 1st Floor, 1 Gulshan Avenue, Road-1, House-1, GL Bhaban, Dhaka 1212, Bangladesh",+880 1709-991000,http://www.herfybd.com/,4.3,9069,"{'name': 'Tanha Tamanna Syed', 'thumbnail': 'https://lh3.googleusercontent.com/a-/ALV-UjULHm0yqV8fK4TpqTIBgJQYBkymDjIZjiuUG8gJT8-RzehXcwO3=s120-c-rp-mo-ba3-br100', 'link': 'https://www.google.com/maps/contrib/118305643489150213560?hl=en-US', 'reviews': 17, 'photos': 84}",4,4 months ago,"We tried the Family meal at Harfy Gulshan and also had their burger—it was so good, we had to record it! The portions were generous, the chicken was juicy, the fries crispy, and the burger was definitely a highlight. Great taste, quick service, and a clean, comfy spot. Perfect for a casual family hangout in Gulshan.",
Herfy Bangladesh,"Ground Floor, 1st Floor, 1 Gulshan Avenue, Road-1, House-1, GL Bhaban, Dhaka 1212, Bangladesh",+880 1709-991000,http://www.herfybd.com/,4.3,9069,"{'name': 'SHEIKH WAHIDUJJAMAN ALIF', 'thumbnail': 'https://lh3.googleusercontent.com/a-/ALV-UjW-hR7CrNEVxVCY-VZS1exDBgmUsFwdPm_qKweZ2hJOiuG-FZ1_Sw=s120-c-rp-mo-ba5-br100', 'link': 'https://www.google.com/maps/contrib/100184116691993093082?hl=en-US', 'reviews': 162, 'photos': 540}",4,4 months ago,"I recently visited Herfy in Gulshan, Dhaka, and overall, I had a pretty good experience. The location is easy to find, right in the heart of Gulshan, and the ambiance of the restaurant is clean, modern, and family-friendly. It has a fast-food vibe but with a little more polish compared to other chains.

I tried their beef burger combo and chicken zinger meal. The portions were generous, and the burger had a juicy patty with fresh lettuce and a soft bun. The fries were crispy and well-seasoned. The fried chicken reminded me a bit of KFC but with its own twist—definitely worth trying. One thing that stood out to me was their garlic mayo dip—so tasty!

Service was fairly quick, and the staff were polite, although not overly friendly. I think they could improve a little on customer interaction. Prices are slightly on the higher side, especially when compared to other local fast food chains, but I felt the quality made up for it.

One small downside is the seating space—it gets crowded during peak hours, and you might have to wait a bit. Still, it’s a solid choice if you’re looking for clean, halal fast food in a central location.

Highly recommended for a casual bite!",
Herfy Bangladesh,"Ground Floor, 1st Floor, 1 Gulshan Avenue, Road-1, House-1, GL Bhaban, Dhaka 1212, Bangladesh",+880 1709-991000,http://www.herfybd.com/,4.3,9069,"{'name': 'Md. Aminul Islam', 'thumbnail': 'https://lh3.googleusercontent.com/a-/ALV-UjW_dSonIFFn6JYE5bw5BBmPyHUIYVPkHSJwySfCKs7RIurnU9boiA=s120-c-rp-mo-ba6-br100', 'link': 'https://www.google.com/maps/contrib/117929953890098977886?hl=en-US', 'reviews': 329, 'photos': 4017}",5,3 months ago,"Herfy Bangladesh at Ground Floor, 1st Floor, 1 Gulshan Avenue, Road-1, House-1, GL Bhaban, Dhaka 1212, delivers the reliable Saudi fast-food experience. Expect consistently good, flame-grilled burgers, Broasted chicken and crispy fries. Service is generally efficient.While seating can get crowded during peak hours, it's a dependable spot for a quick, tasty meal when shopping. Good value for the quality.",
Herfy Bangladesh,"Ground Floor, 1st Floor, 1 Gulshan Avenue, Road-1, House-1, GL Bhaban, Dhaka 1212, Bangladesh",+880 1709-991000,http://www.herfybd.com/,4.3,9069,"{'name': 'Faisal Mustafa', 'thumbnail': 'https://lh3.googleusercontent.com/a-/ALV-UjW4Db-jq-CRve07ZgasExid1W89QUGaGUM6kT1nJi-Urwq2MwPd3w=s120-c-rp-mo-ba6-br100', 'link': 'https://www.google.com/maps/contrib/101144129793366803463?hl=en-US', 'reviews': 440, 'photos': 3526}",4,a month ago,"Herfy burger is always good.

I found a bad service which the manager should address and take quick action. I requested for hand sanitizer, their staff gave me Suma Bac which actually used for cleaning surfaces not hand. Even he sprayed it on our hands saying its sanitizer.",
Herfy Bangladesh,"Ground Floor, 1st Floor, 1 Gulshan Avenue, Road-1, House-1, GL Bhaban, Dhaka 1212, Bangladesh",+880 1709-991000,http://www.herfybd.com/,4.3,9069,"{'name': 'Ahmed Tabina', 'thumbnail': 'https://lh3.googleusercontent.com/a/ACg8ocKv92_OunNTyW7jv1u-WUe20cwiZS_xXK6iS2gwwuaoCvn2NA=s120-c-rp-mo-br100', 'link': 'https://www.google.com/maps/contrib/106495544804882618748?hl=en-US', 'reviews': 1, 'photos': 3}",5,Edited a month ago,"I really love their burgers and chicken fries also that soft ice cream, the coleslaw was average but that mango drink was not upto the mark. Overall a very good burger and chicken place.",
Herfy Bangladesh,"Ground Floor, 1st Floor, 1 Gulshan Avenue, Road-1, House-1, GL Bhaban, Dhaka 1212, Bangladesh",+880 1709-991000,http://www.herfybd.com/,4.3,9069,"{'name': 'Khayrul Alom Tuhin', 'thumbnail': 'https://lh3.googleusercontent.com/a-/ALV-UjUZ4L9fVcitvQIeCZPJql2-yGHOjH8GWIgV6yZBZp-Djj7ibSpe=s120-c-rp-mo-ba5-br100', 'link': 'https://www.google.com/maps/contrib/110853201666390292033?hl=en-US', 'reviews': 38, 'photos': 772}",5,7 months ago,"I visited Herfy Restaurant in Gulshan for the first time, and I had a great experience overall. The environment is very nice, and they even have a small kids' zone, which is a great touch for families.

I ordered French Fries, Chicken Strips, Blueberry Fizz, and a Virgin Strawberry Mojito. Initially, I wanted to try their Premium Shakes, but unfortunately, they were unavailable, which was a bit disappointing.

The Chicken Fries and mocktails were delicious—I really enjoyed them! The Chicken Strips were also good, crispy, and well-cooked, though I felt they lacked a bit of the extra seasoning or spice that KFC uses to enhance the flavor. However, they were still very enjoyable.

The staff was friendly and well-behaved. Overall, I would recommend Herfy Restaurant to anyone looking for a nice place to eat in Gulshan!",
"Tribeni Restaurant, Dhaka.","R94R+PJQ, Near Nirjhor R/A Opposite Army Head Quarter, 1206, Bangladesh",+880 1707-005781,N/A,4.2,2225,"{'name': 'Shehran Tafhim', 'thumbnail': 'https://lh3.googleusercontent.com/a-/ALV-UjWRtQMBt2oJHCXx3bOaXLWZAZEYLso3QydUFkBqXLmTr9p8kEI=s120-c-rp-mo-ba2-br100', 'link': 'https://www.google.com/maps/contrib/101404770234007808814?hl=en-US', 'reviews': 10, 'photos': 13}",4,2 weeks ago,"One of the most beautiful places in  Bangladesh with average food. Staff are nice but would recommend going for an evening or sunset walk as the place is the most beautiful during this time.
Small paddle boats are available to have a sail through the lake.",
"Tribeni Restaurant, Dhaka.","R94R+PJQ, Near Nirjhor R/A Opposite Army Head Quarter, 1206, Bangladesh",+880 1707-005781,N/A,4.2,2225,"{'name': 'Jahangir Alam', 'thumbnail': 'https://lh3.googleusercontent.com/a-/ALV-UjV6KdBujrAxwDp_KjW5A_aHkMMIbEb0fCM8-vk9RHv647FzU0lV=s120-c-rp-mo-ba5-br100', 'link': 'https://www.google.com/maps/contrib/116153147049945956844?hl=en-US', 'reviews': 248, 'photos': 1016}",5,3 months ago,"Tribeni Restaurant, located inside Dhaka Cantonment, is a popular spot for those who enjoy a peaceful dining environment away from the city’s hustle and bustle. The restaurant is known for its clean surroundings, disciplined service, and homely atmosphere all of which reflect the overall organized nature of the cantonment area. The food at Tribeni is quite good, especially the local Bangladeshi dishes. Items like chicken curry, beef rezala, fried rice, and dal are freshly cooked and served hot. The taste is more like home style. Cooking is not overly spicy or oily, which many people appreciate. The prices are reasonable compared to the portion size and quality of food. One of the best things about Tribeni is its calm and family friendly environment. It is spacious, well-maintained, and the staff are polite and professional. Since it is inside the cantonment, access is restricted. Visitors might need permission to enter the cantonment. Overall, Tribeni is a great place if you are looking for a decent, quiet meal in a safe and clean setting. It is not overly fancy, but it delivers good food with good service. Perfect for family dinners, small gatherings, or even a peaceful lunch.",
"Tribeni Restaurant, Dhaka.","R94R+PJQ, Near Nirjhor R/A Opposite Army Head Quarter, 1206, Bangladesh",+880 1707-005781,N/A,4.2,2225,"{'name': 'Minhazul Islam Shoikat', 'thumbnail': 'https://lh3.googleusercontent.com/a-/ALV-UjWSYch2tu_S-EaMj-y8Zd5MwJcP9lX8n0QBKgtM_MWY1q5hYF14=s120-c-rp-mo-ba4-br100', 'link': 'https://www.google.com/maps/contrib/111194218669884689745?hl=en-US', 'reviews': 86, 'photos': 15}",2,a month ago,"Tribeni Restaurant, located in Dhaka, is a well-established dining destination recognized for its diverse menu, quality service, and comfortable ambiance. The restaurant caters to a wide range of customers, offering both traditional Bangladeshi cuisine and contemporary dishes, ensuring a versatile dining experience suitable for families, professionals, and social gatherings.

The facility features a clean and organized layout with spacious seating, appropriate lighting, and attention to hygiene standards. The kitchen operations maintain consistent food quality, while staff are trained to provide professional, courteous, and efficient service, enhancing overall customer satisfaction.

From an operational perspective, Tribeni Restaurant demonstrates effective management of order processing, table service, and customer engagement. Timely service, menu variety, and responsiveness to special requests reflect the restaurant’s commitment to maintaining high operational standards and a positive dining experience.

While peak hours can occasionally result in longer waiting times, the restaurant’s consistent focus on quality, ambiance, and customer care ensures that patrons continue to return. Tribeni Restaurant remains a notable example of professional food service management in Dhaka, combining culinary quality, operational efficiency, and customer-oriented service.",
"Tribeni Restaurant, Dhaka.","R94R+PJQ, Near Nirjhor R/A Opposite Army Head Quarter, 1206, Bangladesh",+880 1707-005781,N/A,4.2,2225,"{'name': 'Azmeeri Rezaq', 'thumbnail': 'https://lh3.googleusercontent.com/a-/ALV-UjV0mEf39Ap8CTxzttIrKthPi1_96DhVPTBuvITQ6Xkx-qrDuhHN=s120-c-rp-mo-br100', 'link': 'https://www.google.com/maps/contrib/104932749176145779444?hl=en-US', 'reviews': 4, 'photos': 0}",4,2 months ago,"Very calm and peaceful place right by the lake. You can rent paddle boats and enjoy riding around until evening. The food menu isn't huge but the taste is really good. The area is quite spacious and the upper floor perfect for hosting parties, weddings or birthday celebrations.",
"Tribeni Restaurant, Dhaka.","R94R+PJQ, Near Nirjhor R/A Opposite Army Head Quarter, 1206, Bangladesh",+880 1707-005781,N/A,4.2,2225,"{'name': 'Abdullah Travellers Of Life', 'thumbnail': 'https://lh3.googleusercontent.com/a-/ALV-UjXtPmctN2RV7j-Mb-a8-g1d8wyliXWJdgqsRtX7SlkEp7zyMlac=s120-c-rp-mo-ba3-br100', 'link': 'https://www.google.com/maps/contrib/111961082967638876111?hl=en-US', 'reviews': 49, 'photos': 68}",4,4 months ago,"Not for all general people. You must belong from the defense or defense family.
Ambience, location super but food and service average.",
"Tribeni Restaurant, Dhaka.","R94R+PJQ, Near Nirjhor R/A Opposite Army Head Quarter, 1206, Bangladesh",+880 1707-005781,N/A,4.2,2225,"{'name': 'Farzana Sultana', 'thumbnail': 'https://lh3.googleusercontent.com/a-/ALV-UjUhd4G1t8JiRySweRWk8yolnOijOwN_S2yg0jZuGki4UqTB5am3=s120-c-rp-mo-ba5-br100', 'link': 'https://www.google.com/maps/contrib/105639511587168269555?hl=en-US', 'reviews': 196, 'photos': 764}",5,3 years ago,"This is one of the places where we go to have some quality time. I love their food- their price is reasonable and quality is good. You don't have to worry about parking your car- they have plenty of spaces. You can enjoy a ride on the mini-lake during afternoon, take a walk beside the lake, hang around on their entrance while watching the lake and bridge, sit on a lakeside table to have some quality time. The first floor area is perfect for get-togethers. Loved their coffee, chocolate mousse, ice cream, kebab and nun. They offer a wide range of bakery and pastry items. Their washroom is small but clean.",
"Tribeni Restaurant, Dhaka.","R94R+PJQ, Near Nirjhor R/A Opposite Army Head Quarter, 1206, Bangladesh",+880 1707-005781,N/A,4.2,2225,"{'name': 'Dewan Sabrina Sharmin', 'thumbnail': 'https://lh3.googleusercontent.com/a-/ALV-UjUWXVAkRpK60hW5ew-rW7MFJbAh1s2OwYjwldgPNcnouzPQw7A=s120-c-rp-mo-ba5-br100', 'link': 'https://www.google.com/maps/contrib/112921933880734698841?hl=en-US', 'reviews': 96, 'photos': 1054}",4,Edited 3 years ago,"Recommended!

AMBIENCE:
Very blended in with the setting as the whole place is glass cladded.
The water on which the restaurant is set is very soothing.
Spacious. Ample seating arrangements.
The surrounding is beautiful!

FOOD:
Pretty tasty.
Though not a lot variation.
Mostly kebab/ BBQ items.
A little snacks and ice-cream corner too is available.

PORTION SIZE:
Moderate.

PRICE:
Very reasonable for the view and ambience it offers.

Special feature:
Boating option is available.

**It's a pretty good option for hanging out but the only downside not all stuff were friendly/ helpful.**",
"Tribeni Restaurant, Dhaka.","R94R+PJQ, Near Nirjhor R/A Opposite Army Head Quarter, 1206, Bangladesh",+880 1707-005781,N/A,4.2,2225,"{'name': 'Dr. Ziauddin Ahmed', 'thumbnail': 'https://lh3.googleusercontent.com/a-/ALV-UjUJ_IyOai0OeCqx8st4tx1NDTMWKZLB7NDMvCJKeqNKSwfYxdE=s120-c-rp-mo-ba5-br100', 'link': 'https://www.google.com/maps/contrib/117706059824622238424?hl=en-US', 'reviews': 243, 'photos': 1001}",4,2 years ago,"The restaurant is located inside the Dhaka cantonment and near its central mosque. Very beautiful location and nice ambience. I had kabab platter, coffee, soft drink and icecream. Food was good though price is high. Service is good.",
HAKKA DHAKA,"Navana Rowshan Sayed Plaza, House # 47, 4th Floor, Dhaka 1213, Bangladesh",+880 1616-666543,https://www.hakkadhaka.page/,4.2,2244,"{'name': 'Elizabeth Purification', 'thumbnail': 'https://lh3.googleusercontent.com/a-/ALV-UjVYqm5QA1_6HW011WDKFmFaG0cFlNSsDq_VJHactVaMyDBAacE=s120-c-rp-mo-ba5-br100', 'link': 'https://www.google.com/maps/contrib/102481437341018337861?hl=en-US', 'reviews': 107, 'photos': 576}",4,4 months ago,"Recently I have visited at Hakka Dhaka for lunch. Good environment but small. I always love their chinese items. A good place for family and good food.
I tried 2 person meal deal.
Platter B ( lunch/ dinner enough for 2)
Fried Chicken Momo- 8/10
Dry Chilli Beef- 8.5/10
Szechuan Prawns- 8/10
Chicken with Mashrooms- 7.5/10
Hakka Noddles- 8/10
Egg Fried Rice- 8/10",
HAKKA DHAKA,"Navana Rowshan Sayed Plaza, House # 47, 4th Floor, Dhaka 1213, Bangladesh",+880 1616-666543,https://www.hakkadhaka.page/,4.2,2244,"{'name': 'Adiba Anbar Ahona', 'thumbnail': 'https://lh3.googleusercontent.com/a-/ALV-UjWEqOQf3mrYnr4VPdv2-CmX6K4MMCVDXAAxpipZBCMCBKG-N9G5_Q=s120-c-rp-mo-ba4-br100', 'link': 'https://www.google.com/maps/contrib/107045026463194721340?hl=en-US', 'reviews': 60, 'photos': 272}",5,3 months ago,"Hakka Dhaka is always my first option to dine in because of their varieties of platter. Recently, I visited Banani branch which is comparatively smaller than others. But as always their foods taste never disappointed me. Recommended if you want budget-friendly place to dine in with your colleagues, friends, families.
We ordered their mega platter for 4 but for 6 persons, it was quite enough; which means the quantity was perfect! Hope to visit again, another time soon.
One thing I can suggest to add more options in dessert besides kulfi.",
HAKKA DHAKA,"Navana Rowshan Sayed Plaza, House # 47, 4th Floor, Dhaka 1213, Bangladesh",+880 1616-666543,https://www.hakkadhaka.page/,4.2,2244,"{'name': 'Matlub Ul Alam', 'thumbnail': 'https://lh3.googleusercontent.com/a-/ALV-UjV1nliS1e4RGunC92rMF2_wvQT8Byg75vzrLosQI2D9D9vDoDTD=s120-c-rp-mo-ba3-br100', 'link': 'https://www.google.com/maps/contrib/113495882215055536313?hl=en-US', 'reviews': 17, 'photos': 42}",5,a month ago,"The food tasted very good and was worth the money.

We took:

1.Garlic & Butter Prawn with Chili Peanut Noodles
2. Premium Lunch Box - Option 1
3. Mixed Hakka Noodles",
HAKKA DHAKA,"Navana Rowshan Sayed Plaza, House # 47, 4th Floor, Dhaka 1213, Bangladesh",+880 1616-666543,https://www.hakkadhaka.page/,4.2,2244,"{'name': 'Shakil Ahmed', 'thumbnail': 'https://lh3.googleusercontent.com/a-/ALV-UjX7eHEsFiWp2BDlxzcqhsA5mKa0oNmp563nNZEXSII7_1fNSPSz=s120-c-rp-mo-ba5-br100', 'link': 'https://www.google.com/maps/contrib/117698290140220365296?hl=en-US', 'reviews': 128, 'photos': 1664}",3,2 months ago,"The food was quite good, not exceptionally good but pretty good. ambience is also good",
HAKKA DHAKA,"Navana Rowshan Sayed Plaza, House # 47, 4th Floor, Dhaka 1213, Bangladesh",+880 1616-666543,https://www.hakkadhaka.page/,4.2,2244,"{'name': 'Fuji Nafiul', 'thumbnail': 'https://lh3.googleusercontent.com/a-/ALV-UjUqVxN7yXftA-xPob5gSJJor7i0mPXTZABZyXGp3Us72zRBL2M=s120-c-rp-mo-ba5-br100', 'link': 'https://www.google.com/maps/contrib/115389288886479988378?hl=en-US', 'reviews': 118, 'photos': 539}",5,9 months ago,"Nice environment, well behaved & fast serve. The look and smell from the ""mixed fried rice"" was amazing, the taste was really good. I was surprised by the ""butter & garlic prawn"" for it's uniqueness   and awesome taste though the prawn could be little bit more less fried. Recommending for sure...!!",
HAKKA DHAKA,"Navana Rowshan Sayed Plaza, House # 47, 4th Floor, Dhaka 1213, Bangladesh",+880 1616-666543,https://www.hakkadhaka.page/,4.2,2244,"{'name': 'Falguni Alam', 'thumbnail': 'https://lh3.googleusercontent.com/a-/ALV-UjVtZ3YlyGnHtcvZp61KjtdRP_YByITWEi8u2LvpY1dg5DSsF_HyGQ=s120-c-rp-mo-ba5-br100', 'link': 'https://www.google.com/maps/contrib/108474198051284635325?hl=en-US', 'reviews': 48, 'photos': 434}",5,9 months ago,"Hakka Dhaka's food is so yummy! Specially the 'Hakka Noodles'. I have tested one of their lunch bowls and dumplings. It was one of the best dumplings.

The interior and welcoming behavior of the staff is also appreciating. They provided colors and paper to draw in the waiting time for food. That's really fun!",
HAKKA DHAKA,"Navana Rowshan Sayed Plaza, House # 47, 4th Floor, Dhaka 1213, Bangladesh",+880 1616-666543,https://www.hakkadhaka.page/,4.2,2244,"{'name': 'Rumana Chayti', 'thumbnail': 'https://lh3.googleusercontent.com/a-/ALV-UjXef75KOmlEa26M0BIuF4lXUq4EmA6aLRlLN-s6L-IyoHFAMe8=s120-c-rp-mo-ba5-br100', 'link': 'https://www.google.com/maps/contrib/113061630028506542434?hl=en-US', 'reviews': 187, 'photos': 1281}",4,6 months ago,"Food was yummy, serving was fast.
But the AC was not working properly. It was hot and the environment looked dull.",
HAKKA DHAKA,"Navana Rowshan Sayed Plaza, House # 47, 4th Floor, Dhaka 1213, Bangladesh",+880 1616-666543,https://www.hakkadhaka.page/,4.2,2244,"{'name': 'Taqi Yaseer Rahman', 'thumbnail': 'https://lh3.googleusercontent.com/a-/ALV-UjVLTz4QvyjhljeozNx-yND9JN0cNrf8hGSOkt9KK10Bob5kEjyZ=s120-c-rp-mo-ba6-br100', 'link': 'https://www.google.com/maps/contrib/102630913758463393645?hl=en-US', 'reviews': 220, 'photos': 1631}",5,a year ago,"Hakka Dhaka, A very popular restaurant in Dhaka. It is located at Banani 11 road, around Aarong and Shwapno. Food quality is fine. Service is also good. The environment is well as well. The restaurant has few parking facilities inside the building. Air conditioning system was down when we visited in this summer. It was the  only horrible thing!",
Galleria Restaurant and Cafe,"2nd Floor, City Club Market, Road No #01, Dhaka 1216, Bangladesh",N/A,N/A,4.1,809,"{'name': 'Shahriar Mamun', 'thumbnail': 'https://lh3.googleusercontent.com/a-/ALV-UjXG6d-oa7ZtFxSkw92fF_MBnGt8hxMKqPEPEyxTaVdywkjfezYX=s120-c-rp-mo-ba4-br100', 'link': 'https://www.google.com/maps/contrib/111163992414796748468?hl=en-US', 'reviews': 44, 'photos': 396}",4,a year ago,"This restaurant has a nice view of the City Club ground on one side and the main road along with the metro rail on the other. The entrance might be a little bit of search and find for some, I think.

Inside, the restaurant is nice. Decent decor. It has a small corner for the kids. Seating arrangements include roadside, ground-side and the in-between. Point to remember, after the sun goes down, you will not be able to get the view of the ground as the ground is not lit and you will only see the reflection of the inside of the restaurant on the glass.

I tried the Thai soup, Mexican pizza and pineapple juice. The soup could be better, as I found the pieces of chicken a little undercooked. The pizza was really good. Very fresh toppings. The juice was good too.

Overall, it is a good place to hang around with friends and family members.

I recommend this place.",
Galleria Restaurant and Cafe,"2nd Floor, City Club Market, Road No #01, Dhaka 1216, Bangladesh",N/A,N/A,4.1,809,"{'name': 'Shaila Sharmeen', 'thumbnail': 'https://lh3.googleusercontent.com/a-/ALV-UjWONyi0smmE-7zKo6NJjypCa93JZq1N2g9xhcvLq6hioErHCZyoXg=s120-c-rp-mo-ba5-br100', 'link': 'https://www.google.com/maps/contrib/102318149310680056997?hl=en-US', 'reviews': 260, 'photos': 730}",4,a year ago,"I just had to wait for some delivery, that's why I went there to pass time. Ordered light snacks as I wasn't hungry. So, I got a club sandwich, which was 220tk probably and watermelon juice, 170tk. Vat will be added. Both juice and sandwiches were great. Service people are very attentive. The restaurant atmosphere is also not bad. But their stair smells like urine. Horrible... totally ruins restaurant's entrance.",
Galleria Restaurant and Cafe,"2nd Floor, City Club Market, Road No #01, Dhaka 1216, Bangladesh",N/A,N/A,4.1,809,"{'name': 'Nicholas Adhikary', 'thumbnail': 'https://lh3.googleusercontent.com/a-/ALV-UjV6l0POrkNV4UtNOPxDeP-4PzMhTQBbng0kChr6WSi6Xp4khQY1Cw=s120-c-rp-mo-ba5-br100', 'link': 'https://www.google.com/maps/contrib/115612557835007739768?hl=en-US', 'reviews': 131, 'photos': 879}",4,5 years ago,Wonderful place. I didn't expect this but this place is very well maintained. Excellent decor. Seating arrangements are nice. They have seperate place for kids as well. Price was reasonable. I went there with 2 of my friends on a Saturday evening and it was less crowded than usual. I would give it a five star if their strawberry frappe was good. It was too sugary. Recommended !,
Galleria Restaurant and Cafe,"2nd Floor, City Club Market, Road No #01, Dhaka 1216, Bangladesh",N/A,N/A,4.1,809,"{'name': 'Dil Afroz', 'thumbnail': 'https://lh3.googleusercontent.com/a-/ALV-UjVjYLgE6-cZ_UcTz8JZt69xmbJy-r6I-C6O7VNUm4DisTtQzUyT=s120-c-rp-mo-ba6-br100', 'link': 'https://www.google.com/maps/contrib/106274303094255948064?hl=en-US', 'reviews': 219, 'photos': 2652}",4,7 years ago,"Went there with no expectation but got amazed.  their interior is very good and the place is big. so good for parties n hangout. they have items from diversified cuisine at their menu which confused me most. however ordered chicken salad, lemon mint n chowmein. food was good.
behavior of the staffs is pretty good. you may love to see the club ground view from the restaurant. ... if you are thinking of going their you may pay a visit. I would say it is a quality place indeed in this neighbourhood.",
Galleria Restaurant and Cafe,"2nd Floor, City Club Market, Road No #01, Dhaka 1216, Bangladesh",N/A,N/A,4.1,809,"{'name': 'Imrul Kayes', 'thumbnail': 'https://lh3.googleusercontent.com/a-/ALV-UjVm0tnQNfTt217_tM2rjHkzUhDjwsr3G9AF6RJyPNh90mT9K04Wbw=s120-c-rp-mo-ba6-br100', 'link': 'https://www.google.com/maps/contrib/109274003803755746964?hl=en-US', 'reviews': 136, 'photos': 2210}",4,5 years ago,Nicely decorated and spacious interior. Couches are comfortable. Contemporary menu with Indian and local style Thai/Chinese items. Food is quite delicious. Cooperating staffs.,
Galleria Restaurant and Cafe,"2nd Floor, City Club Market, Road No #01, Dhaka 1216, Bangladesh",N/A,N/A,4.1,809,"{'name': 'Zinia Explains', 'thumbnail': 'https://lh3.googleusercontent.com/a-/ALV-UjUuZESrUF_01-wpBg89pOL-MlWMaZH7WPLZO8lI7n2bXfXNl59-Qg=s120-c-rp-mo-ba3-br100', 'link': 'https://www.google.com/maps/contrib/103398276693068851494?hl=en-US', 'reviews': 63, 'photos': 16}",1,Edited a year ago,"Don't be too excited by the look of the food. All that shines is not gold.Food was very bad. Tasteless & cold.
I'll never visit this one again. Bad food, High price compared to what you get, Bad & unorganised  service. Not worth it.
My last visit was amazing, food was tasty that's why I took my mother with me to have Iftar. But it was a huge disappointment. They served very cold food. Everything was tasteless . In my entire life I have never seen chicken sizzling without smoke and any heat.
Felt like they had premade chicken sizzling and they just warmed it for 30 second in oven & served. Also it was too sour. Waste of money.
I had drinks with my food. They did not serve it . When I asked at almost at the end of our meal then they gave us drinks. The employees are walking everywhere cluelessly. doesn't know how to do service at restaurant. The waiters are roaming around like they don’t work there....they just came to walk around 🤦🏻‍♀️",
Galleria Restaurant and Cafe,"2nd Floor, City Club Market, Road No #01, Dhaka 1216, Bangladesh",N/A,N/A,4.1,809,"{'name': 'Rafin Raihan', 'thumbnail': 'https://lh3.googleusercontent.com/a-/ALV-UjVFjF_MkyMJiQAjx-mpP9jrbk-g1XdnJj1dFSBpWXEjd4ZqoGlu=s120-c-rp-mo-ba2-br100', 'link': 'https://www.google.com/maps/contrib/102570936118007156457?hl=en-US', 'reviews': 9, 'photos': 11}",5,a year ago,Such an amazing place for hangouts with family and friends. The manager Mr. Sunny was very organized with service. Chef Mr. Monir were asking us for the food taste after we finished. We'll definitely like to visit this place again.,
Galleria Restaurant and Cafe,"2nd Floor, City Club Market, Road No #01, Dhaka 1216, Bangladesh",N/A,N/A,4.1,809,"{'name': 'Abdullah Al Masud', 'thumbnail': 'https://lh3.googleusercontent.com/a-/ALV-UjV6MpCnaZy7j8Vgjy2IkQnVEED8Sz5JxPkkiJJBgzSVY5X5MXMBVQ=s120-c-rp-mo-ba5-br100', 'link': 'https://www.google.com/maps/contrib/109546710246336705724?hl=en-US', 'reviews': 127, 'photos': 308}",4,Edited 2 years ago,"Galleria Restaurant located in mirpur 12. Visited twice. Environment was good. Enough space for seating. You can enjoy your food with watching cricket. Tried their burger , noodles, set menu. Taste was good.",
Ciao Dhaka,"House 18 Rd No 10A, Dhaka 1212, Bangladesh",+880 1791-940409,N/A,4.3,195,"{'name': 'Trung Nguyen', 'thumbnail': 'https://lh3.googleusercontent.com/a-/ALV-UjXm7CiRA1cdp0BaXSggq7qAdyRrdexxW6ag2wOh9-rPKCDurqZ3dg=s120-c-rp-mo-ba6-br100', 'link': 'https://www.google.com/maps/contrib/116989337883280227101?hl=en-US', 'reviews': 150, 'photos': 1823}",5,a week ago,"I had an amazing dining experience at Ciao, an Italian restaurant that truly captures the authentic flavors of Italy. The atmosphere was warm and inviting, and every dish felt like a taste of the Italian coast. The highlight of my meal was the Frutti di Mare, a perfect mix of fresh shellfish and seafood served with linguine in a rich, slightly spicy tomato sauce. The flavors were bold yet balanced, and every bite tasted like the Fruit of the Sea. If you’re craving genuine Italian cuisine and a cozy dining experience, Ciao is definitely a must-visit spot!

Lighting setuup is a bit dark. Everything else is fine.",
Ciao Dhaka,"House 18 Rd No 10A, Dhaka 1212, Bangladesh",+880 1791-940409,N/A,4.3,195,"{'name': 'Shehab Shahriar', 'thumbnail': 'https://lh3.googleusercontent.com/a-/ALV-UjXEJ3rQSFEIw7KCBql2Zmnv3Fkd8iKAok9pLHYGNeDKGAFkyac9TA=s120-c-rp-mo-ba3-br100', 'link': 'https://www.google.com/maps/contrib/114107839155031456309?hl=en-US', 'reviews': 22, 'photos': 90}",5,a month ago,"This place is a fully authentic Italian restaurant and they really serve proper Italian pizza and pasta. We tried the Shrimp Aglio Olio pasta, which was so flavorful, especially with the parmesan cheese. Then we had the Chilli Lime Shrimp pizza – definitely this is the 2nd best pizza here, super yummy! We also tried a half n half pizza (not on the menu, but you can ask the waiter and then order). So we ordered Margherita(adding chicken) and Funghi – both were absolutely delicious. Their pizza dough is just awesome 👌🏻",
Ciao Dhaka,"House 18 Rd No 10A, Dhaka 1212, Bangladesh",+880 1791-940409,N/A,4.3,195,"{'name': 'Trailblazer EHT', 'thumbnail': 'https://lh3.googleusercontent.com/a-/ALV-UjXW6PCHMb8uGwwMFAu3amcfusLH-vcACJJcexkY3EtywJc5hNOA=s120-c-rp-mo-ba8-br100', 'link': 'https://www.google.com/maps/contrib/101693796781370880985?hl=en-US', 'reviews': 111, 'photos': 12447}",5,3 weeks ago,"Ciao Dhaka – Authentic Italian Pizza

Ciao Dhaka is one of the best places in the city for real Italian-style pizza. The crust is perfect — soft on the inside, crispy on the edges — and the cheese melts beautifully. Every bite is full of flavor and feels genuinely Italian.

The prices are a bit on the higher side, but the quality and portion sizes make it worth it. One pizza can easily serve two people, so it’s actually pretty good value for money.

The pastas are also really good, and I love that they’ve partnered with a local dessert place for sweet options after your meal (still need to try that next time!).

Service can be a little slow, but honestly, the food makes up for it. If you don’t mind waiting a bit, you’re in for a treat.

Overall, highly recommend Ciao Dhaka for anyone who wants proper Italian pizza and pasta in Dhaka. The quality, flavor, and authenticity are top-notch! 🍕🇮🇹",
Ciao Dhaka,"House 18 Rd No 10A, Dhaka 1212, Bangladesh",+880 1791-940409,N/A,4.3,195,"{'name': 'Sohanur Rahman', 'thumbnail': 'https://lh3.googleusercontent.com/a-/ALV-UjU21iibyyK1brXO2nkarW0_gnnIwfCnQ1yTgON4clRLcSkXTCoeag=s120-c-rp-mo-ba4-br100', 'link': 'https://www.google.com/maps/contrib/118318788844411843436?hl=en-US', 'reviews': 24, 'photos': 155}",5,3 weeks ago,"I tried Ciao Dhaka, and honestly, their pizza was amazing. The crust was soft yet crispy, the cheese melted perfectly, and the flavor just hit right. It’s a bit on the pricey side, but one pizza is easily enough for two people, and totally worth it. If you’re looking for proper Italian-style pizza in Dhaka, this place is a solid pick.
They collaborated with Dessert Boutique by Nadia Lakhani.",
Ciao Dhaka,"House 18 Rd No 10A, Dhaka 1212, Bangladesh",+880 1791-940409,N/A,4.3,195,"{'name': 'Dewan Asif', 'thumbnail': 'https://lh3.googleusercontent.com/a-/ALV-UjWJ35niXA0Gsx1L8J5vyXQbydgsqfrYV4YsXAsceSoQ0T1AbD1uLA=s120-c-rp-mo-ba7-br100', 'link': 'https://www.google.com/maps/contrib/100094161477995738246?hl=en-US', 'reviews': 482, 'photos': 4020}",4,Edited a month ago,"Ciao Dhaka is a popular Italian restaurant in the city, well-known for its wood-fired pizzas. The pizza crust was crispy and the dough had a nice flavor. Toppings were fresh and tasty. Their Diavola pizza is the best — full of flavor and a must-try.

For dessert, we had the Deconstructed Banoffee Pie, which was very delicious. It had layers of cream and caramel, making it a unique and enjoyable treat.

However, the service was quite slow, and the place felt congested with a long waiting line.

If you're visiting, go mainly for the pizza — it’s worth it. Not the best place for comfort or quick service, but a good spot if you're craving a great slice.",
Ciao Dhaka,"House 18 Rd No 10A, Dhaka 1212, Bangladesh",+880 1791-940409,N/A,4.3,195,"{'name': 'Raiyan Ibne Hossain', 'thumbnail': 'https://lh3.googleusercontent.com/a-/ALV-UjWDcfeB9lps6FERwxJX_FTxrsFt9MWDTPVr1Xrc2pNAf9k8CS1ZGg=s120-c-rp-mo-ba3-br100', 'link': 'https://www.google.com/maps/contrib/109114270477329923142?hl=en-US', 'reviews': 38, 'photos': 99}",4,a month ago,"The di manzo pizza was great, although I personally expected it to be even better for the price. The fettuccine alfredo was amazing, it was the better of the two items. However, the price:quantity ratio was a bit disappointing, even though the taste was quite premium. In other words, great items but the pricing could have been slightly better. For this price, I personally expect the items to be exceptionally good, which was not the case (the pasta was close to exceptional if the price is taken out of consideration).

The service of the staff was commendable too. Very friendly.

Best wishes for Ciao!",
Ciao Dhaka,"House 18 Rd No 10A, Dhaka 1212, Bangladesh",+880 1791-940409,N/A,4.3,195,"{'name': 'Samiha Rahman', 'thumbnail': 'https://lh3.googleusercontent.com/a-/ALV-UjUKUSQY9Y_Oof2yDCNncQiZMKR4hT9OgAHqLf8He5FB-ilis80=s120-c-rp-mo-ba2-br100', 'link': 'https://www.google.com/maps/contrib/117080192130133636569?hl=en-US', 'reviews': 9, 'photos': 10}",3,Edited 2 weeks ago,"Mainly ordered the Seafood Pasta to try out mussels, but sadly it had almost no amount of meat in it. In comparison to the price, the portion size is quite small, however, the base sauce complimented the overall taste. Also tried their fungi pizza but forgot to take pictures. The taste of the mushrooms and cheese paired really nicely, but the dough was a bit more chewy for my liking. The server was not very good at his work, served food on cracked plate and kept on forgetting to deliver food & condiments.",
Ciao Dhaka,"House 18 Rd No 10A, Dhaka 1212, Bangladesh",+880 1791-940409,N/A,4.3,195,"{'name': 'nadia putul', 'thumbnail': 'https://lh3.googleusercontent.com/a-/ALV-UjWgCtGFZxj_UwUNUXQgxYmSZPyhmSIOf8kOTkP0dJ_i9pwEJvTQ=s120-c-rp-mo-ba4-br100', 'link': 'https://www.google.com/maps/contrib/107591475651390705509?hl=en-US', 'reviews': 42, 'photos': 106}",4,4 months ago,Loved the food. We ordered Quattro Formaggio from their pizza section and shrimp aglio olio from the pasta one! Loved everything. But service wise I will give 4 as after we went we had to wait for almost 20/30 mins be because of no space even though i called for a booking before going. But the management kept checking on us till we got our table so appreciate that. And the decoration and everything seems quite nice and aesthetic. Definitely worth a try.,
Sura Korean Restaurant,"6th Floor, Hamid Tower, Circle, Dhaka 1212, Bangladesh",+880 2-58816077,https://www.facebook.com/SuraDhaka,4.3,629,"{'name': 'Yohanes Jusuf', 'thumbnail': 'https://lh3.googleusercontent.com/a-/ALV-UjVA2T2lyYpFwtkA3x7knMcnw789HIfJavLsS5vioS2etTMNohP9=s120-c-rp-mo-ba6-br100', 'link': 'https://www.google.com/maps/contrib/118172856984575636982?hl=en-US', 'reviews': 789, 'photos': 3906}",5,a month ago,"Non halal. Located 6th floor. Spacious resto, good atmosphere, not too crowded. Approved by my Korean colleagues.",
Sura Korean Restaurant,"6th Floor, Hamid Tower, Circle, Dhaka 1212, Bangladesh",+880 2-58816077,https://www.facebook.com/SuraDhaka,4.3,629,"{'name': 'Taaif Mehadi', 'thumbnail': 'https://lh3.googleusercontent.com/a/ACg8ocJACTd2j8whCHelX47q6WkVwnTWSkdNWQCFiN8SeiPYnu2ntXwO=s120-c-rp-mo-ba5-br100', 'link': 'https://www.google.com/maps/contrib/113944573405569135424?hl=en-US', 'reviews': 184, 'photos': 280}",3,a month ago,"Located on the 6th floor in the vibrant Gulshan 2 area of Dhaka, Sura Korean Restaurant offers an authentic taste of Korean cuisine with a side of great ambiance. My recent visit left me with mixed feelings about the food but impressed by the overall experience.

The sushi at Sura was, in my opinion, average. While it was well-presented, it lacked the finesse and flavor complexity you might expect from top-tier Korean sushi. It’s decent for a quick sushi fix, but it didn’t stand out as a highlight of the meal. Apparently the spicy tuna roll is made from canned tuna, UNACCEPTABLE when you are charging these prices.

Where Sura truly shines is its meat dishes. The Korean BBQ and other meat-based offerings were good. The flavors were bold, the meat was tender and perfectly cooked, and the accompanying banchan (side dishes) elevated the experience to another level. Whether it was the bulgogi or the grilled short ribs, each bite was packed with authentic Korean flair.

The service at Sura deserves high praise. The staff was attentive, friendly, and quick to accommodate requests, making the dining experience seamless and enjoyable. The restaurant itself is spotlessly clean, with a modern and inviting vibe that strikes a perfect balance between cozy and upscale. The 6th-floor location adds a nice touch, offering a pleasant view of the Gulshan area.

Overall, Sura Korean Restaurant is a gem for meat lovers and those seeking a lively yet comfortable dining atmosphere. While the sushi may not steal the show, the meat dishes, good service, and great vibe make it worth the visit for Korean cuisine enthusiasts in Dhaka.l",
Sura Korean Restaurant,"6th Floor, Hamid Tower, Circle, Dhaka 1212, Bangladesh",+880 2-58816077,https://www.facebook.com/SuraDhaka,4.3,629,"{'name': 'Park John J', 'thumbnail': 'https://lh3.googleusercontent.com/a-/ALV-UjX7uOTFepyrkD_mNktksEVvbDjeehQXq7mPQ1vuol1saT0Rmgbo5g=s120-c-rp-mo-ba4-br100', 'link': 'https://www.google.com/maps/contrib/114274303851082062744?hl=en-US', 'reviews': 45, 'photos': 307}",4,3 months ago,"The atmosphere of the restaurant is very good, but the food tastes bad. And there were a lot of employees, but they chatted with each other and didn't care about the customers.",
Sura Korean Restaurant,"6th Floor, Hamid Tower, Circle, Dhaka 1212, Bangladesh",+880 2-58816077,https://www.facebook.com/SuraDhaka,4.3,629,"{'name': 'Humaira Ferdous Shifa', 'thumbnail': 'https://lh3.googleusercontent.com/a-/ALV-UjXc0iAbjKm1e1FxLhISvJ-B-CWHUfs9OvxNBn-teuti1BR4fJKeLg=s120-c-rp-mo-ba4-br100', 'link': 'https://www.google.com/maps/contrib/114422365960448836336?hl=en-US', 'reviews': 45, 'photos': 99}",5,4 months ago,Great place for authentic Korean food if you have the taste bud!,
Sura Korean Restaurant,"6th Floor, Hamid Tower, Circle, Dhaka 1212, Bangladesh",+880 2-58816077,https://www.facebook.com/SuraDhaka,4.3,629,"{'name': 'George Prosenjit Roy', 'thumbnail': 'https://lh3.googleusercontent.com/a-/ALV-UjXC0LzmerHesdivikpfGpDld01TnRu_FT1IX7t9_By92FVv8lQN=s120-c-rp-mo-ba4-br100', 'link': 'https://www.google.com/maps/contrib/100845576691296066165?hl=en-US', 'reviews': 40, 'photos': 212}",5,a year ago,"Superb experience. Worth a try. Their service is especially good as they provide guidance and care.

If you do not know what to do, they will help you. Price, yes bring your card with you. Cash will not be sufficient.

But you will not regret it.",
Sura Korean Restaurant,"6th Floor, Hamid Tower, Circle, Dhaka 1212, Bangladesh",+880 2-58816077,https://www.facebook.com/SuraDhaka,4.3,629,"{'name': 'sayed sarwar', 'thumbnail': 'https://lh3.googleusercontent.com/a-/ALV-UjXRAFDIF9ltiIUr5cJX624d0plw8c_BMQnYtLrVl3pIIAAkPnY=s120-c-rp-mo-ba6-br100', 'link': 'https://www.google.com/maps/contrib/111973646868000686545?hl=en-US', 'reviews': 454, 'photos': 1035}",4,a year ago,"Liked the ambience and the interior of this restaurant which reopened after couple of years. Some food I liked & some were a bit average like mixed fried rice & spicy seafood soup. Beef bulgogi, kimchis & vegetable tempura was really good.",
Sura Korean Restaurant,"6th Floor, Hamid Tower, Circle, Dhaka 1212, Bangladesh",+880 2-58816077,https://www.facebook.com/SuraDhaka,4.3,629,"{'name': 'Omega Alpha', 'thumbnail': 'https://lh3.googleusercontent.com/a-/ALV-UjUh1OfCQA5kP8YJJsu0GH7-J8bL75IOO62uAmRTjEayGdoD1Owg8A=s120-c-rp-mo-ba7-br100', 'link': 'https://www.google.com/maps/contrib/112838025783796703182?hl=en-US', 'reviews': 499, 'photos': 10304}",5,3 years ago,"Really good Korean restaurant to enjoy Korean foods. The restaurant provides various Korean menus such as kimchi and soybean stew highly reputated by Koreans. Besides that if you want to try Korean black bean noodle, it is worth for you to make a different taste from that of Bangladesh. They have rooms to have private talks for business meetings.",
Sura Korean Restaurant,"6th Floor, Hamid Tower, Circle, Dhaka 1212, Bangladesh",+880 2-58816077,https://www.facebook.com/SuraDhaka,4.3,629,"{'name': 'astan _', 'thumbnail': 'https://lh3.googleusercontent.com/a/ACg8ocKmIKn7OXWUNNhLjKT9Pyz4ulMii6iAmDaTkut1P-Xc_1BOwg=s120-c-rp-mo-br100', 'link': 'https://www.google.com/maps/contrib/102719492814013610473?hl=en-US', 'reviews': 1, 'photos': 2}",5,a year ago,"Yesterday, my friend and I had the pleasure of dining at Sura, and it was an unforgettable experience. From the moment we walked in, we were greeted with warm smiles and friendly hospitality that set the tone for the evening.

The ambiance of Sura is both elegant and cozy, creating the perfect setting for a relaxing meal. The staff went above and beyond to ensure we were comfortable, promptly seating us and providing excellent service throughout our visit. They were attentive without being intrusive, and their knowledge of the menu helped us make the best choices for our meal.

Now, onto the food – it was absolutely phenomenal. Every dish was a delightful blend of flavors and textures, showcasing the best of Korean cuisine.

What truly stood out was the care and attention to detail in every aspect of our dining experience. The staff's genuine enthusiasm and passion for what they do were evident, making us feel like valued guests rather than just customers.

Overall, Sura exceeded our expectations in every way.",
OLIO STEAK,"Dhaka 1212, Bangladesh",+880 1711-994437,N/A,4.9,84,"{'name': 'Sanjida Putul', 'thumbnail': 'https://lh3.googleusercontent.com/a/ACg8ocIiGfze5CxUDHXJrhx092k95uTmc9STZXtmbc3kGfgQmkMa2zM=s120-c-rp-mo-br100', 'link': 'https://www.google.com/maps/contrib/100018786722045262328?hl=en-US', 'reviews': 8, 'photos': 1}",5,a week ago,"Outstanding Experience at OLIO STEAK!

I had an amazing dining experience at OLIO STEAK! The food was absolutely delicious — the dish was cooked to perfection, tender, juicy, and full of rich flavor. Every bite showed real care and skill from the kitchen. The sides and sauces complemented the main dish beautifully, and the presentation was spot-on.

A special mention goes to Mahmud, who served us with such professionalism and warmth. He was attentive without being intrusive, offered great recommendations, and made sure we had everything we needed throughout the meal. His friendly attitude and excellent service really made the evening even more enjoyable.

The overall atmosphere at OLIO STEAK was cozy yet elegant — perfect for both casual dinners and special occasions. I’ll definitely be coming back and highly recommend this place to anyone who loves great steak and first-class service!",
OLIO STEAK,"Dhaka 1212, Bangladesh",+880 1711-994437,N/A,4.9,84,"{'name': 'Anastasia Gutnikova', 'thumbnail': 'https://lh3.googleusercontent.com/a/ACg8ocLqod8sEA380rz6xwHQpSFgRW_Wmg8LaN6ex-nG0zah84rQVQ=s120-c-rp-mo-br100', 'link': 'https://www.google.com/maps/contrib/112998577255451474521?hl=en-US', 'reviews': 3, 'photos': 7}",5,2 weeks ago,"Had a very nice dinner and evening in OLIO STEAK. Ordered a steak and a beverage. The food was very nice - delicious and good quality. The service was extremely friendly and helpful. We received a very warm welcome. In addition it was a very nice touch, when the staff brought me a personally signed complimentary brownie. Was a nice surprise. The brownie was very good as well. Will definitely visit again when next time in Dhaka.",
OLIO STEAK,"Dhaka 1212, Bangladesh",+880 1711-994437,N/A,4.9,84,"{'name': 'Afia', 'thumbnail': 'https://lh3.googleusercontent.com/a-/ALV-UjUmoPR7jllKClAs7JHy7y49B_AbVrw5t347gMz4bzSjlDjpsnE=s120-c-rp-mo-br100', 'link': 'https://www.google.com/maps/contrib/105826304193113560634?hl=en-US', 'reviews': 1, 'photos': 6}",5,a week ago,"I just could not hold myself from sharing my experience with Olio steak even though i don't usually share reviews. I decided to go there for dinner to celebrate my husband’s birthday and i had called them for reservation beforehand. I told them about the occasion and they were sweet enough to offer a special arrangement to make it memorable (on behalf of Olio steak). We had ordered cream of mushroom soup, fish and chips, BBQ chicken platter and T-bone steak from their menu. We absolutely loved each of the dishes and staff members were too sweet and welcoming the whole time making sure we are comfortable and have everything we need. Lastly, to end the celebration on a sweet note we got brownies on behalf of Olio steak and it was really a sweet surprise for both of us. I loved my overall experience. 100% recommended for good food and good time.",
OLIO STEAK,"Dhaka 1212, Bangladesh",+880 1711-994437,N/A,4.9,84,"{'name': 'Exotic piercing bd Piercing Bangladesh', 'thumbnail': 'https://lh3.googleusercontent.com/a-/ALV-UjXMNnY_T-c3vO8A7ebvR11pPtscJKF2m12W7V2fr6h7rxpxywA7=s120-c-rp-mo-ba3-br100', 'link': 'https://www.google.com/maps/contrib/100548693579218068536?hl=en-US', 'reviews': 15, 'photos': 17}",5,a month ago,"Just visited Olio Steak, and honestly — everything was amazing! 🔥 The food was absolutely delicious, perfectly cooked, and full of flavor. The environment was super cozy and stylish — a perfect place to chill, eat, and enjoy good vibes. Definitely one of the best spots in town for steak lovers!",
OLIO STEAK,"Dhaka 1212, Bangladesh",+880 1711-994437,N/A,4.9,84,"{'name': 'Ginza George', 'thumbnail': 'https://lh3.googleusercontent.com/a-/ALV-UjVGO84YluHvza4bzX2T-W7ARqmxBn2-6F4C9fShtt0j0QHGz1taVA=s120-c-rp-mo-ba3-br100', 'link': 'https://www.google.com/maps/contrib/116067423628789499728?hl=en-US', 'reviews': 60, 'photos': 37}",5,a week ago,"Excellent place with delicious steaks. We had the ribeye medium and it was platter with dips/sauces and sides of vegetables and spanish rice.
Affogato was for the dessert and it was flavourful and lovely.
The experience was completed by the attentive service offered by Lincoln Rosario. He gave us delectable chocolate brownies complimentary.
There's a beautiful outdoor setting too and it's landscaped beautifully. The indoor seating is spacious and tastefully done.
Recommended to all fine dining steak lovers.",
OLIO STEAK,"Dhaka 1212, Bangladesh",+880 1711-994437,N/A,4.9,84,"{'name': 'Sayem Hossain', 'thumbnail': 'https://lh3.googleusercontent.com/a-/ALV-UjWPzyIqx2w0td4JeALNg4wW_pi1xzELNqBJb7R9aBE-QIWcEf6l=s120-c-rp-mo-ba6-br100', 'link': 'https://www.google.com/maps/contrib/116926219457044205840?hl=en-US', 'reviews': 533, 'photos': 1466}",5,2 months ago,Excellent place for dining out and chill with friends. Food was tasty and the service was topnotch.,
OLIO STEAK,"Dhaka 1212, Bangladesh",+880 1711-994437,N/A,4.9,84,"{'name': 'Sina Al Faiyaz', 'thumbnail': 'https://lh3.googleusercontent.com/a/ACg8ocLT45S35VLjZKOdNZh2Xop2_azO3phyTB62hjYAsUPhkDC5zQ=s120-c-rp-mo-br100', 'link': 'https://www.google.com/maps/contrib/104310903582733161822?hl=en-US', 'reviews': 2, 'photos': 1}",5,2 weeks ago,"Food and service by Mr.Mamun was really great.
Highly recommend this place for good steak",
OLIO STEAK,"Dhaka 1212, Bangladesh",+880 1711-994437,N/A,4.9,84,"{'name': 'Yuna Nour', 'thumbnail': 'https://lh3.googleusercontent.com/a-/ALV-UjXiitcwcUaZXwS3uuzB3cNiVgKZWc_NnTzwtCSH2NsMwlOuRSFi=s120-c-rp-mo-ba3-br100', 'link': 'https://www.google.com/maps/contrib/103766842668143804038?hl=en-US', 'reviews': 34, 'photos': 10}",4,a month ago,"My recent experience at Olio Steak was exceptional. It's a stellar combination of gracious service, a strikingly artistic atmosphere, and delicious cuisine. For the main event, the T-Bone steak is highly recommended, delivering on both flavor and quality. The rib-eye is also good- flavorful & tender. The mango smoothie? It's the perfect, refreshing accompaniment! Oh, and their mushroom soup is truly different.",
Umai,"8 Rd No. 50, Dhaka 1212, Bangladesh",+880 1971-900691,http://www.facebook.com/umai.bd/,4.3,681,"{'name': 'Farzana Afrin Tisha', 'thumbnail': 'https://lh3.googleusercontent.com/a-/ALV-UjVsNTjBDazI0y5X-_3ZgFidOS6CEvkq1j2cPPnaLkxn5fyd5PLR=s120-c-rp-mo-ba4-br100', 'link': 'https://www.google.com/maps/contrib/107377556892505583994?hl=en-US', 'reviews': 65, 'photos': 86}",5,2 months ago,The food was really good and needed a bit of a bigger space considering the price of the food & service !,
Umai,"8 Rd No. 50, Dhaka 1212, Bangladesh",+880 1971-900691,http://www.facebook.com/umai.bd/,4.3,681,"{'name': 'Chef Marco Marquez', 'thumbnail': 'https://lh3.googleusercontent.com/a-/ALV-UjX7bf5z2s6LIBb6jheZMygNOanr17D2Vgh3ApK80cOqdX1B0Ee18w=s120-c-rp-mo-br100', 'link': 'https://www.google.com/maps/contrib/101718055774749322157?hl=en-US', 'reviews': 10, 'photos': 8}",4,10 months ago,"Experience at Umai Japanese Restaurant

I recently dined at Umai Japanese Restaurant, and while there were a few positives, the overall experience left me excited about returning anytime soon.

The food was quite tasty, which was the highlight of the visit. Additionally, the restaurant’s location is pleasant and easy to find

However, there were notable drawbacks. The service fell short and could use improvement. The ambiance was average—not particularly memorable. I initially ordered a pineapple juice, but it wasn’t available, so I opted for plan B guava drink as a backup. Unfortunately, it was disappointing and failed to stand out. Considering the higher-than-average prices, I felt the value didn’t quite align with the cost.

While it wasn’t a terrible experience, I didn’t find a compelling reason toUmai Japanese restaurant return. I’ll likely explore other dining options before considering Umai again.",
Umai,"8 Rd No. 50, Dhaka 1212, Bangladesh",+880 1971-900691,http://www.facebook.com/umai.bd/,4.3,681,"{'name': 'Nida Zaidi', 'thumbnail': 'https://lh3.googleusercontent.com/a/ACg8ocKL88x-MZdc94zC_DcjJFPg163Qih1SY_Izk08IITByZ_zk8Q=s120-c-rp-mo-br100', 'link': 'https://www.google.com/maps/contrib/112750602615552893392?hl=en-US', 'reviews': 7, 'photos': 3}",5,8 months ago,Excellent choices of bento 🍱 chicken/salmon/beef. Good for family and office programs. Really enjoyed the Iftaar offers and the complementary freshly made matcha cake. Thanks. Just take care of the mosquitoes beforehand.,
Umai,"8 Rd No. 50, Dhaka 1212, Bangladesh",+880 1971-900691,http://www.facebook.com/umai.bd/,4.3,681,"{'name': 'Muhammad Asadunnabi', 'thumbnail': 'https://lh3.googleusercontent.com/a-/ALV-UjW4Ii7bGJsKSTbhlwOhyqtqoTCQO66FGoNcRjuc_H81VLz-Av92=s120-c-rp-mo-ba5-br100', 'link': 'https://www.google.com/maps/contrib/115284746020568852203?hl=en-US', 'reviews': 179, 'photos': 284}",5,4 months ago,"Japanese Cuisine. I usually can't remember the names of the foods, my bad. But the waiters are really helpful. You just clearly tell them what you're looking for. Remember, they'll give you one welcome drink and a soup as complementary. So order accordingly",
Umai,"8 Rd No. 50, Dhaka 1212, Bangladesh",+880 1971-900691,http://www.facebook.com/umai.bd/,4.3,681,"{'name': 'Mahbub Rahman Nafee', 'thumbnail': 'https://lh3.googleusercontent.com/a-/ALV-UjWGG_rI0QHRHuouWzHjFbIsfOhG_tp02JE3jOO1OesHU-InJFTaGQ=s120-c-rp-mo-ba6-br100', 'link': 'https://www.google.com/maps/contrib/117128918231819158693?hl=en-US', 'reviews': 405, 'photos': 3869}",4,11 months ago,"Another japanese cuisine experience here in Dhaka. Went there during lunch. I love japanese food and am always looking to try out different places service the cuisine. So, we ordered a good amount of food to try out their dishes. The food was served pretty fast. The grilled octopus and squid was really good. Their beef ramen was okay, but i felt it could've done with some more beef and a thicker broth. Their maki rolls were a let down, and for some reason the size of the rolls seemed extra small. The salmon sandwich was good. They also have good seating options, with rooms available for larger groups (8+). Service was good and they even gave us ice cream on the house.",
Umai,"8 Rd No. 50, Dhaka 1212, Bangladesh",+880 1971-900691,http://www.facebook.com/umai.bd/,4.3,681,"{'name': 'Tasfia Mahbub', 'thumbnail': 'https://lh3.googleusercontent.com/a/ACg8ocLvr66JqsMWdiCZtSQ_-dowl6hRUD0vpsIyJeHjeXCLzxynHmOk=s120-c-rp-mo-ba5-br100', 'link': 'https://www.google.com/maps/contrib/109493144355586080758?hl=en-US', 'reviews': 86, 'photos': 1143}",5,2 years ago,"We ordered
- hot and spice sushi roll
- Japanese style sirloin steak
- coconut kingyoku
- mint lemon

The food was very delicious and filling. Amazed by the service and prep time. Our bill was near 7k for two people but it was definitely worth it. Will come back for more!",
Umai,"8 Rd No. 50, Dhaka 1212, Bangladesh",+880 1971-900691,http://www.facebook.com/umai.bd/,4.3,681,"{'name': 'R Haroon', 'thumbnail': 'https://lh3.googleusercontent.com/a-/ALV-UjUeJRucuBKX946fVGFYylfnrT5kdTNJSCFljJMDGc762AmkxI7x=s120-c-rp-mo-ba3-br100', 'link': 'https://www.google.com/maps/contrib/115199857992225724699?hl=en-US', 'reviews': 24, 'photos': 18}",5,2 months ago,Amazing food and brilliant service,
Umai,"8 Rd No. 50, Dhaka 1212, Bangladesh",+880 1971-900691,http://www.facebook.com/umai.bd/,4.3,681,"{'name': 'shaft192', 'thumbnail': 'https://lh3.googleusercontent.com/a-/ALV-UjWOBeyE0zxN_yT1RjhGjB65CRqHvuzoYK3g6WNKdBb3MOlIJgns=s120-c-rp-mo-ba3-br100', 'link': 'https://www.google.com/maps/contrib/101948423275794386135?hl=en-US', 'reviews': 19, 'photos': 52}",4,2 years ago,"Very nice and soothing atmosphere and the food was fresh and prepared with a lot of care. Really liked the fried squid and octopus and the assorted sushi and sashimi platter. I also had the Chicken Katsu Curry Don, which I personally felt was a little bit too sweet for my taste. But overall was a good experience and the waiter was helpful with choices and recommendations.  Price wise, of course Japanese cuisine in Dhaka is never cheap but overall it was a good experience.",
Binni Restaurant,"Binni Restaurant House, Concord Sark Building, 56/A Rd 132, Dhaka 1212, Bangladesh",+880 1823-351225,https://eats.quicklyservices.com/BinniRestaurant,4,1302,"{'name': 'Ahtesham Hyder Nehal', 'thumbnail': 'https://lh3.googleusercontent.com/a-/ALV-UjVEtSaNy8NKdYK0ub0ATz34AsUXpcaoQ9x_604-0LfLcXO6XDZD=s120-c-rp-mo-ba7-br100', 'link': 'https://www.google.com/maps/contrib/117673934052456592501?hl=en-US', 'reviews': 682, 'photos': 5084}",4,4 months ago,A good quality restaurant in Gulshan just beside my office. Their collection is good but a bit overpriced. Also their service is quite slow. However their letka khichuri is very tasty.,
Binni Restaurant,"Binni Restaurant House, Concord Sark Building, 56/A Rd 132, Dhaka 1212, Bangladesh",+880 1823-351225,https://eats.quicklyservices.com/BinniRestaurant,4,1302,"{'name': 'Zakaria Khondokar', 'thumbnail': 'https://lh3.googleusercontent.com/a-/ALV-UjWNsqosf1qdKmJJEGeE0EbRAqdCoO75nDhgfCIkjSmOEfgWA7uadg=s120-c-rp-mo-ba5-br100', 'link': 'https://www.google.com/maps/contrib/117756496736599465414?hl=en-US', 'reviews': 96, 'photos': 423}",5,3 months ago,A good restaurant for everyone. Food are delicious specially Briani. Wishing them success.,
Binni Restaurant,"Binni Restaurant House, Concord Sark Building, 56/A Rd 132, Dhaka 1212, Bangladesh",+880 1823-351225,https://eats.quicklyservices.com/BinniRestaurant,4,1302,"{'name': 'Israt Jahan Borna', 'thumbnail': 'https://lh3.googleusercontent.com/a-/ALV-UjVp5zvzvmAbj4DvOZ61XE3wZy1R_RFQN7Y8uhkDoYV59h4TG5Dh=s120-c-rp-mo-br100', 'link': 'https://www.google.com/maps/contrib/104555168333751693326?hl=en-US', 'reviews': 1, 'photos': 4}",5,11 months ago,"Last night, I had a great meal at Binni Restaurant with my beautiful friends, we tried their fried rice,crispy chicken soup, anthon,chasenut salad and prawn sizzling were all delicious. The food had a comforting, homemade taste. I especially loved the prawn sizzling and the soup. The ambience was great!!! Highly recommend!",
Binni Restaurant,"Binni Restaurant House, Concord Sark Building, 56/A Rd 132, Dhaka 1212, Bangladesh",+880 1823-351225,https://eats.quicklyservices.com/BinniRestaurant,4,1302,"{'name': 'Ahsan', 'thumbnail': 'https://lh3.googleusercontent.com/a-/ALV-UjV0p61bjMm0xSV9S9V9-WyehR37nJ4nga5XeKvwlF5ZYWxmxe6z1g=s120-c-rp-mo-ba6-br100', 'link': 'https://www.google.com/maps/contrib/113220308416670943393?hl=en-US', 'reviews': 363, 'photos': 3964}",1,a year ago,"Khichuri is great here, but price is exorbitantly high! Moreover, the staff here are not that hospitable and cordial. You can only pay via cash and they don't even have options for cards. However, they provided me an option to send money to a personal account, which i declined and had to pay via cash that I did not want to do. Having no cards payment option in a restaurant in the busy gulshan area is surprisingly questionable!",
Binni Restaurant,"Binni Restaurant House, Concord Sark Building, 56/A Rd 132, Dhaka 1212, Bangladesh",+880 1823-351225,https://eats.quicklyservices.com/BinniRestaurant,4,1302,"{'name': 'Merajun Naher (Duli)', 'thumbnail': 'https://lh3.googleusercontent.com/a-/ALV-UjVSpgHYHnm2uaiy1jzIycn134tCs2qnhQyoaqsauTqISp1eXQYBwQ=s120-c-rp-mo-ba6-br100', 'link': 'https://www.google.com/maps/contrib/112321342933335504674?hl=en-US', 'reviews': 197, 'photos': 4117}",5,11 months ago,"I love their Letka Khichuri; it's the best! Their restaurant is open until midnight. However, I'm not a fan of the begun vaja (fried eggplant). But their service was, as always, awesome ❤️. A must-visit restaurant!",
Binni Restaurant,"Binni Restaurant House, Concord Sark Building, 56/A Rd 132, Dhaka 1212, Bangladesh",+880 1823-351225,https://eats.quicklyservices.com/BinniRestaurant,4,1302,"{'name': 'Hell Bent', 'thumbnail': 'https://lh3.googleusercontent.com/a-/ALV-UjWb3wY-wDND0vvZwtkFza_0-_2vieXzui1IpgGjLO1KO1yy49x8=s120-c-rp-mo-ba6-br100', 'link': 'https://www.google.com/maps/contrib/104569000478899118202?hl=en-US', 'reviews': 461, 'photos': 2490}",3,a year ago,This Is A Quite #Spacious Restaurant In A Very Good Location.......... Food #Taste Is Good In Here And Portion They Serve Is Also Sufficient........... The Place Is Just A Bit #Pricey........... The Sitting Arrangement And The Atmosphere Here Is #Plain And Normal............ They Have A Big #Washroom  Though.......... The #Service Here Is Not Up To The Mark As Many Of The Food Items Were Unavailable And The Staff Were Not That Professional............ 👍🏼,
Binni Restaurant,"Binni Restaurant House, Concord Sark Building, 56/A Rd 132, Dhaka 1212, Bangladesh",+880 1823-351225,https://eats.quicklyservices.com/BinniRestaurant,4,1302,"{'name': 'ferdous jannat', 'thumbnail': 'https://lh3.googleusercontent.com/a-/ALV-UjVRSFGu3DBq5g4TH_8A-sWNL0yT1QajNl6qpeT3zFLLP6G3J7rd=s120-c-rp-mo-br100', 'link': 'https://www.google.com/maps/contrib/105035156904538343077?hl=en-US', 'reviews': 1, 'photos': 2}",5,11 months ago,"Binni Restaurant is sooo comfortable place to me. last night i went there with my beautiful friends, we tried their fried rice,crispy chicken, thai soup, anthon, cashew nut salad, tea and prawn sizzling. all of the items were really delicious. I would highly recommend everyone to taste their thai soup and anthon.",
Binni Restaurant,"Binni Restaurant House, Concord Sark Building, 56/A Rd 132, Dhaka 1212, Bangladesh",+880 1823-351225,https://eats.quicklyservices.com/BinniRestaurant,4,1302,"{'name': 'Aaron Firoz', 'thumbnail': 'https://lh3.googleusercontent.com/a/ACg8ocKuqNMIBZfdgcQmOTw_UHumYs74goWI2ayhZW4X9SP632FenQ=s120-c-rp-mo-br100', 'link': 'https://www.google.com/maps/contrib/105407220597908058567?hl=en-US', 'reviews': 10, 'photos': 2}",5,9 months ago,Very nice well decorated place. You can order your prrsonlaized preferences. I do not eat spicy items and request not to make it spicy! They did what it was requested for! We took Hilsha and Rupchada. Both are well prepared. Excellent food. Ssrvice from Mr Tanvir was excellent! Surely we come back again,
Bamboo shoot Gulshan,"1st Floor, RM Center, 101 Gulshan Ave, Dhaka 1212, Bangladesh",+880 1781-923965,N/A,4.2,1194,"{'name': 'Chowdhury Zaman', 'thumbnail': 'https://lh3.googleusercontent.com/a-/ALV-UjUIA7hED4jBKo3jO7qFp4MXeNWOy_hFOMYHoR_I3YH2Fo1lf7tLvA=s120-c-rp-mo-ba6-br100', 'link': 'https://www.google.com/maps/contrib/100928670115295062578?hl=en-US', 'reviews': 211, 'photos': 1592}",5,a year ago,"A very good place for excellent Chinese cuisine. It is centrally located in New Dhaka with a fairly adequate underground parking. The interior decor and ambience is worth a notable mention. One good thing about this place are the private rooms in which one can host gatherings of anywhere from 12-20 guests in privacy. The food is sumptuous and delectable, and the choices are good. The servers are very cordial and helpful.
Highly recommended.",
Bamboo shoot Gulshan,"1st Floor, RM Center, 101 Gulshan Ave, Dhaka 1212, Bangladesh",+880 1781-923965,N/A,4.2,1194,"{'name': 'Foige Mohammed Jahir', 'thumbnail': 'https://lh3.googleusercontent.com/a-/ALV-UjWQam9rRLUvKPjV6fP32Q7vxBP5M4gPqNbxKL_7UnRGWjIm3cRlLg=s120-c-rp-mo-ba4-br100', 'link': 'https://www.google.com/maps/contrib/116836442291411058448?hl=en-US', 'reviews': 73, 'photos': 130}",4,2 years ago,"Food quality is good, but little costly. Restaurent ambience is cool. Not a crowdy place, if you want peaceful and calm place you can go there.",
Bamboo shoot Gulshan,"1st Floor, RM Center, 101 Gulshan Ave, Dhaka 1212, Bangladesh",+880 1781-923965,N/A,4.2,1194,"{'name': 'Imran Habib', 'thumbnail': 'https://lh3.googleusercontent.com/a/ACg8ocL8QrjnPFp0o0GCSk38R5c04RsYyDEQSlWhK5W1uzgkgj5DXA=s120-c-rp-mo-ba5-br100', 'link': 'https://www.google.com/maps/contrib/116355007582124932837?hl=en-US', 'reviews': 198, 'photos': 1003}",5,4 years ago,"Visited today. May be the best authentic Chinese food in Dhaka city till date

location: roadside
wheelchair: accessible
baby seat : yes
reservation availability : yes
place for chill : yes
Food: Chinese dish
Taste: Very Good
price: Little higher
cleanliness :  good
smoking zone : yes

recommending all the chinese food lover",
Bamboo shoot Gulshan,"1st Floor, RM Center, 101 Gulshan Ave, Dhaka 1212, Bangladesh",+880 1781-923965,N/A,4.2,1194,"{'name': 'fariha tanisha', 'thumbnail': 'https://lh3.googleusercontent.com/a-/ALV-UjUkNaPiXPHXixgnf7raM2nX5tJIaiM0BKGAEl4HyJnqZ4C3VQu3=s120-c-rp-mo-ba4-br100', 'link': 'https://www.google.com/maps/contrib/114488515900745830252?hl=en-US', 'reviews': 37, 'photos': 291}",4,6 years ago,"A fine dining place with family or friends and they serve authentic Chinese Dishes....If you have any foreign friend who cane to Bangladesh or soon will come to visit BD you can take him or her to here because the taste of the food is totally non-spicy so they might like it 🙂
Honestly I am not a fan of Chinese food but I don't mind authentic dishes 😅
About Bamboo Shoot I'll say it's not for us banglis who doesn't like authentic food but our own species on any dishes so go there only if you are comfortable with authentic Chinese food..Food were ok but expensive....adding up prices down below so that you can have idea about their price-
1. Assorted Sea Food Soup-600++
2. Cold Beef With Onion & Chili-540++
3. Deep Fried Cuttle Fish-880++",
Bamboo shoot Gulshan,"1st Floor, RM Center, 101 Gulshan Ave, Dhaka 1212, Bangladesh",+880 1781-923965,N/A,4.2,1194,"{'name': 'Shahidul Islam', 'thumbnail': 'https://lh3.googleusercontent.com/a-/ALV-UjUivmS57putMRZ10JcXSW-ESSg4X5dw0C5D4zUBjWHNt5bVmNY3Ig=s120-c-rp-mo-ba6-br100', 'link': 'https://www.google.com/maps/contrib/102677511806694985517?hl=en-US', 'reviews': 117, 'photos': 1312}",4,2 months ago,"We have tested chicken curry with hand made noodles,  fried muttons,  steam vegetables, fried duck, clear soup, mixed fruits etc. The foods was so testy.",
Bamboo shoot Gulshan,"1st Floor, RM Center, 101 Gulshan Ave, Dhaka 1212, Bangladesh",+880 1781-923965,N/A,4.2,1194,"{'name': 'Mohammad Reaj Remon', 'thumbnail': 'https://lh3.googleusercontent.com/a-/ALV-UjXERScS85MRZinriOLYNmLay9AuV1K6xRkwZGIjUuCU-1CXRm_MkQ=s120-c-rp-mo-ba7-br100', 'link': 'https://www.google.com/maps/contrib/100154527776741611273?hl=en-US', 'reviews': 974, 'photos': 6480}",4,8 years ago,The food of this place is just mouthwatering. I have tasted their chinese cuisine and I felt I ate some delicious chinese food after a long time.,
Bamboo shoot Gulshan,"1st Floor, RM Center, 101 Gulshan Ave, Dhaka 1212, Bangladesh",+880 1781-923965,N/A,4.2,1194,"{'name': 'Kazi Faisal Ahmed', 'thumbnail': 'https://lh3.googleusercontent.com/a-/ALV-UjW7GgkrxIRZ5-hf8J2bvwTD1CJoRH1uvP9Xc2lLMuU8DKaA9iLd=s120-c-rp-mo-ba5-br100', 'link': 'https://www.google.com/maps/contrib/113433673896175640115?hl=en-US', 'reviews': 148, 'photos': 1383}",5,Edited 9 years ago,I just loved their food. its a bit authentic place with authentic Thai food and if you love spicy food then this is the place for you.,
Bamboo shoot Gulshan,"1st Floor, RM Center, 101 Gulshan Ave, Dhaka 1212, Bangladesh",+880 1781-923965,N/A,4.2,1194,"{'name': 'Sourav Sourav', 'thumbnail': 'https://lh3.googleusercontent.com/a-/ALV-UjW9sTQTW8jdi4wTrphPDTP76F0j2eQwa53e_RKvO1rI3ahjVVQQxw=s120-c-rp-mo-ba4-br100', 'link': 'https://www.google.com/maps/contrib/114118506022778626932?hl=en-US', 'reviews': 54, 'photos': 46}",4,6 months ago,"Old Chinese restaurant. Food is so so. And service level is not that bad, but it’s so so. Interior needs to renovate. When anyone entered this restaurant no one believed that this is in Gulshan area as it’s not matched with Gulshan area.",
Turkish Kabab Pizza,"H-21, Plot 21, Road 7, Jashimuddin bus stand, Dhaka 1230 Popular Diagnostics building, H-21 Road-7, Dhaka 1230, Bangladesh",+880 1765-551451,N/A,4.3,1926,"{'name': 'K M Hasan Tareq', 'thumbnail': 'https://lh3.googleusercontent.com/a-/ALV-UjWiIga3939QVYlegQycmmDO7o2dEXPjySxWHDYxJ4yFN9UJwv4Z=s120-c-rp-mo-ba5-br100', 'link': 'https://www.google.com/maps/contrib/100942744864359915674?hl=en-US', 'reviews': 244, 'photos': 1379}",5,Edited 3 months ago,Turkish Kebab Pizza is an authentic turkish restaurant providing variety of turkish cuisine.Loved their food taste and service attitude.Recommended to visit with your friends and family.,
Turkish Kabab Pizza,"H-21, Plot 21, Road 7, Jashimuddin bus stand, Dhaka 1230 Popular Diagnostics building, H-21 Road-7, Dhaka 1230, Bangladesh",+880 1765-551451,N/A,4.3,1926,"{'name': 'Nurani Zannat', 'thumbnail': 'https://lh3.googleusercontent.com/a-/ALV-UjWwYZK_t6MoYesdUr7StzqJZbQIYsszvwk9tZJ0lUN_8gLXxh0eFA=s120-c-rp-mo-ba5-br100', 'link': 'https://www.google.com/maps/contrib/102880917988717230160?hl=en-US', 'reviews': 130, 'photos': 749}",5,6 months ago,"Their lentil soup was the mouthwatering dish among whole others.
The rest of food i mean kebab was a little bit salty which is not my cup of tea.
The environment and stuff was really good.
For family hangout meetings this is a good choice.",
Turkish Kabab Pizza,"H-21, Plot 21, Road 7, Jashimuddin bus stand, Dhaka 1230 Popular Diagnostics building, H-21 Road-7, Dhaka 1230, Bangladesh",+880 1765-551451,N/A,4.3,1926,"{'name': 'Adnan Jami', 'thumbnail': 'https://lh3.googleusercontent.com/a-/ALV-UjWq_qnbYXfls2HQLA2kDOOq3ZmUO29FRYMuC7yN5TFL6IAIw5s=s120-c-rp-mo-ba3-br100', 'link': 'https://www.google.com/maps/contrib/111417422957081607604?hl=en-US', 'reviews': 16, 'photos': 55}",5,2 months ago,It's an authentic Turkish restaurant. Taste are good service are good .,
Turkish Kabab Pizza,"H-21, Plot 21, Road 7, Jashimuddin bus stand, Dhaka 1230 Popular Diagnostics building, H-21 Road-7, Dhaka 1230, Bangladesh",+880 1765-551451,N/A,4.3,1926,"{'name': 'Tanvir Ahassan', 'thumbnail': 'https://lh3.googleusercontent.com/a-/ALV-UjVuyDMI01qfLKLHaLBZublL1dQZYYUPJO2BBaWndKm-vRMxAUNdUg=s120-c-rp-mo-ba4-br100', 'link': 'https://www.google.com/maps/contrib/109097033585936686281?hl=en-US', 'reviews': 61, 'photos': 223}",5,a year ago,"A feast at Turkish Kebab and Pizza! The mixed kebab platter showcased a tantalizing array of flavors, while the baklava was a sweet symphony for the taste buds. The refreshing lassi complemented the meal, and the wrap was a delightful blend of textures. An unforgettable culinary experience that left us craving more!

The experience was elevated by the incredibly helpful staff at Turkish Kebab and Pizza. Their attentiveness and friendly demeanor added to the overall enjoyment. Plus, the quick service ensured that we could savor every moment without unnecessary delays. Kudos to a team that truly understands the essence of excellent hospitality!",
Turkish Kabab Pizza,"H-21, Plot 21, Road 7, Jashimuddin bus stand, Dhaka 1230 Popular Diagnostics building, H-21 Road-7, Dhaka 1230, Bangladesh",+880 1765-551451,N/A,4.3,1926,"{'name': 'Rafiqul Haidar Rony', 'thumbnail': 'https://lh3.googleusercontent.com/a-/ALV-UjV6Q9pp7IJht-kV_P9jBIBBh4Arv1iNaMaHXNJB3lBFuI-HvJT8=s120-c-rp-mo-ba6-br100', 'link': 'https://www.google.com/maps/contrib/106234657391590256080?hl=en-US', 'reviews': 251, 'photos': 2476}",5,4 months ago,Their foods are so delicious and tasty . Which is situated Uttara and popular for all.,
Turkish Kabab Pizza,"H-21, Plot 21, Road 7, Jashimuddin bus stand, Dhaka 1230 Popular Diagnostics building, H-21 Road-7, Dhaka 1230, Bangladesh",+880 1765-551451,N/A,4.3,1926,"{'name': 'Zahirul Islam', 'thumbnail': 'https://lh3.googleusercontent.com/a-/ALV-UjXQ1PObZS5c4ii-qa6b90lR98aNf6Yw0cKL37zQluVkXQ3iBnOL=s120-c-rp-mo-ba4-br100', 'link': 'https://www.google.com/maps/contrib/101995188907747113753?hl=en-US', 'reviews': 30, 'photos': 108}",5,3 months ago,Kebabs are very delicious here! Real Turkish cuisine. Loved it!,
Turkish Kabab Pizza,"H-21, Plot 21, Road 7, Jashimuddin bus stand, Dhaka 1230 Popular Diagnostics building, H-21 Road-7, Dhaka 1230, Bangladesh",+880 1765-551451,N/A,4.3,1926,"{'name': 'Mohammad Ali', 'thumbnail': 'https://lh3.googleusercontent.com/a/ACg8ocKVnYhc-2Te4w3Vb_YZasWvesukbyRXRqPEKjlaMtFB8zMmow=s120-c-rp-mo-ba5-br100', 'link': 'https://www.google.com/maps/contrib/107636649985823996227?hl=en-US', 'reviews': 84, 'photos': 639}",5,3 years ago,"Every time I come here, I try to taste different dishes from their menu. And this time also, I was really amazed about their food quality. I still find same quality and standard, I tasted about 8 years ago. They are bit expensive  but didn't compromise of  turkish kabab restaurant. You should try authentic Turkish food and I guarantee that you enjoy their foods. I am attaching some dishes that I tried this time.",
Turkish Kabab Pizza,"H-21, Plot 21, Road 7, Jashimuddin bus stand, Dhaka 1230 Popular Diagnostics building, H-21 Road-7, Dhaka 1230, Bangladesh",+880 1765-551451,N/A,4.3,1926,"{'name': '이동준', 'thumbnail': 'https://lh3.googleusercontent.com/a/ACg8ocKw-AAjRSLM3ors_E4nkBg4rIdcNZuVTcsx0IeRCnXBAPWiDg=s120-c-rp-mo-br100', 'link': 'https://www.google.com/maps/contrib/112902278268111242899?hl=en-US', 'reviews': 10, 'photos': 0}",5,5 months ago,Definitely one of my favorite restaurants in Dhaka. Visited nearly 100 times. Foods are hygienic and super delicious. Don't miss their appetizer ovened sesame bread with butter and honey(forgot the name of the dish).,
Purnima Restaurant,"Shop - 1, National School Market, Mirpur- 2, Dhaka Dhaka, 1216, Bangladesh",+880 1917-269580,https://www.facebook.com/PurnimaRestora,3.8,4660,"{'name': 'shinju 10', 'thumbnail': 'https://lh3.googleusercontent.com/a-/ALV-UjUZs6KJxpU2vKc6Z1Qw_dIjQ6gFHgxY00gIM7pBKOcfhrIfM9Y=s120-c-rp-mo-ba5-br100', 'link': 'https://www.google.com/maps/contrib/106979581775835281664?hl=en-US', 'reviews': 59, 'photos': 176}",4,3 months ago,"Purnima Restaurant in Mirpur 2 is a well-known dining spot that has been serving locals and visitors for years. The restaurant is located in a convenient and easily accessible area, making it a popular choice for family dinners, casual gatherings, and even small celebrations.
One of the standout features of Purnima Restaurant is its diverse menu, which offers a wide range of Bangladeshi, Indian, and Chinese dishes. From flavorful biryanis and curries to sizzling kebabs and fried rice, the variety caters to different tastes. The quality of the food is generally consistent, with fresh ingredients and balanced seasoning. Their beef curry and chicken tikka are particularly recommended, while vegetarians can enjoy options like mixed vegetable curry and paneer dishes.
The ambiance is simple yet comfortable, with enough seating to accommodate both small and large groups. Although the décor is not overly fancy, it creates a warm and welcoming atmosphere. The staff members are usually friendly and attentive, ensuring that orders are served in a timely manner.
Pricing at Purnima Restaurant is reasonable, offering good value for the quantity and quality of food served. Portion sizes are generous, making it a great choice for those who enjoy hearty meals. However, during peak hours, the place can get quite busy, so a short wait is sometimes expected.
Purnima Restaurant is a reliable option in Mirpur 2 for tasty, affordable meals in a friendly environment. It’s a spot worth revisiting for both regular dining and special occasions.",
Purnima Restaurant,"Shop - 1, National School Market, Mirpur- 2, Dhaka Dhaka, 1216, Bangladesh",+880 1917-269580,https://www.facebook.com/PurnimaRestora,3.8,4660,"{'name': 'Syed AL Rahat', 'thumbnail': 'https://lh3.googleusercontent.com/a-/ALV-UjUDoo70Pes3uSKjsWwTprLFrLKaTKY4t72r847gJoPHDFS5cC4wmQ=s120-c-rp-mo-ba6-br100', 'link': 'https://www.google.com/maps/contrib/108454725066160667111?hl=en-US', 'reviews': 423, 'photos': 3796}",3,a year ago,"The restaurant is two storied. They have well seating arrangement on the second floor. There is a big arrangement & the section is air conditioned.
Food quality is below average. We ordered Hyderabadi Biryani but the mutton was not well cooked.
The service of the waiters were slow. They need more people to cover the whole section at the pickup hour.",
Purnima Restaurant,"Shop - 1, National School Market, Mirpur- 2, Dhaka Dhaka, 1216, Bangladesh",+880 1917-269580,https://www.facebook.com/PurnimaRestora,3.8,4660,"{'name': 'Habib', 'thumbnail': 'https://lh3.googleusercontent.com/a-/ALV-UjWO6mac6VQCP1rd-zw_suetixHdKNP8FXP_MfEJNWnSEzILjHzy=s120-c-rp-mo-ba6-br100', 'link': 'https://www.google.com/maps/contrib/110046420719661924607?hl=en-US', 'reviews': 55, 'photos': 1121}",4,3 years ago,"In one sentence the foods of this restaurant is Awesome. They have verity of food items, they offered Bangla and Chinise both food items. The evening food item of this restaurant is must try dishes. I have eaten most of the dishes of this restaurant and  I am fully satisfied by their food. They have served breakfast, lunch, dinner, morning snakes, evening snakes and so on. You guys can visit here to taste all the amazing dishes here. ❤️😍😎",
Purnima Restaurant,"Shop - 1, National School Market, Mirpur- 2, Dhaka Dhaka, 1216, Bangladesh",+880 1917-269580,https://www.facebook.com/PurnimaRestora,3.8,4660,"{'name': 'Zara Khan', 'thumbnail': 'https://lh3.googleusercontent.com/a-/ALV-UjV5_CaPU8ShXimh1pcoMtEvFjO95ZRjk25O3pOng-gq7jaGnZ0icw=s120-c-rp-mo-ba4-br100', 'link': 'https://www.google.com/maps/contrib/100964397741530497348?hl=en-US', 'reviews': 51, 'photos': 169}",4,a year ago,"Purnima Restaurant impressed my taste buds with delicious Sheekh Kebab, Grill Chicken, Butter Nan, Plain Nan and Vegetable, earning a solid 4.5 stars. The only letdown was the service, a bit disappointing. Despite that, the flavors are definitely worth a visit!",
Purnima Restaurant,"Shop - 1, National School Market, Mirpur- 2, Dhaka Dhaka, 1216, Bangladesh",+880 1917-269580,https://www.facebook.com/PurnimaRestora,3.8,4660,"{'name': 'Mehedi Hasan', 'thumbnail': 'https://lh3.googleusercontent.com/a-/ALV-UjU_uDSDIVT1jelpuqJ7vvGexb5yhyJXXghZUJ20-stvcdGsX5vH=s120-c-rp-mo-ba5-br100', 'link': 'https://www.google.com/maps/contrib/102625891942836277822?hl=en-US', 'reviews': 44, 'photos': 315}",1,Edited 2 years ago,"Negative experience. I had breakfast few days back. Poor standard of cleanliness & irrelevant prices I found.
The vegetables they served is attached here & it cost 25 tk 🙄. Although the taste was not up to the mark.",
Purnima Restaurant,"Shop - 1, National School Market, Mirpur- 2, Dhaka Dhaka, 1216, Bangladesh",+880 1917-269580,https://www.facebook.com/PurnimaRestora,3.8,4660,"{'name': 'Ayaz Mahmud', 'thumbnail': 'https://lh3.googleusercontent.com/a-/ALV-UjU1MJ_A7EczPKgcLqunk1VC41aM02iYtBp8ZqTvEXMGi5-54WMgRA=s120-c-rp-mo-ba6-br100', 'link': 'https://www.google.com/maps/contrib/118066143063235394143?hl=en-US', 'reviews': 222, 'photos': 1313}",3,Edited 3 years ago,"This restaurant is very well known and has been serving over decades. The quality of food was good with low price. But something I have noticed recently they have increased the price of every item and the quality and quantity of food has downgraded so much I no longer can reccomend this restaurant anymore. One example I can give is their thai soup. It was my favorite item in their menu and used to cost 100BDT and with a lot of shirmps, but now you have to get it for 140BDT and the food got worse, you can hardly find any shirmp or chicken pieces. I also tried their lacchi and it was borderline bad. It was not good at all. To the stuffs of Purnima restaurant please make your restaurant return to its former glory.",
Purnima Restaurant,"Shop - 1, National School Market, Mirpur- 2, Dhaka Dhaka, 1216, Bangladesh",+880 1917-269580,https://www.facebook.com/PurnimaRestora,3.8,4660,"{'name': 'Arnab (অর্ণব)', 'thumbnail': 'https://lh3.googleusercontent.com/a-/ALV-UjWvVkafvl3Zi1U2IluOpXblghM1u4g8OECdiMEqCziYA4f01dKn=s120-c-rp-mo-ba5-br100', 'link': 'https://www.google.com/maps/contrib/107866825868118485195?hl=en-US', 'reviews': 103, 'photos': 653}",2,a year ago,"Food is below average, 2/5. The place is not clean and not a good dine in experience.",
Purnima Restaurant,"Shop - 1, National School Market, Mirpur- 2, Dhaka Dhaka, 1216, Bangladesh",+880 1917-269580,https://www.facebook.com/PurnimaRestora,3.8,4660,"{'name': 'Tamal Anwar Chowdhury', 'thumbnail': 'https://lh3.googleusercontent.com/a-/ALV-UjVbR4K7UXar1vtIZ6I60bxV4TJalL-osjZGymemp0rcSOBKkZMrRw=s120-c-rp-mo-ba4-br100', 'link': 'https://www.google.com/maps/contrib/114698310330880510645?hl=en-US', 'reviews': 47, 'photos': 108}",5,a year ago,It was a pleasant dining experience. The beef curry was very tasty. The food is good and the prices are low. The rice is also in good quantity. I would go there again to eat.,
Chows,"Plot 6 Rd No. 19/A, Dhaka 1212, Bangladesh",+880 1730-644444,http://www.chowsbd.com/,4.2,1180,"{'name': 'Mahir', 'thumbnail': 'https://lh3.googleusercontent.com/a-/ALV-UjXvt7ak-8y61NMr9Jjyg-_e5dkPqoXjkRTQC1hV0QERG9NgRBM=s120-c-rp-mo-ba4-br100', 'link': 'https://www.google.com/maps/contrib/101195388244449504199?hl=en-US', 'reviews': 33, 'photos': 205}",4,5 months ago,"•SHORT SUMMARY: Authentic Asian cuisine, elegant interior and ambiance, slightly overpriced, top-notch service.
•Chows offers a truly authentic Chinese dining experience with an extensive menu. The interior is gorgeously designed, featuring elegant furnishings and warm lighting that create a polished and inviting atmosphere.
As for the food, their BBQ Chicken Bao which was delicious - especially when paired with soy sauce. I also tried their Hong Kong-style noodles and pan-fried noodles; both were mid. However, the highlights of my dinner were definitely the crispy beef and sliced squid - absolutely flavorful and well-prepared. Lastly, their rice was average, expected a little bit taste.
For drinks, I had the virgin mojito, which wasn’t particularly special for the price. On the other hand, their coffee options were good. I tried the latte, and it was quite enjoyable.",
Chows,"Plot 6 Rd No. 19/A, Dhaka 1212, Bangladesh",+880 1730-644444,http://www.chowsbd.com/,4.2,1180,"{'name': 'Fazal Mahmud Roni', 'thumbnail': 'https://lh3.googleusercontent.com/a-/ALV-UjV-aqZLa_21yf9Xmz7iexTlrm5nOQZomKI-LnsOrOVKvn4D0SG5=s120-c-rp-mo-ba5-br100', 'link': 'https://www.google.com/maps/contrib/107291122792052551816?hl=en-US', 'reviews': 237, 'photos': 1089}",4,a month ago,"We had a family dinner here on 2nd week of Sep. The main floor is ground floor but due to  booking we had to sit 1st floor where they have private rooms for large group.

Interior is posh. Staff were attentive. Price range is high but ok considering place and atmosphere.

Food was Ok. We had Hot & Sour Soup (BDT 390 for 1:1); honestly i didn’t like it much. Crab & Sweet corn dumpling (BDT 690, 4 pc)  was good but we liked Prawn on Toast most (BDT 590) as appetizer. For main course we had Steamed whole fish with chili lime sauce (BDT 2300, its a must try), slice beef steak with black bean & XO sauce (BDT 1390, 👎🏼), Chows orange chicken (BDT 950, 👍), Chicken with cashew nuts was so so (BDT 950) and Chows special fried rice (BDT 690, 👍). I personally tried Beijing Black from drinks, it was good but came after i finished my dinner. Total 6ppl and cost came around 15K with vat+service charge.

Parking is on the road but guards are there. So no worry. Advice to ensure reservation ahead.",
Chows,"Plot 6 Rd No. 19/A, Dhaka 1212, Bangladesh",+880 1730-644444,http://www.chowsbd.com/,4.2,1180,"{'name': 'Abu Sufian Mohammad Khaled', 'thumbnail': 'https://lh3.googleusercontent.com/a-/ALV-UjXvqHzRklRchG9CcEa8QGy1LdGdqbshgYpMiMiEdBmQYSnCtM_aZQ=s120-c-rp-mo-ba5-br100', 'link': 'https://www.google.com/maps/contrib/115099696380043929075?hl=en-US', 'reviews': 121, 'photos': 210}",4,4 months ago,"Chows offers one of the finest dining experiences in the town. Their Chinese cuisine has pretty authentic taste. Tried dimsum, noodles, a chicken dish. All were excellent. The ambience is suave. Pretty awesome pick for the special dine out with your loved one.",
Chows,"Plot 6 Rd No. 19/A, Dhaka 1212, Bangladesh",+880 1730-644444,http://www.chowsbd.com/,4.2,1180,"{'name': 'Riyaad Jamil', 'thumbnail': 'https://lh3.googleusercontent.com/a-/ALV-UjXKjL9YW9f8ovk1uLq0t9Ql2xPCMHZtCqugiPq4Yb5iEo4-79ts=s120-c-rp-mo-ba4-br100', 'link': 'https://www.google.com/maps/contrib/111921495370041764158?hl=en-US', 'reviews': 75, 'photos': 104}",5,3 months ago,"This restaurant isn't for everyone. Bcz of their high price. Aesthetic atmosphere and calm place. Food quality is good if can't say best. But some items r really awesome. I went their with my family and friends. We had a great day.
We ordered from Soup section:
Hot & Sour soup - average
Sweet corn soup - 7.9/10
Seafood soup - must try.
Prawn cheese ball - We all liked it.
Prawn Har-gao - ok ok
Chicken & Prawn suimai- 8/10
Stir-Fried vegetables- 7/10
Chows special mixed fried rice - 8.5/10
Chicken with (some) sauce- 7/10
And 1 prawn item - nice.
Orange juice - fresh

All items r way more price than other restaurant. So if anyone or any group want to go taste their food then u should take extra money. Price wise I felt its too expensive. Car parking is available.

So now my overall rating
7.8/10",
Chows,"Plot 6 Rd No. 19/A, Dhaka 1212, Bangladesh",+880 1730-644444,http://www.chowsbd.com/,4.2,1180,"{'name': 'Riffat Hyder', 'thumbnail': 'https://lh3.googleusercontent.com/a-/ALV-UjVU9oqCbsjIOgrNYooyzrzr8c96rXbZlbqejcmBUzLlBW8hdVpm7w=s120-c-rp-mo-ba4-br100', 'link': 'https://www.google.com/maps/contrib/110436281030863611441?hl=en-US', 'reviews': 176, 'photos': 209}",3,7 months ago,"I made reservations. When I reached they couldn't find my name. 2 of them looked, nothing. Then another person came and confirmed that I made the reservation. Why didn't he note it down? Inside where we sat, 1 of the air conditioners wasn't working and the other wasn't cooling properly. At the time of giving order, we told that dim sum should be given as a starter. After a while, the waiter came and asked whether everything should be brought together. They also didn't have a small bottle of water. The food was good. However, service must be improved. One final point is that this place promotes itself as a place of fine dining. Yet, there was no napkin! When asked, they brought tissues. Wow! Simply wow!",
Chows,"Plot 6 Rd No. 19/A, Dhaka 1212, Bangladesh",+880 1730-644444,http://www.chowsbd.com/,4.2,1180,"{'name': 'M Miraz Hossain (এম মিরাজ হোসেন)', 'thumbnail': 'https://lh3.googleusercontent.com/a-/ALV-UjUjTM0gSaXAUwNBhOXYhdJ2RHi5ryhy7XXpuHK8f279gMkXcAXS=s120-c-rp-mo-ba7-br100', 'link': 'https://www.google.com/maps/contrib/116128299272827359509?hl=en-US', 'reviews': 243, 'photos': 10075}",5,a year ago,"Excellent food and service. Location and environment also good. Quality food but rates are little higher side.
Must try their various dumplings. Especially chicken & prawn dumplings, sea bass fish with lemon, Crab Special.",
Chows,"Plot 6 Rd No. 19/A, Dhaka 1212, Bangladesh",+880 1730-644444,http://www.chowsbd.com/,4.2,1180,"{'name': 'Dr. Nusrat Afsana', 'thumbnail': 'https://lh3.googleusercontent.com/a-/ALV-UjWe82w0aZdZpixQ6eia4PKiVNAynoydl7x4oA0TXGK4A4yMxA_-=s120-c-rp-mo-br100', 'link': 'https://www.google.com/maps/contrib/108166714432204430765?hl=en-US', 'reviews': 3, 'photos': 0}",1,2 weeks ago,"I just visited the restaurant while back with my sister.  Wanted to order their The Forbidden Feast menu work 3000 taka. When the waiter came to take order he told me that the menu cant be shared between 2 person and it cant be a take away package as well. I mean How ridiculous is that!!!?? When I dont have the problem to order it, then the waiter Just cant say me that it cant be shared or cant be taken away. And if it is their policy then they should write it under the menu Clearly.  Highly dissatisfied and Dont Recommend at All.",
Chows,"Plot 6 Rd No. 19/A, Dhaka 1212, Bangladesh",+880 1730-644444,http://www.chowsbd.com/,4.2,1180,"{'name': 'Hasanur Rahman', 'thumbnail': 'https://lh3.googleusercontent.com/a-/ALV-UjXrhRfuzqejxaNh4rve7fUQHBw3e74FZAQKiw784qwG6-2aZGXr=s120-c-rp-mo-ba3-br100', 'link': 'https://www.google.com/maps/contrib/118175213274202904556?hl=en-US', 'reviews': 20, 'photos': 22}",5,a year ago,"Foods definitely worth the price, it is an expensive place. I don’t remember but the menu doesn’t have prices included. Coke is 300++. I didn’t like their beef. The fish items were top notch. Special fried rice is good but you can’t eat a lot. Servers are polite and well learned. Parking is on the street.",
Pan Tao Thai Cuisine,"House No 42, Block- E, Road No 12, Banani, Dhaka 1212, Bangladesh",+880 1993-277478,N/A,4.2,1170,"{'name': 'Dark Man', 'thumbnail': 'https://lh3.googleusercontent.com/a-/ALV-UjUP7_DENxnQbLEoXlY1kjcIumnIgeOu_MPpFfpCOT-zjyOk0ImDfw=s120-c-rp-mo-ba6-br100', 'link': 'https://www.google.com/maps/contrib/114153523663331619383?hl=en-US', 'reviews': 299, 'photos': 2053}",4,a month ago,"Food was not exceptional but good. Chicken basil leaf was tasty. Ambience was good. Staff were cooperarive.

It was completely empty when I visited the restaurant. It helped to get the best service from them! They did not play any music or its their rule, I do not know.

They do not have parking lot. Need to park on the road before the resraurant.",
Pan Tao Thai Cuisine,"House No 42, Block- E, Road No 12, Banani, Dhaka 1212, Bangladesh",+880 1993-277478,N/A,4.2,1170,"{'name': 'Zubayer', 'thumbnail': 'https://lh3.googleusercontent.com/a-/ALV-UjWAaedixIaL54l8h9W_HQyl17H5k5fGATXm7NglNZnG3xBy5KO3lw=s120-c-rp-mo-ba6-br100', 'link': 'https://www.google.com/maps/contrib/115096538498055938664?hl=en-US', 'reviews': 404, 'photos': 3005}",3,3 months ago,Service is slow specially in weekend nights. Food is average but the soup is not good. Parking is available other than crowded weekend nights.Overall experience mixed. There are better choices at this price range.,
Pan Tao Thai Cuisine,"House No 42, Block- E, Road No 12, Banani, Dhaka 1212, Bangladesh",+880 1993-277478,N/A,4.2,1170,"{'name': 'Parvez Fattah', 'thumbnail': 'https://lh3.googleusercontent.com/a/ACg8ocLoCVflvLe9-7DWVs-60i8HuIlOJ4IVnIKutRMZC6FvWZgqPQ=s120-c-rp-mo-ba6-br100', 'link': 'https://www.google.com/maps/contrib/100602216259576784479?hl=en-US', 'reviews': 253, 'photos': 4883}",3,Edited a month ago,Food was okay but nothing to be excited about. The server seemed to push sale his items which we did not appreciate. In the afternoon the place was empty except our family so can’t mention about the atmosphere…which there was none. Plenty of seating arrangement.,
Pan Tao Thai Cuisine,"House No 42, Block- E, Road No 12, Banani, Dhaka 1212, Bangladesh",+880 1993-277478,N/A,4.2,1170,"{'name': 'N A I L A Z', 'thumbnail': 'https://lh3.googleusercontent.com/a-/ALV-UjUwtnFky3cXu8v9IsGFxnAs2faWubbWcqAX6u4Wn8KDP5O9qyjk=s120-c-rp-mo-ba5-br100', 'link': 'https://www.google.com/maps/contrib/118130838880528565052?hl=en-US', 'reviews': 98, 'photos': 817}",5,a year ago,"This Thai place is delicious! 😋 We had the green chilli curry, beef with basil, and prawn rolls with special pan tao rice. Each bite of each dish was flavourful and scrumptious.

The service provided here is old-fashioned good. They serve for you and wait on you, I honestly enjoyed it for a change.

Overall, the place is beautifully kept, nice decor, cosy vibes, and excellent food. The price is on the higher end.",
Pan Tao Thai Cuisine,"House No 42, Block- E, Road No 12, Banani, Dhaka 1212, Bangladesh",+880 1993-277478,N/A,4.2,1170,"{'name': 'Barrister Shajib Mahmood Alam', 'thumbnail': 'https://lh3.googleusercontent.com/a-/ALV-UjVCh9FJLaatIrfFX449si-ZVo6_yePwG8QaIc7TAMA3FiBrwCKE=s120-c-rp-mo-ba3-br100', 'link': 'https://www.google.com/maps/contrib/114564171220865983243?hl=en-US', 'reviews': 31, 'photos': 11}",1,5 months ago,"Asked for the thai clear soup. They gave me this (photo). When i called them the guy on the phone argued that this is tom yum clear soup. The photo on the menu card showed clear soup thats why i ordered. The guy wouldnt admit his mistake. Asked for the chilli vinegar sauce, he said he put that in the packaging. Another lie. Not going back again.",
Pan Tao Thai Cuisine,"House No 42, Block- E, Road No 12, Banani, Dhaka 1212, Bangladesh",+880 1993-277478,N/A,4.2,1170,"{'name': 'Nahiyan Al Azad', 'thumbnail': 'https://lh3.googleusercontent.com/a-/ALV-UjWJHaelJhHGuH7FvOw3CQAxZVu9THfSh0nILpwmmyY5Y1kUQUig=s120-c-rp-mo-ba5-br100', 'link': 'https://www.google.com/maps/contrib/114813228566262159777?hl=en-US', 'reviews': 161, 'photos': 259}",5,a year ago,Loved the Mango Sticky Rice and Steamed Fish. Staff are friendly and we'll mannered. Gives great service according to your needs. Food was spicy for a Thai food so make sure to mention your spicy level when ordering.,
Pan Tao Thai Cuisine,"House No 42, Block- E, Road No 12, Banani, Dhaka 1212, Bangladesh",+880 1993-277478,N/A,4.2,1170,"{'name': 'Fariha Masud', 'thumbnail': 'https://lh3.googleusercontent.com/a-/ALV-UjVwsaWhYgQydagvQYe8oMfEzVHt72zsDLZWPE1980fIZQz1DZZY=s120-c-rp-mo-br100', 'link': 'https://www.google.com/maps/contrib/103227474701388902859?hl=en-US', 'reviews': 4, 'photos': 14}",1,a year ago,"On June 21st, we visited there after hearing about its authentic Thai cuisine. Despite spending over 3,000 taka on food, I realized it wasn't truly authentic Thai, as I've experienced in Thailand. While the food was good, it didn't match the exact Thai flavors.

When we arrived around 6:00 PM, the restaurant was mostly empty. Later, some customers were seated in another section. We chose the quieter area after Eid to chat with friends peacefully, avoiding the busier, budget-friendly spots.

However, the restaurant staff disappointed us. Although one part of the restaurant was empty, they asked us to leave to accommodate a reservation, even though other tables were available.

I found their behavior upsetting. If the restaurant had been full and no tables were free, I would have understood, but that wasn't the case. They could have offered us another table instead of asking us to leave.
((((I didn't take photo of all food together)))",
Pan Tao Thai Cuisine,"House No 42, Block- E, Road No 12, Banani, Dhaka 1212, Bangladesh",+880 1993-277478,N/A,4.2,1170,"{'name': 'Sreyash Hossain', 'thumbnail': 'https://lh3.googleusercontent.com/a-/ALV-UjXrDZpQvxAmhgEHJzWucyRUV3nREQupI0ZNV0YdF6zexH8-_Bfnnw=s120-c-rp-mo-ba5-br100', 'link': 'https://www.google.com/maps/contrib/103408008003016196085?hl=en-US', 'reviews': 120, 'photos': 643}",5,a year ago,Pan Tao is a very nice Chinese restaurant to eat at. The food is really good and was given fresh. The service is really nice and they serve the food quickly. The atmosphere is nice and feels almost authentic. Overall it is a very good place to eat at.,
AZ RESTAURANT & LOUNGE.,"12 Road No 12, Dhaka 1212, Bangladesh",N/A,https://youtu.be/Cit0JxHOcQk,4.4,225,"{'name': 'Eity AE.', 'thumbnail': 'https://lh3.googleusercontent.com/a/ACg8ocJMTKyR1M4LyzWx3sxH7OGBHpREkpKrOFUZwBaaDC2zzKWFj08=s120-c-rp-mo-ba5-br100', 'link': 'https://www.google.com/maps/contrib/106417575143660600847?hl=en-US', 'reviews': 82, 'photos': 505}",5,2 years ago,"Good place for family gathering and small celebrations or group hangouts. I liked the evening environment there. If you want to enjoy your meal with evening city street views, this place is perfect either inside or rooftop.",
AZ RESTAURANT & LOUNGE.,"12 Road No 12, Dhaka 1212, Bangladesh",N/A,https://youtu.be/Cit0JxHOcQk,4.4,225,"{'name': 'Chironjeeb Das', 'thumbnail': 'https://lh3.googleusercontent.com/a-/ALV-UjXoJJgex9WX4IxN6tAV9G8FWTqyhsfr74bSsJS0hQ7PeN2_6M19=s120-c-rp-mo-ba5-br100', 'link': 'https://www.google.com/maps/contrib/118259557692370677805?hl=en-US', 'reviews': 63, 'photos': 662}",4,9 months ago,A restaurant with nice environment👌. But when I visited their rooftop swimming pool section was closed. And most of the menu item was unavailable👎,
AZ RESTAURANT & LOUNGE.,"12 Road No 12, Dhaka 1212, Bangladesh",N/A,https://youtu.be/Cit0JxHOcQk,4.4,225,"{'name': 'Zoltan BD', 'thumbnail': 'https://lh3.googleusercontent.com/a-/ALV-UjVB60M5or-fQuStrA_ySMQAWiTgbvYI_hcV2kNwmsPbqwpneHyw=s120-c-rp-mo-ba4-br100', 'link': 'https://www.google.com/maps/contrib/105894790011167632086?hl=en-US', 'reviews': 67, 'photos': 345}",5,2 years ago,"Badda is very underrated area for restaurants where as there are lots of fancy restaurants. I visited AZ restaurant & Lounge. Trust me this one is the best rooftop in Dhaka with swimming pool facilities. They also have semi rooftop and indoor arrangements where you can celebrate wedding and birthday party with free of venue charge. They are offering Indian cuisine, Chinese set menu and ground coffee and moctails. Very very good place for hangout.",
AZ RESTAURANT & LOUNGE.,"12 Road No 12, Dhaka 1212, Bangladesh",N/A,https://youtu.be/Cit0JxHOcQk,4.4,225,"{'name': 'Ruhan', 'thumbnail': 'https://lh3.googleusercontent.com/a-/ALV-UjUEA4X42F06d4HzGzArCBEA4km9Cv0Z99gc3hA87pF7fRIp1Sm8UQ=s120-c-rp-mo-ba8-br100', 'link': 'https://www.google.com/maps/contrib/105074002962221099891?hl=en-US', 'reviews': 127, 'photos': 6122}",3,2 years ago,"1. Rooftop Restaurant
2. Price is higher than other restaurants
3. The environment is a little bit of fine
4. Parking not available
6. Swimming pool available",
AZ RESTAURANT & LOUNGE.,"12 Road No 12, Dhaka 1212, Bangladesh",N/A,https://youtu.be/Cit0JxHOcQk,4.4,225,"{'name': 'MD Yeasir Arafat', 'thumbnail': 'https://lh3.googleusercontent.com/a-/ALV-UjU_2yRqxanqPBzzfMxk2nZzxQIQEbCPGfxl8J2biVJZlpb12HWi=s120-c-rp-mo-ba4-br100', 'link': 'https://www.google.com/maps/contrib/100531404169781029504?hl=en-US', 'reviews': 33, 'photos': 169}",4,2 years ago,Very good and beautiful restaurant for hanging out with friends and family. Also they have arrangements of any programs. Specially the roof top was awesome.,
AZ RESTAURANT & LOUNGE.,"12 Road No 12, Dhaka 1212, Bangladesh",N/A,https://youtu.be/Cit0JxHOcQk,4.4,225,"{'name': 'MD. Zahir Raihan', 'thumbnail': 'https://lh3.googleusercontent.com/a-/ALV-UjU-nnSBkfjW3fZ_Cluto8rtRJQ2r9NWHmlWSePNglrtWAf0jw66OQ=s120-c-rp-mo-ba4-br100', 'link': 'https://www.google.com/maps/contrib/109994392750884781302?hl=en-US', 'reviews': 28, 'photos': 57}",4,11 months ago,"AZ Restaurant offers a pleasant dining experience with its inviting atmosphere and good food quality. The ambiance is warm and welcoming, making it a great place to enjoy a meal with friends and family. Their menu features tasty dishes that are well-prepared, reflecting a commendable effort to maintain quality.

However, the restaurant seems to struggle in a few areas. One noticeable issue is the lack of advertising, which limits its visibility and potential to attract a broader customer base. A more robust marketing strategy could significantly enhance its reach and help it gain the recognition it deserves.

Additionally, there appears to be a lack of skilled manpower. While the staff is courteous, service could be more efficient and professional with proper training and an increase in skilled personnel. Investing in staff development could elevate the overall customer experience.

In summary, AZ Restaurant has strong potential with its good food and inviting atmosphere but would benefit greatly from better marketing efforts and improvements in staff expertise. With these changes, it could truly stand out as a top dining spot.",
AZ RESTAURANT & LOUNGE.,"12 Road No 12, Dhaka 1212, Bangladesh",N/A,https://youtu.be/Cit0JxHOcQk,4.4,225,"{'name': 'Rexpression King', 'thumbnail': 'https://lh3.googleusercontent.com/a/ACg8ocJJTDwABgX3_s65XDcxwfOTs77BHW4Lgd1Uv2Hy7Dy_m5cT-w=s120-c-rp-mo-br100', 'link': 'https://www.google.com/maps/contrib/109951993512529637045?hl=en-US', 'reviews': 1, 'photos': 2}",5,2 years ago,So good nd best quality...wonderful location....you must have to go....,
AZ RESTAURANT & LOUNGE.,"12 Road No 12, Dhaka 1212, Bangladesh",N/A,https://youtu.be/Cit0JxHOcQk,4.4,225,"{'name': 'Amir Rahman', 'thumbnail': 'https://lh3.googleusercontent.com/a-/ALV-UjXXNrEYjmI9vgEauJhNzJiDaF5HmlsPXerI3lUi-UeYQ9pyVsr0=s120-c-rp-mo-br100', 'link': 'https://www.google.com/maps/contrib/113563508296729461489?hl=en-US', 'reviews': 2, 'photos': 3}",5,2 years ago,Nice food excellent service Average pricing,
Skyfall,"10th Floor, SKS Shopping Mall, Dhaka 1206, Bangladesh",+880 1711-770896,https://www.facebook.com/skyfall.dhk,4.4,505,"{'name': 'Adiba Anbar Ahona', 'thumbnail': 'https://lh3.googleusercontent.com/a-/ALV-UjWEqOQf3mrYnr4VPdv2-CmX6K4MMCVDXAAxpipZBCMCBKG-N9G5_Q=s120-c-rp-mo-ba4-br100', 'link': 'https://www.google.com/maps/contrib/107045026463194721340?hl=en-US', 'reviews': 60, 'photos': 272}",4,3 months ago,"Nice premium, cozy place to dine in with friends, families and colleagues. The atmosphere is aesthetic, beautiful. Make sure to go after afternoon so that you can enjoy both day and night view. Their staffs were friendly. The foods are not that exceptional, just regular taste.
I recommend their mango sticky rice dessert.
We took Tom yum soup, rice, chicken curry and those were spicier. Chicken Satay was good. Those who likes spicy food, can enjoy that.

They don’t have beverage and price of custom drinks seemed too much expensive considering quantity.",
Skyfall,"10th Floor, SKS Shopping Mall, Dhaka 1206, Bangladesh",+880 1711-770896,https://www.facebook.com/skyfall.dhk,4.4,505,"{'name': 'Md. Mohsin Patwary', 'thumbnail': 'https://lh3.googleusercontent.com/a-/ALV-UjVxf9GuvZVmKOqxRnJ1SsYJBKLS8x13FoNOJ2qTWTlu0eLkDF2DCA=s120-c-rp-mo-ba3-br100', 'link': 'https://www.google.com/maps/contrib/103546488020128195585?hl=en-US', 'reviews': 17, 'photos': 118}",5,2 months ago,"I celebrated my birthday dinner this year with the love of my life. The restaurant had a wonderful ambience, creating a cozy and welcoming atmosphere. While the food was average, the service was excellent. Our waiter was attentive, cordial, and even helped us take several beautiful couple photos, which made the evening extra special. Overall, a delightful experience worth remembering.",
Skyfall,"10th Floor, SKS Shopping Mall, Dhaka 1206, Bangladesh",+880 1711-770896,https://www.facebook.com/skyfall.dhk,4.4,505,"{'name': 'Jamals RandomClips', 'thumbnail': 'https://lh3.googleusercontent.com/a-/ALV-UjVmB9iAO03rrfXvxjyyES9Jv-VYvZGgccMb_8-sjESqqTrL_W5Zjg=s120-c-rp-mo-ba6-br100', 'link': 'https://www.google.com/maps/contrib/101283888877307868807?hl=en-US', 'reviews': 452, 'photos': 2397}",5,2 months ago,We stumbled upon this restaurant on rooftop of SKS tower. We were surprised by the ambience and it was pretty busy due to weekend. They have two level for sitting and we sat on ground floor. Their menu items pricing were reasonable. We enjoyed their tom yum soup and fried chicken and fried rice. Quantity was good for three persons. If you step out in balcony area you can enjoy elevated express way and surrounding.,
Skyfall,"10th Floor, SKS Shopping Mall, Dhaka 1206, Bangladesh",+880 1711-770896,https://www.facebook.com/skyfall.dhk,4.4,505,"{'name': 'Uttam Deb', 'thumbnail': 'https://lh3.googleusercontent.com/a-/ALV-UjW-fTCIKiAwxwCG-avAm9euk623uAsLnFl9F9m99g4a0KSwedZO=s120-c-rp-mo-ba4-br100', 'link': 'https://www.google.com/maps/contrib/118200586113792098663?hl=en-US', 'reviews': 51, 'photos': 278}",5,3 months ago,"Visited Skyfall twice recently and loved it. The food was genuinely delicious, and the atmosphere felt special without being over the top. Great rooftop spot whether you're with a date or a group, plenty of space and a cozy vibe.

Service was smooth, and the staff were polite. No long waits, no confusion.",
Skyfall,"10th Floor, SKS Shopping Mall, Dhaka 1206, Bangladesh",+880 1711-770896,https://www.facebook.com/skyfall.dhk,4.4,505,"{'name': 'Sameer 23', 'thumbnail': 'https://lh3.googleusercontent.com/a-/ALV-UjUkMvGzota1UIVWqe2JZ3XJX9-4UGsNDSHFC08SBX610cfbVQHd=s120-c-rp-mo-ba5-br100', 'link': 'https://www.google.com/maps/contrib/112215713364805333159?hl=en-US', 'reviews': 217, 'photos': 525}",2,4 months ago,Honestly so disappointed with the quality of food . Yes of course the ambience and location is nice but at the end the food is the main feature . The staff very poorly trained . Ordered drinks that came even after the main course . Every items takes about an hour to come out . The starters were okay but nothing out of the ordinary. The soup was terrible and literally no prawn found in the prawn tom yum soup. The main courses were straight up miserable . We ordered fish chicken beef salad and rice and noodles . Out of All these items only the whole fish and pad Thai were edible . Everything else was disastrously bad. We didn’t have the guts to even try dessert .,
Skyfall,"10th Floor, SKS Shopping Mall, Dhaka 1206, Bangladesh",+880 1711-770896,https://www.facebook.com/skyfall.dhk,4.4,505,"{'name': 'Mukti Khatun', 'thumbnail': 'https://lh3.googleusercontent.com/a/ACg8ocJCqJXoXOZGAFApXGBy--qMj_PbRNH0Izay3NvFTpmXaGFh-w=s120-c-rp-mo-br100', 'link': 'https://www.google.com/maps/contrib/105438667826977961108?hl=en-US', 'reviews': 1, 'photos': 4}",5,a month ago,"I was go there with my best friend 🥰😘
The food was so awesome. We enjoyed a lot our dinner. Mr. Farhan Chowdhury is best employee over there 😌 He help us a lot . Best wishes for SkyFall 😇😚",
Skyfall,"10th Floor, SKS Shopping Mall, Dhaka 1206, Bangladesh",+880 1711-770896,https://www.facebook.com/skyfall.dhk,4.4,505,"{'name': 'Rawza Mumnoon', 'thumbnail': 'https://lh3.googleusercontent.com/a-/ALV-UjVd7wr5LafUThqFZUjwF9-Bp29RgW06iIhmOu6DjjOd7OJ2k5E9XQ=s120-c-rp-mo-ba6-br100', 'link': 'https://www.google.com/maps/contrib/100021978286635774707?hl=en-US', 'reviews': 26, 'photos': 2799}",5,a month ago,Service and atmosphere was excellent. Food was good in taste and quality but it was too expensive also. The place was well decorated and Photogenic.,
Skyfall,"10th Floor, SKS Shopping Mall, Dhaka 1206, Bangladesh",+880 1711-770896,https://www.facebook.com/skyfall.dhk,4.4,505,"{'name': 'FAHAD BIN MAHBUB', 'thumbnail': 'https://lh3.googleusercontent.com/a-/ALV-UjV3P_EdncHODdhcaXPyBtfZ-aTdFuwxmw3N7kOwK83QYZZbL-MFWQ=s120-c-rp-mo-ba4-br100', 'link': 'https://www.google.com/maps/contrib/107056281119022541489?hl=en-US', 'reviews': 127, 'photos': 181}",5,3 months ago,"Skyfall Restaurant – A Scenic Escape in the Heart of Dhaka

Located at top of SKS Tower in Mohakhali, Skyfall offers a truly breathtaking 360-degree view of Dhaka city — especially stunning at sunset with the Dhaka Elevated Expressway in clear sight. The ambiance is modern and elegant, making it a great spot for hangouts, dates, or even family dinners.

The food is delicious, with a variety of options that cater to different tastes. However, service can be slow, especially during peak hours due to heavy crowds. If you're visiting, it's best to come with some patience — the view and food will likely make up for the wait.

Pros:
✅ Gorgeous panoramic city views
✅ Tasty food with good portion sizes
✅ Great atmosphere

Cons:
✅Long waiting time for food during busy hours
✅Can be very crowded

Would definitely recommend for the experience — just don’t come in a rush..",
Nobabi Voj Restaurants,"74, Musa Menshion wireless gate, Mohakhali (C/A), Dhaka, 1213, Bangladesh",+880 1312-066331,https://rifatsheikh.weebly.com/,4,396,"{'name': 'Refat Ul Islam', 'thumbnail': 'https://lh3.googleusercontent.com/a-/ALV-UjUTX2yYb-RUupydgaNqrAQam4oorai6wTnKJMfyk04apK_gHYa8mw=s120-c-rp-mo-ba5-br100', 'link': 'https://www.google.com/maps/contrib/110706246084852016539?hl=en-US', 'reviews': 63, 'photos': 445}",4,a year ago,"Their food is always tasty. Especially, Chicken khichuri is the best. I always eat chicken khichuri whenever I go to the restaurant. However this time I ordered beef handi. Which was a bit overpriced ( Taka 230 ). But what surprised me the most is they charged Taka 80 for only khichuri rice. Which was unbelievably overpriced and the taste of beef handi was average. Not too good not too bad.  It should have been better though considering the price.",
Nobabi Voj Restaurants,"74, Musa Menshion wireless gate, Mohakhali (C/A), Dhaka, 1213, Bangladesh",+880 1312-066331,https://rifatsheikh.weebly.com/,4,396,"{'name': 'Tanvir Utsho', 'thumbnail': 'https://lh3.googleusercontent.com/a-/ALV-UjUXbNqiDlSqIgyAZGWi6F71g2qMVrqx5LT1f0ZjK5n7I0higSM-=s120-c-rp-mo-ba5-br100', 'link': 'https://www.google.com/maps/contrib/109554094230700205502?hl=en-US', 'reviews': 114, 'photos': 756}",5,2 years ago,This is known restaurants for Mohakhali Wireless Gate peoples for their Chicken Chap & Tea. Basicaly the serves fried chicken with better sauce & butter naan than others. But it is not recommended for breakfast or lunch.,
Nobabi Voj Restaurants,"74, Musa Menshion wireless gate, Mohakhali (C/A), Dhaka, 1213, Bangladesh",+880 1312-066331,https://rifatsheikh.weebly.com/,4,396,"{'name': 'Yeasin Arafat', 'thumbnail': 'https://lh3.googleusercontent.com/a-/ALV-UjXCNZxfIYJbpFrdcmmqvUYcOG-b3jz_cK9fw-4E4Z3uzBhknvck=s120-c-rp-mo-ba4-br100', 'link': 'https://www.google.com/maps/contrib/109746539932287587810?hl=en-US', 'reviews': 37, 'photos': 206}",4,4 years ago,"I have tried grilled chicken, faluda, beef kichuri, and their special tea. Surprisingly all the items were so good and mouth watering. Apart from food quality the behavior of their staff was also good.
Overall, one of the best places to have meal at wireless more.",
Nobabi Voj Restaurants,"74, Musa Menshion wireless gate, Mohakhali (C/A), Dhaka, 1213, Bangladesh",+880 1312-066331,https://rifatsheikh.weebly.com/,4,396,"{'name': 'Md Shapon', 'thumbnail': 'https://lh3.googleusercontent.com/a-/ALV-UjWLArsJY7xU4RQsSvNPW-DazheSO9A9qX9qrNSzuxj7N-vwxj24=s120-c-rp-mo-ba6-br100', 'link': 'https://www.google.com/maps/contrib/109428111912671283501?hl=en-US', 'reviews': 259, 'photos': 1585}",5,3 years ago,"Very delicious Chicken Chap
I have eaten lot of time this place
and every time i'm impressed
So tnx for provided good quality food.",
Nobabi Voj Restaurants,"74, Musa Menshion wireless gate, Mohakhali (C/A), Dhaka, 1213, Bangladesh",+880 1312-066331,https://rifatsheikh.weebly.com/,4,396,"{'name': 'Towhid Islam', 'thumbnail': 'https://lh3.googleusercontent.com/a-/ALV-UjWPZxVCa7lqHmszxCrJA_2TY32rKBdRqvzrnngB32wwNsOQyXMc=s120-c-rp-mo-ba6-br100', 'link': 'https://www.google.com/maps/contrib/107877544204300382110?hl=en-US', 'reviews': 291, 'photos': 2710}",4,3 years ago,Food is good specially khichuri... But biriyani is not that good. Grill chicken is also good,
Nobabi Voj Restaurants,"74, Musa Menshion wireless gate, Mohakhali (C/A), Dhaka, 1213, Bangladesh",+880 1312-066331,https://rifatsheikh.weebly.com/,4,396,"{'name': 'Emelia Rose', 'thumbnail': 'https://lh3.googleusercontent.com/a-/ALV-UjVBP1Pct1Gi8BAYQ14rr-umKEknHBGxwxRatdQwnMuRWWRjEohS=s120-c-rp-mo-ba3-br100', 'link': 'https://www.google.com/maps/contrib/103409640783747050578?hl=en-US', 'reviews': 18, 'photos': 75}",4,2 years ago,Food and ambience was good but their service is very slow. It took almost 40-50min to get our food. They should improve their service.,
Nobabi Voj Restaurants,"74, Musa Menshion wireless gate, Mohakhali (C/A), Dhaka, 1213, Bangladesh",+880 1312-066331,https://rifatsheikh.weebly.com/,4,396,"{'name': 'BLAÇK BüNNY', 'thumbnail': 'https://lh3.googleusercontent.com/a/ACg8ocIIgRftSyBnMbhOu6bTG2HRaqZbc8MmXXx0JYMaEMSnlqW26Q=s120-c-rp-mo-br100', 'link': 'https://www.google.com/maps/contrib/110176506182068667906?hl=en-US', 'reviews': 1, 'photos': 0}",3,a year ago,"First and foremost, there was no handwash. The interior is not well-organized and appears to be ordinary. Food: I tried basmoti-kacchi, which cost 270 taka but is not even close to kacchi bhai, let alone Sultan's Dine. But their stuff was pretty well behaving, even they replaced a mutton. I will not go again unless there is an emergency.",
Nobabi Voj Restaurants,"74, Musa Menshion wireless gate, Mohakhali (C/A), Dhaka, 1213, Bangladesh",+880 1312-066331,https://rifatsheikh.weebly.com/,4,396,"{'name': 'Onik Hossain (Hossain)', 'thumbnail': 'https://lh3.googleusercontent.com/a-/ALV-UjUjjTJ3N5ufHX9HRWohm0NtM6WuMBoJksrPlCLCD04o7us-HEP9=s120-c-rp-mo-br100', 'link': 'https://www.google.com/maps/contrib/107971406266874760038?hl=en-US', 'reviews': 11, 'photos': 0}",4,2 years ago,"Good food and atmosphere both. Their service was also excellent. However, the food delivery was delayed. the evening when the chicken chap is made outside. The majority of the time, smoke fills the entire restaurant. I faced this problem in their restaurant.",
Sky Dine Rooftop Restaurant,"Rd Number 4, Dhaka 1212, Bangladesh",+880 1601-200012,N/A,4,70,"{'name': 'Amit Ansary', 'thumbnail': 'https://lh3.googleusercontent.com/a-/ALV-UjXdzmM57lUKc4BhcYXy6QXqV6de1SgBtDVC_gvYHZxRe89ahVsU=s120-c-rp-mo-ba6-br100', 'link': 'https://www.google.com/maps/contrib/109776584500036479347?hl=en-US', 'reviews': 177, 'photos': 1934}",4,Edited a year ago,"This place is on the top floor of the building. You have to go to level 8 by lift and go up by stair more 1 level. Lift Closes at 11:30 pm sharp.
Well decorated and nicely presented. Rooftop is decorated by plants and outdoor table and chiar. Variety of cuisines are available here. Taste are average and the amount is good. Staffs are friendly enough and they communicated nicely. In a residential area this fine dining restaurant is good option.",
Sky Dine Rooftop Restaurant,"Rd Number 4, Dhaka 1212, Bangladesh",+880 1601-200012,N/A,4,70,"{'name': 'Khadiza Begum', 'thumbnail': 'https://lh3.googleusercontent.com/a-/ALV-UjUQbJR8x_WVD7qaF6OMg0ww0gV4vGIAXfCjm_Mt0NBp4x-j_YOE=s120-c-rp-mo-br100', 'link': 'https://www.google.com/maps/contrib/106281859663610937567?hl=en-US', 'reviews': 1, 'photos': 0}",4,a month ago,The food was great. But the atmosphere was below average. I think very less people come here now. That's why their atmosphere is not taken care of.,
Sky Dine Rooftop Restaurant,"Rd Number 4, Dhaka 1212, Bangladesh",+880 1601-200012,N/A,4,70,"{'name': 'P R Debnath', 'thumbnail': 'https://lh3.googleusercontent.com/a-/ALV-UjVj2sXehOJgP0YZgFMK9cmTgcRgJDw-sJOXSV0L71fxGOHCvDdyeQ=s120-c-rp-mo-ba2-br100', 'link': 'https://www.google.com/maps/contrib/107889876315076378302?hl=en-US', 'reviews': 18, 'photos': 8}",4,7 months ago,"I went there a long time ago. The garden was clean and cute, there were some kids having a party on the nearby roofs. It was a totally wholesome experience.

The food was absolutely average tasting. But the price was pretty low compared to others.",
Sky Dine Rooftop Restaurant,"Rd Number 4, Dhaka 1212, Bangladesh",+880 1601-200012,N/A,4,70,"{'name': 'Raghunandan Ramachandran', 'thumbnail': 'https://lh3.googleusercontent.com/a/ACg8ocIrcjpXRQPgW0bI15e1Rgr6jDIux0O3p3su1EcWxGXE0tjuqHyc=s120-c-rp-mo-ba7-br100', 'link': 'https://www.google.com/maps/contrib/106034104856684604071?hl=en-US', 'reviews': 805, 'photos': 6001}",4,a year ago,"Sky Dine Rooftop is one of the best restaurant in Dhaka.
Sky Dine Rooftop Restaurant is located at Niketan, Dhaka, Banglades. We will visit again.",
Sky Dine Rooftop Restaurant,"Rd Number 4, Dhaka 1212, Bangladesh",+880 1601-200012,N/A,4,70,"{'name': 'Faisol Ahmed', 'thumbnail': 'https://lh3.googleusercontent.com/a-/ALV-UjUewP1x3EtC2fPQCl_a0MwDJoIlZcRtg48xHet_HwKjnUapbb9b=s120-c-rp-mo-ba7-br100', 'link': 'https://www.google.com/maps/contrib/101341913091169001338?hl=en-US', 'reviews': 1296, 'photos': 5753}",4,a month ago,Food was good but Service delayed.,
Sky Dine Rooftop Restaurant,"Rd Number 4, Dhaka 1212, Bangladesh",+880 1601-200012,N/A,4,70,"{'name': 'Rahima Nipa', 'thumbnail': 'https://lh3.googleusercontent.com/a-/ALV-UjVnxfgQzpkZkjvaWpPt-46fsad7HIcv3wwxPPoOdDY4WDwZpsax=s120-c-rp-mo-ba5-br100', 'link': 'https://www.google.com/maps/contrib/116196927258557998860?hl=en-US', 'reviews': 127, 'photos': 328}",5,3 years ago,A nice ambient. A good place to hangout with friends and enjoy time together.,
Sky Dine Rooftop Restaurant,"Rd Number 4, Dhaka 1212, Bangladesh",+880 1601-200012,N/A,4,70,"{'name': 'Meheraz Alif', 'thumbnail': 'https://lh3.googleusercontent.com/a-/ALV-UjXHI4-BCMwOCZng94z3mE9_p9xEcwRZO2pcopdXExEJlBLqJcv_9g=s120-c-rp-mo-ba6-br100', 'link': 'https://www.google.com/maps/contrib/102852409874095451462?hl=en-US', 'reviews': 141, 'photos': 2235}",5,2 years ago,"Less crowded, Good food, well behaved staff. Perfect for booking your meetups, meeting, iftar party, etc. Not recommended if you're looking for a place just based on food. It's more of a better for bookings type of place.",
Sky Dine Rooftop Restaurant,"Rd Number 4, Dhaka 1212, Bangladesh",+880 1601-200012,N/A,4,70,"{'name': 'Tanzil Tafheem', 'thumbnail': 'https://lh3.googleusercontent.com/a/ACg8ocI1YSUj3b6l-6_W9mEUdrVjEBA2scAeI3RAStXJB6KlITYNppfv=s120-c-rp-mo-ba5-br100', 'link': 'https://www.google.com/maps/contrib/103782367606370775353?hl=en-US', 'reviews': 295, 'photos': 391}",3,3 years ago,Not good at night. Green ambient light is horrible. Couldn't see the actual color of food. Thai soup was not fresh. Cashew nut salad's chicken was not fresh. Fresh Malta juice was 80% and max 20% Malta.,
The Beast,"Four Points by Sheraton Dhaka, Gulshan 6/A North Avenue Commercial Area, Dhaka 1212, Bangladesh",+880 9609-444555,N/A,4.3,40,"{'name': 'Mike McGovern, Esq.', 'thumbnail': 'https://lh3.googleusercontent.com/a-/ALV-UjWDH_H9RHhxIXYasn4KLPjlqk2Qy9OL-tzY3uppsblBNQn7_Fnv=s120-c-rp-mo-ba5-br100', 'link': 'https://www.google.com/maps/contrib/109663504012979793687?hl=en-US', 'reviews': 73, 'photos': 361}",5,3 months ago,"Semi-open cucina, the Wine racks are ghosts in 2023 and beyond, but were well stocked in 2020.  The quality of the cuisine has remained strong throughout as has the level of service.  Nice view of the outdoor seating area, but if the dust and noise of the Gulshan 1 roundabout is too much, the indoor dining space is clean and quiet…unless it’s a live music night.  Menu standouts are the Jalapeño Bread Bowl and of course the Filet Mignon.  Even tasty when re-heated on the iron at the Hotel as leftovers 😄.",
The Beast,"Four Points by Sheraton Dhaka, Gulshan 6/A North Avenue Commercial Area, Dhaka 1212, Bangladesh",+880 9609-444555,N/A,4.3,40,"{'name': 'Alun Evans', 'thumbnail': 'https://lh3.googleusercontent.com/a-/ALV-UjWmkD7qKOBZP_ITh1GhC_ZpGJfQ0zWHCe7L-68d-jXVa07T28SR=s120-c-rp-mo-ba6-br100', 'link': 'https://www.google.com/maps/contrib/116555095795832646039?hl=en-US', 'reviews': 440, 'photos': 782}",5,6 months ago,"A really nice roof top steak house with views over the Gulshan area. Device is excellent and professional. There is a special menu which is extremely reasonable with soup, steak and dessert included for 2200taka. My only gripes were the steak was ordered medium rare came out medium- but it’s ok- the service made up for it. I would recommend",
The Beast,"Four Points by Sheraton Dhaka, Gulshan 6/A North Avenue Commercial Area, Dhaka 1212, Bangladesh",+880 9609-444555,N/A,4.3,40,"{'name': 'Md Fahim Hossain Nitol', 'thumbnail': 'https://lh3.googleusercontent.com/a-/ALV-UjWazyUUYQLRDANTKsjEV7ifuaPtWtkC_qfHYLaFs9LjU23pn1k=s120-c-rp-mo-ba3-br100', 'link': 'https://www.google.com/maps/contrib/102757427967796693748?hl=en-US', 'reviews': 37, 'photos': 45}",4,7 months ago,"Food tested average and had less variety.  Best was the desert corner, sushi and the chocolate fountain with Marshmello.
Also the service was not up to the mark as stuff of the live station should help people more to experience the food in a better way (there was a lamb dish which should have with their special sauce that the staff should have mentioned, felt plain less to me). Overall not a very decent experience I had there.
Among the food it was so so, nothing extraordinary. The srimps were smelly (1 got one piece and that may be a randomly). Also asked for a water bottle multiple time but couldn't get it.
But their regular item was good. Liked their beguni and regular ifter items. Also shrimp and others were okish.
The steak with gravy was something that had mixed feeling. I liked it but some didn't.
Needs to work on the service more.
But apart from that the view was amazing.",
The Beast,"Four Points by Sheraton Dhaka, Gulshan 6/A North Avenue Commercial Area, Dhaka 1212, Bangladesh",+880 9609-444555,N/A,4.3,40,"{'name': 'Mostafiz Hossain', 'thumbnail': 'https://lh3.googleusercontent.com/a-/ALV-UjXusUZtFvRSHg2zZdIjriPiucY_S8fvgPQon2wXIwwTbzLj9UIw=s120-c-rp-mo-ba3-br100', 'link': 'https://www.google.com/maps/contrib/115124275494387065191?hl=en-US', 'reviews': 21, 'photos': 4}",5,5 months ago,"Review: The Beast – Dhaka’s Ultimate Fine Dining Experience

The Beast is hands down my favorite restaurant in Dhaka. From the moment you walk in, the place radiates luxury and exclusivity—it’s not just a meal, it’s an experience. The ambiance, the stunning interior, and the incredible city view all combine to create a truly premium vibe.

One of the unique highlights is that they allow you to bring your own alcohol, which is perfect for those who enjoy pairing their favorite drink with fine food. It’s rare to find a place in Dhaka that offers this kind of flexibility with such a refined setting.

This is the place to bring a date if you're looking to impress or just want to enjoy a high-end, private dining atmosphere. Whether you're celebrating something special or just in the mood to treat yourself, The Beast delivers.

My only wish? A stronger, more diverse menu to match the rest of the excellence. A little more variety would elevate the experience even further.

Still, for the overall vibe, exclusivity, and sheer elegance—The Beast easily takes the top spot in the city.

Highly recommended.",
The Beast,"Four Points by Sheraton Dhaka, Gulshan 6/A North Avenue Commercial Area, Dhaka 1212, Bangladesh",+880 9609-444555,N/A,4.3,40,"{'name': 'Sharmin Nitu', 'thumbnail': 'https://lh3.googleusercontent.com/a-/ALV-UjUAeVly1xzrrHxCMN6DtRXsjsHN1-xZ1Poo4rMIJnt1TMjJf0zS=s120-c-rp-mo-br100', 'link': 'https://www.google.com/maps/contrib/106555958494432562115?hl=en-US', 'reviews': 1, 'photos': 0}",1,10 months ago,"I spent my 31st evening there, they offered us The beast, saying they'd serve the same food as Flair. But in reality, the quantity and quality of the food there was too poor, the atmosphere was too congested, and the service was so poor!",
The Beast,"Four Points by Sheraton Dhaka, Gulshan 6/A North Avenue Commercial Area, Dhaka 1212, Bangladesh",+880 9609-444555,N/A,4.3,40,"{'name': 'Md. Emdadul Amin', 'thumbnail': 'https://lh3.googleusercontent.com/a-/ALV-UjVh43PGm2dSz5Qb0lhyxVPrSyT4pN53lLJgMbm87zas43P1MmEw=s120-c-rp-mo-ba3-br100', 'link': 'https://www.google.com/maps/contrib/104941132813341590352?hl=en-US', 'reviews': 42, 'photos': 12}",5,2 years ago,"One of the best restaurants in Dhaka city & top view is awesome, especially from Terrace. Their food & service are great to enjoy. Recently, they started under IHG Crown Plaza, which is extraordinary. A good place for family, couple & events",
The Beast,"Four Points by Sheraton Dhaka, Gulshan 6/A North Avenue Commercial Area, Dhaka 1212, Bangladesh",+880 9609-444555,N/A,4.3,40,"{'name': 'fariya kamal', 'thumbnail': 'https://lh3.googleusercontent.com/a-/ALV-UjXPgQb8rdjP-s9hyoQqz2QWE7KDqvTmARg9uVqerx2wca0SADg=s120-c-rp-mo-ba4-br100', 'link': 'https://www.google.com/maps/contrib/116563593348878241449?hl=en-US', 'reviews': 19, 'photos': 200}",5,10 months ago,Nice view,
The Beast,"Four Points by Sheraton Dhaka, Gulshan 6/A North Avenue Commercial Area, Dhaka 1212, Bangladesh",+880 9609-444555,N/A,4.3,40,"{'name': 'Moshiur Rahman Faisal', 'thumbnail': 'https://lh3.googleusercontent.com/a-/ALV-UjXSkAjCvyy9oQxYmKryKO0zccdBvdX56_k2bsHnmrHubRcEiWnVkA=s120-c-rp-mo-ba5-br100', 'link': 'https://www.google.com/maps/contrib/102056342306121353115?hl=en-US', 'reviews': 124, 'photos': 165}",5,a year ago,"It's a fantastic place, food, and a vibe. I loved the interior and the amazing rooftop view.",
Creme de la creme Coffee,"Q9HW+8VP, SKS shopping mall, Dhaka 1205, Bangladesh",+880 1700-702654,https://cremedelacreme.com.bd/,4.3,1322,"{'name': 'Jack Mckenzy', 'thumbnail': 'https://lh3.googleusercontent.com/a-/ALV-UjVZfZU8kuE66pHEtflRW_0gm_LLIQKOG8M36oe7FfOjnt9D6eAR=s120-c-rp-mo-ba2-br100', 'link': 'https://www.google.com/maps/contrib/103959715203154127117?hl=en-US', 'reviews': 14, 'photos': 12}",5,a month ago,"Mizan made the best Flat white in Dhaka só far. Not even north end made me a standard and proper flat white. But I will suggest the management to have Oat Milk too.
Good job Mizan vai",
Creme de la creme Coffee,"Q9HW+8VP, SKS shopping mall, Dhaka 1205, Bangladesh",+880 1700-702654,https://cremedelacreme.com.bd/,4.3,1322,"{'name': 'Uttam Deb', 'thumbnail': 'https://lh3.googleusercontent.com/a-/ALV-UjW-fTCIKiAwxwCG-avAm9euk623uAsLnFl9F9m99g4a0KSwedZO=s120-c-rp-mo-ba4-br100', 'link': 'https://www.google.com/maps/contrib/118200586113792098663?hl=en-US', 'reviews': 51, 'photos': 278}",5,3 months ago,"Great ambiance, perfect latte art, and top-notch service. Ideal for small groups. Food, service, and atmosphere all rated 5 stars. Price range: 200–400 BDT. A cozy spot for a quick coffee break.",
Creme de la creme Coffee,"Q9HW+8VP, SKS shopping mall, Dhaka 1205, Bangladesh",+880 1700-702654,https://cremedelacreme.com.bd/,4.3,1322,"{'name': 'MD. Munim Bin Salim', 'thumbnail': 'https://lh3.googleusercontent.com/a-/ALV-UjWTsYLn3HR7aqUB_7vIADjBcoWlqETydYvE_pc8L92mp9IhGG5S=s120-c-rp-mo-ba5-br100', 'link': 'https://www.google.com/maps/contrib/113179879737515160037?hl=en-US', 'reviews': 146, 'photos': 693}",4,Edited a year ago,"This is a coffee place inside SKS Tower, Mohakhali. They also have a good collection of various types of foods.

We went there for their breakfast package. The food was fresh and tasty, but didn't feel anything extraordinary. I won't consider it value for money.

The interior and the seating arrangements were good. The service wasn't as good as I expected. At the early morning, we were the only customers there, but it took a good while before someone attended us after calling.

The coffee was good.

They have an outside seating available, if you want to have your cigarettes while sipping your coffee.

This restaurant has a lot of scope to improve. I hope they'll do.",
Creme de la creme Coffee,"Q9HW+8VP, SKS shopping mall, Dhaka 1205, Bangladesh",+880 1700-702654,https://cremedelacreme.com.bd/,4.3,1322,"{'name': 'Shakil Ahmed', 'thumbnail': 'https://lh3.googleusercontent.com/a-/ALV-UjX7eHEsFiWp2BDlxzcqhsA5mKa0oNmp563nNZEXSII7_1fNSPSz=s120-c-rp-mo-ba5-br100', 'link': 'https://www.google.com/maps/contrib/117698290140220365296?hl=en-US', 'reviews': 128, 'photos': 1664}",3,Edited a year ago,"Edit: I visit now a few times a week and their food quality has improved. Their coffee is pretty good and love their outdoor sitting arrangements. The environment is a little peaceful. .

among all the restaurants of SKS centre this one has the best ambience but very sadly its food taste is BAD !

the garlic mushroom was a bit dry and it had a peculiar smell.
the burger had a little petty inside it and it was served like a sub-sandwich
the sandwich was also a big disappointment.
the french fries were like any other cheap Street french fries ( like 30 tk fries ) !!!

the staff told us to wait 20 minutes for the food but actually we waited more than 30 minutes.

they were charging premium prices for very badly tested food.

some positive sides: outdoor sitting arrangement with smoking zone, very well decorated interior.

this place is only good for your meetings with a cup of coffee.

overall, the money was wasted. not recommended at all

please improve your food quality, you have a very nice restaurant at a very precious location !",
Creme de la creme Coffee,"Q9HW+8VP, SKS shopping mall, Dhaka 1205, Bangladesh",+880 1700-702654,https://cremedelacreme.com.bd/,4.3,1322,"{'name': 'Nayira Williams', 'thumbnail': 'https://lh3.googleusercontent.com/a-/ALV-UjV8S3_riR_JQPB0WLgLaaMko4KmZ-26wCyg3wyWoDv27E3gsmMF=s120-c-rp-mo-ba6-br100', 'link': 'https://www.google.com/maps/contrib/101487369227233806633?hl=en-US', 'reviews': 326, 'photos': 2354}",4,2 years ago,It's a nice cute cafe . The food was good they give big portions. One portions of fries can easily feed 3 person . The pizza was a good size also and the prices are decent. Staff is friendly and kind . Also coffee is fresh nice n hot . I visite again soon.,
Creme de la creme Coffee,"Q9HW+8VP, SKS shopping mall, Dhaka 1205, Bangladesh",+880 1700-702654,https://cremedelacreme.com.bd/,4.3,1322,"{'name': 'Sheikh Fardin Oyon', 'thumbnail': 'https://lh3.googleusercontent.com/a-/ALV-UjVyuvuwzDsSPqOrYCzC_1vg3gq1OcAdC3DcDpr1H6sCDUdaJlOfRQ=s120-c-rp-mo-ba7-br100', 'link': 'https://www.google.com/maps/contrib/117515530971234039489?hl=en-US', 'reviews': 828, 'photos': 3059}",4,a year ago,Bhalogari cafe is a well known cafe for coffee and snacks lovers in Mohakhali area... Interior and ambience is fresh and okay...Smoked sandwich was good in taste...Hazelhut coffee was average and Tiramisu was also okay...Price is a bit high...Service is satisfying...,
Creme de la creme Coffee,"Q9HW+8VP, SKS shopping mall, Dhaka 1205, Bangladesh",+880 1700-702654,https://cremedelacreme.com.bd/,4.3,1322,"{'name': 'Fazal Mahmud Roni', 'thumbnail': 'https://lh3.googleusercontent.com/a-/ALV-UjV-aqZLa_21yf9Xmz7iexTlrm5nOQZomKI-LnsOrOVKvn4D0SG5=s120-c-rp-mo-ba5-br100', 'link': 'https://www.google.com/maps/contrib/107291122792052551816?hl=en-US', 'reviews': 237, 'photos': 1089}",4,a year ago,"Its a cafe at ground floor of SKS Tower shopping floor, on the left side of the entry gate.

Has both indoor and outdoor seating. Offers different types of coffee, heavy snacks and pastry. We had their latte and machito. Also took a almond cookie which really turned out a tasty one.

Overall service, interior and food taste is fine.",
Creme de la creme Coffee,"Q9HW+8VP, SKS shopping mall, Dhaka 1205, Bangladesh",+880 1700-702654,https://cremedelacreme.com.bd/,4.3,1322,"{'name': 'Shuhana Sharmin Choiti', 'thumbnail': 'https://lh3.googleusercontent.com/a-/ALV-UjWUPaWnErQ4nMMOq8DHOF9fyi3hg5VwDCJJNd7X_fZ5twChz9UYjQ=s120-c-rp-mo-ba4-br100', 'link': 'https://www.google.com/maps/contrib/108171398413256543125?hl=en-US', 'reviews': 55, 'photos': 308}",5,2 years ago,"This cozy cafe provides good atmospheric environment along with good food and services.  But there is another rare charm that this cafe provides, which is Generosity! We were stuck in a massive rain, out of any vehicular service and waited in this amazing place for near 2:00am at night, the restaurant was suppose to close it's service by 11:00pm, but they kept it open just for us, furthermore they assured us to wait as long as its required. We were very greatful and felt blessed.  Its easy to find restaurant with, good food, humble service and great Interior But its very rare to find such Generosity!  I wish nothing but success for this restaurant... May every customer visits here and leaves with a great story to tell!!",
"Cheong Shing Restaurant, Dhaka.","Dhaka Rd No. 19/A, Dhaka 1213, Bangladesh",+880 1944-884466,N/A,4.3,694,"{'name': 'sabah noor rahman', 'thumbnail': 'https://lh3.googleusercontent.com/a-/ALV-UjXmigN-iHyZ7WnXtM34njnhzWxHJ3QOCliYfPonzISZP5goknam=s120-c-rp-mo-br100', 'link': 'https://www.google.com/maps/contrib/114561786962457021603?hl=en-US', 'reviews': 5, 'photos': 6}",4,7 months ago,"Went there on Eid main day and honestly love their food, it's taste, environment and the service. I found it reasonable too! I was craving for a typical chicken rice set with soup which isin’t easily available in Bangladesh but found a similar one in this restaurant. Good stuff.",
"Cheong Shing Restaurant, Dhaka.","Dhaka Rd No. 19/A, Dhaka 1213, Bangladesh",+880 1944-884466,N/A,4.3,694,"{'name': 'Nabil Chowdhury', 'thumbnail': 'https://lh3.googleusercontent.com/a-/ALV-UjWHlayV8irg3_TFKs-8pSb0ZoAtbLlVEcLCD6PQkEuseJ4HVAWrxA=s120-c-rp-mo-ba5-br100', 'link': 'https://www.google.com/maps/contrib/117013879404545237087?hl=en-US', 'reviews': 294, 'photos': 700}",5,7 months ago,"Cheong Shing is one of those places where any item is guaranteed to be tasty. We ordered the following items:

Mixed Fried Rice: This is a regular fried rice but the amount of prawn, chicken and eggs are way more than that of any other place.

Fusian Fried Rice: This is definitely one of my favorite. I have ordered this on multiple occasions as lunch in my office. It's a fried rice with gravy mixed with seafood. It can be enjoyed on its own. Must try!

Fried Chicken: The fried chicken might not look very tempting but it was pretty good. It's served along with some greens and herbs that enhances the taste.

Ginger Beef Onion: This was okay. Tasted fine and served in plentiful.

Overall the food was great and so we're the drinks.

We were 6 people and the total bill was around 5k.
I'd surely visit again.

Recommended!!!",
"Cheong Shing Restaurant, Dhaka.","Dhaka Rd No. 19/A, Dhaka 1213, Bangladesh",+880 1944-884466,N/A,4.3,694,"{'name': 'Md Khirul Amin Sunny', 'thumbnail': 'https://lh3.googleusercontent.com/a-/ALV-UjXGcUiYcZjO8oK3AFs17vpysCxROoCItYstXB5UZkY9ILS_ruWW3g=s120-c-rp-mo-ba5-br100', 'link': 'https://www.google.com/maps/contrib/103778925588337853455?hl=en-US', 'reviews': 103, 'photos': 800}",5,a year ago,"Cheong Shing Restaurant in Dhaka left a lasting impression on us when we dined there on May 2, 2024. From the moment we stepped in, the ambiance greeted us with warmth and sophistication. The interior décor added to the overall dining experience, creating an inviting atmosphere for our group of colleagues and bosses.

The food selection was diverse, and each dish we sampled surpassed our expectations. The flavors were robust, and the quality of ingredients was evident in every bite. Whether it was traditional favorites or innovative creations, Cheong Shing delivered excellence across the board.

Beyond the culinary delights, the restaurant provided ample space for socializing, making it an ideal spot for gatherings with friends, family, and colleagues alike. The vibrant energy of the place enhanced our enjoyment, turning a simple meal into a memorable occasion.

Overall, Cheong Shing Restaurant earns my highest recommendation. It's a gem in Dhaka's dining scene, offering not just great food but also a welcoming ambiance perfect for any occasion. Whether you're seeking a casual hangout or a place to impress your guests, Cheong Shing delivers on all fronts.",
"Cheong Shing Restaurant, Dhaka.","Dhaka Rd No. 19/A, Dhaka 1213, Bangladesh",+880 1944-884466,N/A,4.3,694,"{'name': 'Tareq Mamun', 'thumbnail': 'https://lh3.googleusercontent.com/a-/ALV-UjUN7B-tZJS2Cx_hK0kgUhOcvl8vHh4TgORxqWmJMNXERMdpSQg=s120-c-rp-mo-ba6-br100', 'link': 'https://www.google.com/maps/contrib/110402619737002891128?hl=en-US', 'reviews': 265, 'photos': 1901}",2,3 years ago,"Very Old building with refurbished ambiance. Mosquitoes flying random. Food taste somewhat authentic Chinese, a bit salty. When I told them to pack my food, the waiter brought some box in front of me and was packing right beside. Very unprofessional. Overall an okay experience compared to the price.",
"Cheong Shing Restaurant, Dhaka.","Dhaka Rd No. 19/A, Dhaka 1213, Bangladesh",+880 1944-884466,N/A,4.3,694,"{'name': 'osmitaa akash', 'thumbnail': 'https://lh3.googleusercontent.com/a/ACg8ocJ24-iAF5Iw-3fZyS5BuY0NDa1qxTul5THr7FeJY8zmqUksCg=s120-c-rp-mo-ba3-br100', 'link': 'https://www.google.com/maps/contrib/108353542371690964355?hl=en-US', 'reviews': 18, 'photos': 10}",1,2 years ago,"Horrible experience, full of flies and mosquitoes,It's actually a party place for young stars, with room date facility.
It's not a eating place for family.
During my visit we found food's served with flies, dining was full with smoke.
Waiter's were reluctant to serve . it's look like guests are extra burden for them. Our arrival time was 7.30 pm , and food served at 9pm.
Food is plain with lot's of testing salt. Building was very old, remodeled, but still not suitable as eatery.",
"Cheong Shing Restaurant, Dhaka.","Dhaka Rd No. 19/A, Dhaka 1213, Bangladesh",+880 1944-884466,N/A,4.3,694,"{'name': 'Oronno', 'thumbnail': 'https://lh3.googleusercontent.com/a/ACg8ocJBpli1V0hMsCQubwJccgnYnfe4Jz2PVMrqjzBZVbBuT3GUXg=s120-c-rp-mo-ba6-br100', 'link': 'https://www.google.com/maps/contrib/112504538473687725116?hl=en-US', 'reviews': 257, 'photos': 1975}",5,Edited a year ago,"Authentic Mainland Chinese and the quantity over price is very good. Remember authentic may not be like Bangladeshi Chinese foods.

11/10/24 Cheong Shing Restaurant is a nostalgic favorite, offering a truly authentic Cantonese dining experience. The atmosphere brings back fond memories, and the food is exceptional. It’s a must-try for anyone looking to savor genuine Cantonese flavors!",
"Cheong Shing Restaurant, Dhaka.","Dhaka Rd No. 19/A, Dhaka 1213, Bangladesh",+880 1944-884466,N/A,4.3,694,"{'name': 'sayed sarwar', 'thumbnail': 'https://lh3.googleusercontent.com/a-/ALV-UjXRAFDIF9ltiIUr5cJX624d0plw8c_BMQnYtLrVl3pIIAAkPnY=s120-c-rp-mo-ba6-br100', 'link': 'https://www.google.com/maps/contrib/111973646868000686545?hl=en-US', 'reviews': 454, 'photos': 1035}",2,3 years ago,"Very unfortunate.. I went to this restaurant several times before covid & enjoyed a lot, now the food taste not good at all, even the simple egg fried rice was barely eatable. Only best dish was the sea fish stuffed Chili, although too spicy too handle for most of the people. The worse dish was clay pot beef, it's a mixer of squid, chicken liver, sliced beef & vermicelli noodles. I really don't know what to say about this dish, too much black bean sauce, squid other stuffs really overpowered beef.",
"Cheong Shing Restaurant, Dhaka.","Dhaka Rd No. 19/A, Dhaka 1213, Bangladesh",+880 1944-884466,N/A,4.3,694,"{'name': 'Hamim Danial Hayder', 'thumbnail': 'https://lh3.googleusercontent.com/a-/ALV-UjVGbIqGFm81SWaih283fu_lRuuRAAW6u97hkRDlBT5Svet0s5Fz=s120-c-rp-mo-ba8-br100', 'link': 'https://www.google.com/maps/contrib/113354084774285409227?hl=en-US', 'reviews': 747, 'photos': 17814}",1,3 years ago,"Location good. Nice interior.
Food looks good.
Test very salty.  Cook use a lot of testing salt.
After having this Food you fill sleepy. Some one filled vomiting.
Those who have testing sales problem please avoid this resturent.",
Beresta,"3 E, 2 DIT Rd, Dhaka 1219, Bangladesh",+880 1841-831360,https://www.facebook.com/beresta.dhaka/,4.3,675,"{'name': 'Zubayer', 'thumbnail': 'https://lh3.googleusercontent.com/a-/ALV-UjWAaedixIaL54l8h9W_HQyl17H5k5fGATXm7NglNZnG3xBy5KO3lw=s120-c-rp-mo-ba6-br100', 'link': 'https://www.google.com/maps/contrib/115096538498055938664?hl=en-US', 'reviews': 404, 'photos': 3005}",3,a month ago,Its a moderately decorated place for regular breakfast and lunch. Staff are ok and ambience is good. Food tastes vary a lot. Don’t tell them which is your best item rather order directly from menu. Their alur dam was pretty bad and chicken soup was very good for breakfast.,
Beresta,"3 E, 2 DIT Rd, Dhaka 1219, Bangladesh",+880 1841-831360,https://www.facebook.com/beresta.dhaka/,4.3,675,"{'name': 'Ivan', 'thumbnail': 'https://lh3.googleusercontent.com/a-/ALV-UjV-gd6zgHhSfVGqOs92FIe9qPJbj7PH0gfJqDaxP7JL40GhRgFurg=s120-c-rp-mo-ba4-br100', 'link': 'https://www.google.com/maps/contrib/110289125961300299818?hl=en-US', 'reviews': 82, 'photos': 460}",4,6 months ago,"Beresta Restaurant Review

Location:
•	Located conveniently on the main road of Rampura.
•	Beautiful, well-thought-out design and decor.

Atmosphere:
•	Lovely lighting and pleasant smell.
•	Cozy and inviting environment.
•	Great overall dining atmosphere.

Service:
•	Waiters were polite, well-behaved, and attentive.

Food:
•	Ordered: Kebab Platter, Garlic Naan, Coffee.
•	Complimentary salad and sauce were a nice touch.

⸻

Pros:
•	Beautiful and cozy restaurant design.
•	Pleasant lighting and smell.
•	Friendly and professional staff.
•	Outstanding Garlic Naan and Coffee.
•	Complimentary salad and sauce were very thoughtful.

Cons:
•	Kebab Platter was disappointing (not warm, felt not fresh).

⸻

Overall:
I enjoyed my dinner here despite a few issues with the food. I would recommend Beresta for a relaxed evening, especially for their atmosphere and service.

⸻",
Beresta,"3 E, 2 DIT Rd, Dhaka 1219, Bangladesh",+880 1841-831360,https://www.facebook.com/beresta.dhaka/,4.3,675,"{'name': 'Aye Sha', 'thumbnail': 'https://lh3.googleusercontent.com/a-/ALV-UjW2Az8yqZ5Foc7CeuW9ocUmnUrzbdGClTBeksGKbs3idw1gLD7s=s120-c-rp-mo-ba4-br100', 'link': 'https://www.google.com/maps/contrib/111844094589782916784?hl=en-US', 'reviews': 26, 'photos': 137}",5,2 weeks ago,"Couldn't take much picture of the place and food as it was too crowded, but the atmosphere and food was amazing in one word! Loved their decorations inside and outside. Maybe a little improvement of their staff service is needed.",
Beresta,"3 E, 2 DIT Rd, Dhaka 1219, Bangladesh",+880 1841-831360,https://www.facebook.com/beresta.dhaka/,4.3,675,"{'name': 'Rifatur Rahman Sagor', 'thumbnail': 'https://lh3.googleusercontent.com/a-/ALV-UjUSbTrb65RPv9vstDxXwJNeXF8r2d0uc1yhBDWFXS3Akr6dzC90=s120-c-rp-mo-br100', 'link': 'https://www.google.com/maps/contrib/103811064878930206055?hl=en-US', 'reviews': 7, 'photos': 8}",2,2 months ago,"Overrated tbh ! Taste of chicken soup and brain is way worse than that of Star and Duurbeen. Mejbani Daal tasted average. Kolija was not only kolija like other restaurants. It had fepsha and other things mixed . Aluur Dom was good . Very congested space . Customer handling also requires improvement.

Honestly I had high hopes after reading about this on internet. But actually it’s extremely overhyped in my opinion .",
Beresta,"3 E, 2 DIT Rd, Dhaka 1219, Bangladesh",+880 1841-831360,https://www.facebook.com/beresta.dhaka/,4.3,675,"{'name': 'Nazumeyrah', 'thumbnail': 'https://lh3.googleusercontent.com/a-/ALV-UjUp_BBF7djCE6Ulw2OsMEYSCzVkcT6l2wJDxS6fieBpEtAarflvFQ=s120-c-rp-mo-br100', 'link': 'https://www.google.com/maps/contrib/117437674735619186140?hl=en-US', 'reviews': 3, 'photos': 12}",3,2 months ago,A few months ago we ordered naan and kebab from Beresta. It was so good that we ordered it again today. But the thing is that I got a part of hair in beef sheek kebab. Since this is the first time I don't want to complain or do anything else. But they should be careful & also they should follow hygiene rules while preparing the food.,
Beresta,"3 E, 2 DIT Rd, Dhaka 1219, Bangladesh",+880 1841-831360,https://www.facebook.com/beresta.dhaka/,4.3,675,"{'name': 'Rimjhim Rashid', 'thumbnail': 'https://lh3.googleusercontent.com/a-/ALV-UjVnL-Vat0xBFJP8qYk4rMolHsVrWRKguOdd9PR7v_d89IwMQ308Zw=s120-c-rp-mo-br100', 'link': 'https://www.google.com/maps/contrib/106676709028603381625?hl=en-US', 'reviews': 2, 'photos': 1}",5,2 months ago,"Love their breakfast items. Pricing was a bit higher than usual but worth it. Good ambience, air conditioning and food quality is great. Keep on coming back here for breakfast.

Favourite items:
Alur dom
Ghee paratha
Spicy brain masala
Beef nihari",
Beresta,"3 E, 2 DIT Rd, Dhaka 1219, Bangladesh",+880 1841-831360,https://www.facebook.com/beresta.dhaka/,4.3,675,"{'name': 'Arko Mustafi', 'thumbnail': 'https://lh3.googleusercontent.com/a-/ALV-UjUIKt6-X6ZVJIO-YBgQvg4EURyUv-fk6jd2ttVOxw2biT95xpGD=s120-c-rp-mo-ba4-br100', 'link': 'https://www.google.com/maps/contrib/109564923803599097827?hl=en-US', 'reviews': 72, 'photos': 89}",5,6 months ago,"The place is well decorated and gives good vive. The place is neat and clean. The food was tasty and price is also okay. We have tried the kabab with butter nun and faluda.. The nun and kabab was very good but considering the price the faluda was not worth of money. The behaviour of waiters was good and they were there whenever you need something.
Obviously recommended!!",
Beresta,"3 E, 2 DIT Rd, Dhaka 1219, Bangladesh",+880 1841-831360,https://www.facebook.com/beresta.dhaka/,4.3,675,"{'name': 'Mohammed Amir', 'thumbnail': 'https://lh3.googleusercontent.com/a-/ALV-UjUicRpKeqS29UP_tOUZc5gSydx6OVKM_XS5UgFOC462E0zPnL0=s120-c-rp-mo-ba3-br100', 'link': 'https://www.google.com/maps/contrib/117759132368171163506?hl=en-US', 'reviews': 28, 'photos': 31}",4,a month ago,Had their brain masala which was pretty good. Their special Ghee Parata was super good. Went for breakfast a little late which is why they stopped serving tea by that time.,
Jatra Biroti,"House No, 63 Road No. 17/A, Dhaka 1212, Bangladesh",+880 1321-126922,https://jatrabiroti.shop/,4.1,4109,"{'name': 'Rouf Abeer', 'thumbnail': 'https://lh3.googleusercontent.com/a-/ALV-UjUJ6KEG0p44OtY0VYUh7O_t3d6_fMiEQkV1huqQ9TCx-Wk5jSuZ=s120-c-rp-mo-ba4-br100', 'link': 'https://www.google.com/maps/contrib/111859285755770727090?hl=en-US', 'reviews': 61, 'photos': 354}",2,4 weeks ago,"Over hyped place.

If you want to buy traditional Accessories then it seems to be Ok. But in terms of food & Service it is much much disappointing. Food Prices according to quantity & Taste much Higher. I found no justification about the Prices. Then I tried 12 pieces of fuska, which costs 400+ ( service charge 10%). A Photogenic Place but not a recommended place.",
Jatra Biroti,"House No, 63 Road No. 17/A, Dhaka 1212, Bangladesh",+880 1321-126922,https://jatrabiroti.shop/,4.1,4109,"{'name': 'Juber Ahmed Sahel', 'thumbnail': 'https://lh3.googleusercontent.com/a-/ALV-UjVwG1UUabwQJ4z5jwy-w_u8Y0CGJ3kmjXJQYLn8uAGlI030KsTZdw=s120-c-rp-mo-ba7-br100', 'link': 'https://www.google.com/maps/contrib/103436212029148952902?hl=en-US', 'reviews': 66, 'photos': 6607}",4,2 months ago,I went for Thursday Open Mic programme which is start from 8 Pm and finished around 11. But I left the place early. Lots of Bengali food they served. Good ambient for seating and hangout. Little bit noisy. Not smoking area is top of the roof corner.,
Jatra Biroti,"House No, 63 Road No. 17/A, Dhaka 1212, Bangladesh",+880 1321-126922,https://jatrabiroti.shop/,4.1,4109,"{'name': 'Ambereen', 'thumbnail': 'https://lh3.googleusercontent.com/a/ACg8ocLMy3wFccuJY6l0_oXMxdHc6GefuwDsyGCHAO_2qoK7eqVavr0=s120-c-rp-mo-ba2-br100', 'link': 'https://www.google.com/maps/contrib/110163501945157780008?hl=en-US', 'reviews': 8, 'photos': 16}",2,3 months ago,"It’s a great place if you want to buy traditional souvenirs, but as a cafe/restaurant i think it’s a huge let down.

My experience at their rooftop dine-in was sad, firstly because the price of the dishes don’t justify the amount and taste of the food. On top of that they impose a 10% service charge, for absolutely nothing.

The washrooms on the rooftop stay closed, no Air conditioning system in this heat, they provide Gamcha as a substitute for tissue, but no alternative for straw to have drinks. The place overall is just for aesthetic vibes, nothing more.",
Jatra Biroti,"House No, 63 Road No. 17/A, Dhaka 1212, Bangladesh",+880 1321-126922,https://jatrabiroti.shop/,4.1,4109,"{'name': 'Onica R.', 'thumbnail': 'https://lh3.googleusercontent.com/a-/ALV-UjVD8JO2tZxkFbsCw9qeegRa9PTsYDiAMkBLe-eNUa7ESv1EWmqm=s120-c-rp-mo-ba3-br100', 'link': 'https://www.google.com/maps/contrib/102597369607570127958?hl=en-US', 'reviews': 13, 'photos': 39}",5,3 months ago,"Absolutely lovely time spent with my friends in a peaceful and cozy setting. We enjoyed some delicious ginger tea and great conversation. The only downside was the presence of mosquitoes, so I’d recommend bringing some repellent just in case. Other than that, a wonderful experience!",
Jatra Biroti,"House No, 63 Road No. 17/A, Dhaka 1212, Bangladesh",+880 1321-126922,https://jatrabiroti.shop/,4.1,4109,"{'name': 'Abdullah Al Atik', 'thumbnail': 'https://lh3.googleusercontent.com/a-/ALV-UjXYodRXLACpmHs3_F-rduaVlkCWg8UNpZ9bz8-UONSk9rbA9V4=s120-c-rp-mo-ba4-br100', 'link': 'https://www.google.com/maps/contrib/114346563673547067217?hl=en-US', 'reviews': 27, 'photos': 148}",4,a month ago,"Jatra Biroti has an amazing cozy, artsy vibe with delicious food and friendly service. Sometimes there’s a bit of waiting time to get seated, but it’s totally worth it for the atmosphere and experience!",
Jatra Biroti,"House No, 63 Road No. 17/A, Dhaka 1212, Bangladesh",+880 1321-126922,https://jatrabiroti.shop/,4.1,4109,"{'name': 'Javed Hossain', 'thumbnail': 'https://lh3.googleusercontent.com/a-/ALV-UjXJVsi3BuwauIvk698dn5QDDwUIdjZgItqZVik54_uPDGDEVGqVdg=s120-c-rp-mo-ba3-br100', 'link': 'https://www.google.com/maps/contrib/100901637325995878630?hl=en-US', 'reviews': 32, 'photos': 64}",3,4 months ago,"The food is good for the vegetarians but overpriced.

I agree on the hygiene concerns like the other reviews. Using reusable cotton napkins is questionable and concerning in this post corona world.

However, if you are looking for a place to hangout and click pictures then it's quite appropriate for you.",
Jatra Biroti,"House No, 63 Road No. 17/A, Dhaka 1212, Bangladesh",+880 1321-126922,https://jatrabiroti.shop/,4.1,4109,"{'name': 'Majisha Jahan Disha', 'thumbnail': 'https://lh3.googleusercontent.com/a/ACg8ocIf34QbLkyRqlID2HqZPk0M2zFridGODSD5wmF8fGTaLI1rNQ=s120-c-rp-mo-ba5-br100', 'link': 'https://www.google.com/maps/contrib/107283640994898880416?hl=en-US', 'reviews': 88, 'photos': 323}",3,3 months ago,"I tried their fuchka - average - high price
Their mango lassii is 5/5 .. perfect amount of sweetness and price is quite reasonable- 150

Their mushroom biriyani platter(includes vegetable kofta, raita, achar, lemon, onion) tastes 5/5 but costs 700ish which is quite a lot and seems like just one time worth eating due to cost.

But the whole place inside in very beautiful. You can visit all the floors and see various beautiful stuffs. Worth visiting atleast once.

The topmost floor seemed like a smoking and dating zonish. Due to heavy cigarette smoke I started having asthma issues. But as no other seat was available had to endure the yucky smell of a smoker couple.",
Jatra Biroti,"House No, 63 Road No. 17/A, Dhaka 1212, Bangladesh",+880 1321-126922,https://jatrabiroti.shop/,4.1,4109,"{'name': 'Ali Mir', 'thumbnail': 'https://lh3.googleusercontent.com/a-/ALV-UjWJuxkwCk4zzs3HJy7Fn-pKLxR2MYm5MB7YVKZ88Yk9KkTYj58oPA=s120-c-rp-mo-ba6-br100', 'link': 'https://www.google.com/maps/contrib/117621118677247774346?hl=en-US', 'reviews': 213, 'photos': 2011}",3,2 months ago,"Food was very good but service very poor. We had to ask for straws, napkins and other basic necessities. Getting food was long wait and some menu items not available.",
Xinxian Restaurant | Mirpur-10,"Plot-11 Road No. 8, Dhaka 1216, Bangladesh",+880 1755-636265,N/A,4,3386,"{'name': 'Ahsan Mahmood', 'thumbnail': 'https://lh3.googleusercontent.com/a-/ALV-UjWN4NZowtvtmawpL8GRIn-jrLlbfrJlrpp7MD8EhouyVMrlSgA=s120-c-rp-mo-ba5-br100', 'link': 'https://www.google.com/maps/contrib/107970736280323739566?hl=en-US', 'reviews': 148, 'photos': 344}",4,a month ago,"Been there with my family for lunch.
When we reached for lunch at 3:25pm, the security guard informed us the restaurant was closed for serving the lunch. Because they serve lunch from 12pm-3pm. And dinner 6pm-10pm.

However when I informed the guard we're 7/8 people, suddenly they approved us for dine-in!

The professionalism was not up to the mark. The food was good though. Typical family restaurant, not a trendy place for tiktok!",
Xinxian Restaurant | Mirpur-10,"Plot-11 Road No. 8, Dhaka 1216, Bangladesh",+880 1755-636265,N/A,4,3386,"{'name': 'Mashuk Arman', 'thumbnail': 'https://lh3.googleusercontent.com/a-/ALV-UjU2EItirrYmq8_ANqtSSkGCz-4fWvMl-XphY0MZKYEOJSyggfsogA=s120-c-rp-mo-ba5-br100', 'link': 'https://www.google.com/maps/contrib/111943281871140856554?hl=en-US', 'reviews': 169, 'photos': 1411}",4,Edited 3 months ago,"Xinxian is the restaurant of the chain group ""X"". They have many chinese restaurants across dhaka with similar names. Apart from these, Four Seasons restaurant and Zamzam party centre also belongs to them.
The food quality is good. I hope, they maintain a certain level of cleanliness in Kitchen. Food taste is good and always have  a decent taste. Also, you can have party with only paying the food price. Good option for economical programs.",
Xinxian Restaurant | Mirpur-10,"Plot-11 Road No. 8, Dhaka 1216, Bangladesh",+880 1755-636265,N/A,4,3386,"{'name': 'Rafi Zahedi', 'thumbnail': 'https://lh3.googleusercontent.com/a-/ALV-UjUGg1VOdulI1-A3VesFmhmMuLVaEF3w3byHvOEz6qOiH5M0SoSl=s120-c-rp-mo-ba5-br100', 'link': 'https://www.google.com/maps/contrib/108852414025159875137?hl=en-US', 'reviews': 121, 'photos': 259}",4,10 months ago,"Okay after seeing a lot of reviews on Google Maps., i decided to go there and have dinner with my family there.
They have vey nice and cozy environment there. Feeling will be fresh which is must go with Restaurant name.
Food is very good, tasty and yammy. I will recommend there food, Environment and clean toilet. Also plenty option of payment.
Now come to the downside off this Restaurant.

- Service is very Very Very BAD. Especially there waiters. If you are not want to pay 6-8k for you meal there, they will think you as begger and treat you like that. Which i feel and Experienced there. Very disappointed. As you have to pay 10% of your total bill, it is disgusted to me for there behaviour. Waiter is not polite and dont know about THERE menu fully. Suggested me some very bad food menu to try.

- they should change there cutlery. It is very old and out dated.

- food quantity is very very low. They told me all food item is 1:3 but when i they serve me, i feel thats not for 3 person but for 2 person and 1 is child. You can see that is my photo.

- and the last, they are good, nice food, atmosphere is excellent. But i will recommended to order via food panda.

ভাই, কেউ এখানে খাইতে চাইলে, ফুড পান্ডায় অর্ডার দিয়ে খাইয়েন। এখানে বসার থেকে ফুড পান্ডায় সস্তা আর ভালো হবে, আমার রেকোমেন্ডেড।",
Xinxian Restaurant | Mirpur-10,"Plot-11 Road No. 8, Dhaka 1216, Bangladesh",+880 1755-636265,N/A,4,3386,"{'name': 'Kazi Nabil', 'thumbnail': 'https://lh3.googleusercontent.com/a-/ALV-UjU-LX15rfhYtjW659w282qPwXvqh-4lnzFOiFkptbM1ZPn-hiQgXw=s120-c-rp-mo-br100', 'link': 'https://www.google.com/maps/contrib/111512775799521448733?hl=en-US', 'reviews': 2, 'photos': 4}",5,4 months ago,"Ordered Szechuan soup and American chop suey. Both were great. The portion sizes were good too, especially the chop suey. Would recommend both dishes, especially the Szechuan soup.",
Xinxian Restaurant | Mirpur-10,"Plot-11 Road No. 8, Dhaka 1216, Bangladesh",+880 1755-636265,N/A,4,3386,"{'name': 'Hafiz ullah', 'thumbnail': 'https://lh3.googleusercontent.com/a/ACg8ocJUaMFR2lI-YYLzlaS_sdxGkyqv3aGRERtql4bRDiM1l78xU2ZK=s120-c-rp-mo-ba5-br100', 'link': 'https://www.google.com/maps/contrib/111136079987047114761?hl=en-US', 'reviews': 106, 'photos': 553}",5,9 months ago,The taste of food was good. The price is a bit higher. Staff are friendly.they have a small space for Indoor kids playground. Highly recommended.,
Xinxian Restaurant | Mirpur-10,"Plot-11 Road No. 8, Dhaka 1216, Bangladesh",+880 1755-636265,N/A,4,3386,"{'name': 'Rubi Manjuman Mou', 'thumbnail': 'https://lh3.googleusercontent.com/a-/ALV-UjXMF_ZK5E93ifAokmDTAGwno3a4mhTeoytQnodfkGWlo7KmfJXK=s120-c-rp-mo-ba4-br100', 'link': 'https://www.google.com/maps/contrib/114858185053597113051?hl=en-US', 'reviews': 37, 'photos': 204}",5,Edited a year ago,"Our family recently had a wonderful dinner at Xinxian Chinese Restaurant in Dhaka. The restaurant's atmosphere was pleasant, and the service was outstanding. Upon arrival, we were greeted with refreshing welcome drinks. Our meal began with tasty soup and crispy fish fingers, setting a positive tone for the evening.

For the main course, we ordered a variety of dishes, including rice, beef sizzling, chicken, and vegetables. Each dish was flavorful and left a lasting impression. The culinary experience was enjoyable, and the chefs showcased their skills.

Even though the prices were a bit high, the excellent service and delicious food at Xinxian Chinese Restaurant make it a great option for a special family dinner. If you're okay with the higher cost, the overall experience is delightful. Our family enjoyed our time at Xinxian, and we'd suggest it to anyone seeking quality Chinese cuisine in Dhaka.

Additionally, there's a playground for children at Xinxian Chinese Restaurant.",
Xinxian Restaurant | Mirpur-10,"Plot-11 Road No. 8, Dhaka 1216, Bangladesh",+880 1755-636265,N/A,4,3386,"{'name': 'M Mamun Rahman', 'thumbnail': 'https://lh3.googleusercontent.com/a-/ALV-UjVcaPwoYjcNdVcOIC9dNoi4VDMhcqKYYKoFHIwX_F8LYkKw5nFK=s120-c-rp-mo-ba4-br100', 'link': 'https://www.google.com/maps/contrib/104097730609092995479?hl=en-US', 'reviews': 64, 'photos': 167}",4,a year ago,"During my stay in BD, I tried three different Chinese restaurants and Xinxian by far is the best one. Food quality still good as before but quantity is not as expected. Service is okay, but they should improve total atmosphere of the restaurant…",
Xinxian Restaurant | Mirpur-10,"Plot-11 Road No. 8, Dhaka 1216, Bangladesh",+880 1755-636265,N/A,4,3386,"{'name': 'Ian Paulson', 'thumbnail': 'https://lh3.googleusercontent.com/a-/ALV-UjU0uuosT3M4utHzeLxjAC2eKFtY3UaaMaIYez_osAg5B3oBrXlC=s120-c-rp-mo-ba7-br100', 'link': 'https://www.google.com/maps/contrib/106405724421186572373?hl=en-US', 'reviews': 106, 'photos': 9180}",5,Edited 4 years ago,Been going to this place for years. The taste has always been consistent. One of the best family restaurant in the whole country for sure. This is not just a restaurant. It's a place of my family tradition and nostalgia. Their signature chicken cashew nuts solid is one of the best in town. Their Thai soap and wanton combination has always been our signature family appetizer. i owe this place my childhood. Just had lunch here today and we enjoyed our meal very much. Thank you xinxian!,
Kampai Dhaka,"Sanmar Towner, 2 Rd 35, Dhaka 1212, Bangladesh",+880 1756-321935,N/A,4.6,11,"{'name': 'Faysal Ahammed Hemal', 'thumbnail': 'https://lh3.googleusercontent.com/a-/ALV-UjUWgxsFl9LXm4J0TMLsfIZ9bWD1Q3-cCbIOd6eZY3EHK7XJBFcT2w=s120-c-rp-mo-ba6-br100', 'link': 'https://www.google.com/maps/contrib/100926232345135394591?hl=en-US', 'reviews': 483, 'photos': 4124}",5,3 months ago,"I recently visited Kampai Dhaka with my colleagues, and we had a wonderful experience. The food and service were both excellent, and the seating arrangement was well-organized and aesthetically pleasing. Their live kitchen added a special touch, allowing us to enjoy the cooking experience right in front of us.

For those who are not used to Japanese cuisine, the taste may feel a bit different at first perhaps because it’s the authentic Japanese flavor, which is naturally distinct from our usual palate. Overall, it was a delightful dining experience, and I would definitely recommend it to anyone looking to explore quality Japanese food in Dhaka.",
Kampai Dhaka,"Sanmar Towner, 2 Rd 35, Dhaka 1212, Bangladesh",+880 1756-321935,N/A,4.6,11,"{'name': 'Raymund Go', 'thumbnail': 'https://lh3.googleusercontent.com/a-/ALV-UjWhdfDpr-FcY4ajeFxFw-fOwEyWCHvB31C2hh4VBsDxToHE09t6=s120-c-rp-mo-ba4-br100', 'link': 'https://www.google.com/maps/contrib/104340377871369720342?hl=en-US', 'reviews': 15, 'photos': 345}",5,a year ago,"OmG, and i thought i have already covered all the good restaurants in Dhaka.",
Kampai Dhaka,"Sanmar Towner, 2 Rd 35, Dhaka 1212, Bangladesh",+880 1756-321935,N/A,4.6,11,"{'name': 'Nusrat Jahan', 'thumbnail': 'https://lh3.googleusercontent.com/a-/ALV-UjW0LKEFNVGUyZcEwKX1KPc5Is-QDn7tfLVk-t4EWXBGajhG-Co=s120-c-rp-mo-ba3-br100', 'link': 'https://www.google.com/maps/contrib/100352554175154038167?hl=en-US', 'reviews': 11, 'photos': 64}",4,a year ago,,
Kampai Dhaka,"Sanmar Towner, 2 Rd 35, Dhaka 1212, Bangladesh",+880 1756-321935,N/A,4.6,11,"{'name': 'Laboni', 'thumbnail': 'https://lh3.googleusercontent.com/a-/ALV-UjWd_M_vZo1cbOG8WueK7oNu-cGtnlctJvsp3rk0N8yoOIrQtCqSCg=s120-c-rp-mo-ba3-br100', 'link': 'https://www.google.com/maps/contrib/113201907514641496134?hl=en-US', 'reviews': 0, 'photos': 0}",5,2 months ago,,
Kampai Dhaka,"Sanmar Towner, 2 Rd 35, Dhaka 1212, Bangladesh",+880 1756-321935,N/A,4.6,11,"{'name': 'KENT GAN', 'thumbnail': 'https://lh3.googleusercontent.com/a/ACg8ocLZs_mfxyHsYMa14DtfuGzrFGgbziM-fBaWsZFwLOstcRH3FQ=s120-c-rp-mo-ba4-br100', 'link': 'https://www.google.com/maps/contrib/106684557487883629473?hl=en-US', 'reviews': 1, 'photos': 234}",5,6 months ago,,
Kampai Dhaka,"Sanmar Towner, 2 Rd 35, Dhaka 1212, Bangladesh",+880 1756-321935,N/A,4.6,11,"{'name': 'Shefali Khatun', 'thumbnail': 'https://lh3.googleusercontent.com/a-/ALV-UjXomIT1tv1Ey1qIlLmyRCVF1Ve-fa8zbSQO9zDMbKTF6jXl32dX=s120-c-rp-mo-br100', 'link': 'https://www.google.com/maps/contrib/115087626409156212340?hl=en-US', 'reviews': 0, 'photos': 0}",5,a year ago,,
Kampai Dhaka,"Sanmar Towner, 2 Rd 35, Dhaka 1212, Bangladesh",+880 1756-321935,N/A,4.6,11,"{'name': 'Asif CHOWDHURY', 'thumbnail': 'https://lh3.googleusercontent.com/a-/ALV-UjWpdSieqfL2zCRtwaAZ0buMshlFD8hED-0MUh0YElNSGITVzSNwLA=s120-c-rp-mo-ba3-br100', 'link': 'https://www.google.com/maps/contrib/117270319182130865779?hl=en-US', 'reviews': 38, 'photos': 22}",4,a year ago,,
Kampai Dhaka,"Sanmar Towner, 2 Rd 35, Dhaka 1212, Bangladesh",+880 1756-321935,N/A,4.6,11,"{'name': 'Arnab Sarwar', 'thumbnail': 'https://lh3.googleusercontent.com/a-/ALV-UjX5f6Iv-nXcwUO-oTYYwSmRidTVlPeg-V7MqM515PERa9ZrxLGB=s120-c-rp-mo-br100', 'link': 'https://www.google.com/maps/contrib/104733124026037477750?hl=en-US', 'reviews': 1, 'photos': 10}",5,2 weeks ago,,
Sushi Samurai,"House-100 Rd No. 11, Dhaka 1213, Bangladesh",+880 1788-666662,http://www.sushisamuraibd.co/,4.1,990,"{'name': 'TASNEEM JAHANGIR', 'thumbnail': 'https://lh3.googleusercontent.com/a-/ALV-UjUAtddeRYCH8W9etjNDml5MIAzFqWo_Cwr5JGSOYLSl1MoCf1QfBA=s120-c-rp-mo-ba4-br100', 'link': 'https://www.google.com/maps/contrib/108717923291505595515?hl=en-US', 'reviews': 37, 'photos': 67}",5,a week ago,Food quality is good. Ambience is quiet and clam.,
Sushi Samurai,"House-100 Rd No. 11, Dhaka 1213, Bangladesh",+880 1788-666662,http://www.sushisamuraibd.co/,4.1,990,"{'name': 'khadiza Fyruz', 'thumbnail': 'https://lh3.googleusercontent.com/a-/ALV-UjWkqi7Gpq78V_kUGfuB5JHs3BTOx7njr5YUcvO3SYeKKmH2mOg=s120-c-rp-mo-ba5-br100', 'link': 'https://www.google.com/maps/contrib/100934017202292066604?hl=en-US', 'reviews': 130, 'photos': 581}",5,a year ago,"A premium experience in banani, Japanese thought that is so tasty I have eaten only in Malaysia, this restaurant comes in second in comparison to that.

No restaurant atmosphere was great too. The stuff was very polite. our needs were well taken care of. vegetate there two times each time they satisfied us with their service and food. but I have to say, this is a bit overpriced then that of any other place, but the phone is really worth the price.
would likely to visit there many times more in future.",
Sushi Samurai,"House-100 Rd No. 11, Dhaka 1213, Bangladesh",+880 1788-666662,http://www.sushisamuraibd.co/,4.1,990,"{'name': 'M K Junayed Parves', 'thumbnail': 'https://lh3.googleusercontent.com/a-/ALV-UjX_ElIM2YAAc263xj73XnWZiIMWD475mNXHAiuB8o1gh9C4XoSYRA=s120-c-rp-mo-ba3-br100', 'link': 'https://www.google.com/maps/contrib/117636797653607248135?hl=en-US', 'reviews': 33, 'photos': 97}",4,6 months ago,Good place with quality food. If you have a craving for sushi it is a much more visited place.,
Sushi Samurai,"House-100 Rd No. 11, Dhaka 1213, Bangladesh",+880 1788-666662,http://www.sushisamuraibd.co/,4.1,990,"{'name': 'Farha Tabassum', 'thumbnail': 'https://lh3.googleusercontent.com/a-/ALV-UjUIABTqEGiR-udK6GcCzfx1QwzGkhYnjV9hbNW350rZdX5OZT9Vhw=s120-c-rp-mo-ba6-br100', 'link': 'https://www.google.com/maps/contrib/115298591084470457550?hl=en-US', 'reviews': 85, 'photos': 1972}",5,2 years ago,"I recently dined at Sushi Samurai and had a fantastic experience. The food was delicious, offering a wide variety of authentic Japanese dishes. The atmosphere was inviting and had a pleasant ambiance. The staff's behavior was excellent, providing attentive and friendly service throughout my meal. Overall, Sushi Samurai is a great choice for anyone looking to enjoy top-notch Japanese cuisine in a welcoming setting.",
Sushi Samurai,"House-100 Rd No. 11, Dhaka 1213, Bangladesh",+880 1788-666662,http://www.sushisamuraibd.co/,4.1,990,"{'name': 'Nayna Jahan', 'thumbnail': 'https://lh3.googleusercontent.com/a-/ALV-UjVpz0U_qfqHvqWRTCNhWg6xU2SEXvDI1ulsHVEzitVWHtuAspCg=s120-c-rp-mo-ba4-br100', 'link': 'https://www.google.com/maps/contrib/104388502989213484703?hl=en-US', 'reviews': 72, 'photos': 174}",5,2 years ago,"In my opinion it’s the best place for sushi in Dhaka. They have some of the classic items of sushi, chicken, beef and noodles. We tried the volcano rolls, orange chicken and bulgogi chicken dishes. I must say the overall interior and the ambience of the restaurant is very nice. The service and the staff are also top notch. I know for a fact that the salted caramel cake is the best dessert in there, but sadly they didn’t have it then. Can’t wait to visit again.",
Sushi Samurai,"House-100 Rd No. 11, Dhaka 1213, Bangladesh",+880 1788-666662,http://www.sushisamuraibd.co/,4.1,990,"{'name': 'Shahanaz Sharmin', 'thumbnail': 'https://lh3.googleusercontent.com/a-/ALV-UjU4r8mxLfyucgxh-69myLs3Rs9d6J613ucjc_aMwqFIAiHuR5z-=s120-c-rp-mo-ba4-br100', 'link': 'https://www.google.com/maps/contrib/110577955196654520934?hl=en-US', 'reviews': 33, 'photos': 15}",4,3 months ago,"The food is good. Although a bit overpriced. But they have different kindof flavors. And the interior is good. However, there are a lot of mosquitoes there. And you have to pay extra to sit in a better seat. So, that's a down for me.",
Sushi Samurai,"House-100 Rd No. 11, Dhaka 1213, Bangladesh",+880 1788-666662,http://www.sushisamuraibd.co/,4.1,990,"{'name': 'Riasat J.', 'thumbnail': 'https://lh3.googleusercontent.com/a/ACg8ocI8JwbEiwjFcDi9wKMVbXlGa8j_W5pdwFurtH4u54EysnN_MN8=s120-c-rp-mo-ba4-br100', 'link': 'https://www.google.com/maps/contrib/104779012048482736724?hl=en-US', 'reviews': 84, 'photos': 171}",4,Edited 5 years ago,"Food is amazing. Chairs are not that comfy and decoration looks kinda bad. Lights are not placed properly for good pictures and many lights were flickering.

Staff behavior is good. In the end, food quality triumphs all I guess. Rather on the expensive side.

They have introduced Chinese menu but didn't try it out yet.",
Sushi Samurai,"House-100 Rd No. 11, Dhaka 1213, Bangladesh",+880 1788-666662,http://www.sushisamuraibd.co/,4.1,990,"{'name': 'Saad Kazi Rezwan Abedin', 'thumbnail': 'https://lh3.googleusercontent.com/a-/ALV-UjU3hJNnLvR2ghK_aa7VfHgjaWdQEdxq0HH_RUsX90sKxUpE4qmyNg=s120-c-rp-mo-ba6-br100', 'link': 'https://www.google.com/maps/contrib/107237582487580625902?hl=en-US', 'reviews': 218, 'photos': 1909}",4,6 years ago,"A good place to have Japanese, Chinese or rather Asian food in this restaurant. Situated in a prime location of Banani road 11 where hundreds of other restaurants are located. There is always a competition among these restaurants to maintain the quality of food to keep customers happy. We enjoyed varieties of Japanese food and they were good. The quantity is a bit small but quality is good. The ambiance of the restaurant is good but we found there were too many chairs and tables and made the place a bit crowded. Probably many people come for lunch or dinner. They have lots of waiting staff as well and they are friendly and helpful. Prices of food are on the mid range.",
Shawarma King ~ Banasree,"Road No. 1, Dhaka 1219, Bangladesh",+880 1616-441618,https://www.facebook.com/Shawarma-King-Banasree-537077629793174/,4,1766,"{'name': 'Faija Alee', 'thumbnail': 'https://lh3.googleusercontent.com/a-/ALV-UjUwilQM51LyChkorLSoLLVHOCNBMQ1LPZRD5vym2nxpn2LALNT8=s120-c-rp-mo-ba4-br100', 'link': 'https://www.google.com/maps/contrib/112214919209381237558?hl=en-US', 'reviews': 48, 'photos': 338}",4,10 months ago,"Nice decor, quiet place..You can enjoy your time while relaxing..Fast service pizza 🍕 was good 👍",
Shawarma King ~ Banasree,"Road No. 1, Dhaka 1219, Bangladesh",+880 1616-441618,https://www.facebook.com/Shawarma-King-Banasree-537077629793174/,4,1766,"{'name': 'Saidur Rahman Sajal', 'thumbnail': 'https://lh3.googleusercontent.com/a-/ALV-UjWJ9gnOrPXmVkpn43tCY3H9wv4OAMFXhZP6S8HfxEF3PMD8_1LhrA=s120-c-rp-mo-ba5-br100', 'link': 'https://www.google.com/maps/contrib/102733394722375258504?hl=en-US', 'reviews': 77, 'photos': 720}",4,3 years ago,Nice place to grab a bite around banasree area. They have a wide and specious well decorated restaurant. Good for family and friends outings and dinners. Prices are reasonable. Staffs are well behaved and service is good. Accepts both cash and cards. No parking though. Has take out option. Available on Foodpanda.,
Shawarma King ~ Banasree,"Road No. 1, Dhaka 1219, Bangladesh",+880 1616-441618,https://www.facebook.com/Shawarma-King-Banasree-537077629793174/,4,1766,"{'name': 'Salahuddin M', 'thumbnail': 'https://lh3.googleusercontent.com/a/ACg8ocJiM4haUm9E8M0mhRXTBpWHr4khSGgX5NhysF28Yix6Vs6nlg=s120-c-rp-mo-ba5-br100', 'link': 'https://www.google.com/maps/contrib/104482318733795940000?hl=en-US', 'reviews': 228, 'photos': 788}",3,a year ago,"Assorted drinks and continental food available here. Prices are little bits higher than nearby similar restaurants. However well decorated and quality of food are acceptable. One annoying person always stay at entrance, who insisted all customers for tips.",
Shawarma King ~ Banasree,"Road No. 1, Dhaka 1219, Bangladesh",+880 1616-441618,https://www.facebook.com/Shawarma-King-Banasree-537077629793174/,4,1766,"{'name': 'Achuyat Saha Joy', 'thumbnail': 'https://lh3.googleusercontent.com/a-/ALV-UjWrfM_xyTEG5rcIsCl0kHdHnSDzTtiZv_XwAWIc6rHqjz8pYDk=s120-c-rp-mo-ba4-br100', 'link': 'https://www.google.com/maps/contrib/114510222060017658646?hl=en-US', 'reviews': 56, 'photos': 176}",5,Edited 2 years ago,"I like their oven baked pastas. Feels good to eat every time I go there. My favourite is pasta-basta. Bbq chicken pasta is also good.

One of my friends said that their other foods are good too. Didn't try though.

They give a little welcome drink now which tastes good. They have membership cards for discount and they have a little playzone. They have some branches in Dhaka. I have given photos of the menu.",
Shawarma King ~ Banasree,"Road No. 1, Dhaka 1219, Bangladesh",+880 1616-441618,https://www.facebook.com/Shawarma-King-Banasree-537077629793174/,4,1766,"{'name': 'Advanced Irad', 'thumbnail': 'https://lh3.googleusercontent.com/a-/ALV-UjW9zgfG6YUVv8zdUndU4d0ltwA0iXhPydrIuzZOLA3e7DTlhL_E=s120-c-rp-mo-ba5-br100', 'link': 'https://www.google.com/maps/contrib/110790007924643748567?hl=en-US', 'reviews': 84, 'photos': 515}",5,4 years ago,"Great place for spending qualify time with friends and family. Nice interior, Children's play zone, and excellent service . Restaurants situated near Banasree Farazi Hospital. Food taste with moderate price also awesome.",
Shawarma King ~ Banasree,"Road No. 1, Dhaka 1219, Bangladesh",+880 1616-441618,https://www.facebook.com/Shawarma-King-Banasree-537077629793174/,4,1766,"{'name': 'MD SAMUN SARKER', 'thumbnail': 'https://lh3.googleusercontent.com/a-/ALV-UjUUsUgTRD3w0yugZf_kEccCguf62EHupmIw0CH4Ry-RVLb786Ky=s120-c-rp-mo-ba6-br100', 'link': 'https://www.google.com/maps/contrib/107727228051625439594?hl=en-US', 'reviews': 390, 'photos': 2807}",4,5 years ago,"Good place to spend your time with family members and kids. There is a section for children. Sitting arrangements of different types. Big space with attractive decorations. Food is tasty, as usual. Chicken masala and fried rice, I liked most. But Kashew nut salad and beef sizzling are poor quality. Hot and crispy chicken should be less fried...",
Shawarma King ~ Banasree,"Road No. 1, Dhaka 1219, Bangladesh",+880 1616-441618,https://www.facebook.com/Shawarma-King-Banasree-537077629793174/,4,1766,"{'name': 'Nirzona Prodhan', 'thumbnail': 'https://lh3.googleusercontent.com/a-/ALV-UjXrJLxWCLImkRgKoZB1IeqbIyZl1kM520QHVLE7iWvqtSG5rIwR=s120-c-rp-mo-ba3-br100', 'link': 'https://www.google.com/maps/contrib/112659599156893551942?hl=en-US', 'reviews': 19, 'photos': 27}",5,3 years ago,"I have been visiting them since 2017. And their food, services and the atmosphere level are increasing day by day. I'm so happy to visit them. But one thing, I'm missing a lot of their ""Hydrabadi dam biriyani"" that was so delicious... I requested the owner to start the dish again and also bring some more platters ..Thank you 😊",
Shawarma King ~ Banasree,"Road No. 1, Dhaka 1219, Bangladesh",+880 1616-441618,https://www.facebook.com/Shawarma-King-Banasree-537077629793174/,4,1766,"{'name': 'Syed Mukut', 'thumbnail': 'https://lh3.googleusercontent.com/a-/ALV-UjVm_qxu2z-sIW482iegrV1KF_MF4X7-CXYlYZ1L3ozqWrzFgiY=s120-c-rp-mo-ba5-br100', 'link': 'https://www.google.com/maps/contrib/117455443068911009832?hl=en-US', 'reviews': 150, 'photos': 990}",4,4 years ago,"Congenial environment, you can spend your time with your friends, family or colleagues.
Interior is very good.
Food quality also good.",
Brio: Italian Restaurant,"2nd Floor, House 10 Rd 53, Dhaka 1212, Bangladesh",+880 1760-300642,https://briodhaka.com/,4.5,118,"{'name': 'Dewan Asif', 'thumbnail': 'https://lh3.googleusercontent.com/a-/ALV-UjWJ35niXA0Gsx1L8J5vyXQbydgsqfrYV4YsXAsceSoQ0T1AbD1uLA=s120-c-rp-mo-ba7-br100', 'link': 'https://www.google.com/maps/contrib/100094161477995738246?hl=en-US', 'reviews': 482, 'photos': 4020}",5,a month ago,"Brio in Gulshan is a wonderful Italian restaurant offering great authentic cuisines. Their wood-fired pizzas are a must-try — the Burrata & Beef Cheese Pizza had a crispy, thin dough with rich and flavorful toppings.

The Mushroom Soup was unique and very delicious with a deep earthy taste. Shrimp Carbonara Pasta was creamy, rich, and perfectly balanced in flavor. Chicken Milanese was fried to a golden crisp and paired well with fresh cherry tomatoes, making it light yet fulfilling.

The ambience is cool and gives a nice Italian dining feel. Service was good overall, though they had some difficulty arranging seats for 6 members at first. Still, the staff remained polite and helpful. A very good place for enjoying authentic Italian food in Gulshan. Recommended.",
Brio: Italian Restaurant,"2nd Floor, House 10 Rd 53, Dhaka 1212, Bangladesh",+880 1760-300642,https://briodhaka.com/,4.5,118,"{'name': 'Pasquale Alessandro Draicchio', 'thumbnail': 'https://lh3.googleusercontent.com/a-/ALV-UjVwyA4Mu9TuZTzk4vH5Jw1GbUH7o5NcOUBxq0IFlnYeN23xkPTs=s120-c-rp-mo-ba2-br100', 'link': 'https://www.google.com/maps/contrib/111667027069954649690?hl=en-US', 'reviews': 17, 'photos': 10}",5,3 weeks ago,"I am in Dhaka for work and, as we Italians know, we have a problem with food; unfortunately, we are too spoiled.
Looking for a place to have lunch on my day off, I came across this restaurant.
When I see pizza, I lose all sense of reason. Aware of the possible risk of being disappointed because the food might not be up to my expectations, I decide to try it anyway.
My colleague and I ordered a Margherita pizza as an appetizer to share.
I must say it was very good, with a light crust.
Then I continued with aglio, olio  e peperoncino seafood pasta, which was also very good, with the pasta cooked al dente, just the way we like it.
To finish, we had tiramisu and espresso. The tiramisu was good, but the cream was very thick. The coffee was excellent.

I was very surprised by this well-kept restaurant and the truly delicious and excellent food.

Gentlemen, I will definitely be back when I have the opportunity.",
Brio: Italian Restaurant,"2nd Floor, House 10 Rd 53, Dhaka 1212, Bangladesh",+880 1760-300642,https://briodhaka.com/,4.5,118,"{'name': 'Tanvir Ahassan', 'thumbnail': 'https://lh3.googleusercontent.com/a-/ALV-UjVuyDMI01qfLKLHaLBZublL1dQZYYUPJO2BBaWndKm-vRMxAUNdUg=s120-c-rp-mo-ba4-br100', 'link': 'https://www.google.com/maps/contrib/109097033585936686281?hl=en-US', 'reviews': 61, 'photos': 223}",4,3 months ago,"Tried their beef pizza and lasagna last night—flavors leaned toward authentic Italian, mild and less spicy than local pizza chains, which some may love, others not. Portions felt small for the price.

The dimly lit seating area was limited, with only one restroom, and no clear signage made it tricky to find.

However, their warm hospitality and welcoming service stood out and made the visit pleasant.",
Brio: Italian Restaurant,"2nd Floor, House 10 Rd 53, Dhaka 1212, Bangladesh",+880 1760-300642,https://briodhaka.com/,4.5,118,"{'name': 'Samia Atique', 'thumbnail': 'https://lh3.googleusercontent.com/a-/ALV-UjW7KueeOk895AY3Mvtu4BQ6UxuNBM1FQDfR36-OUAjAnL6bvDg=s120-c-rp-mo-ba4-br100', 'link': 'https://www.google.com/maps/contrib/116307281825171566591?hl=en-US', 'reviews': 69, 'photos': 144}",5,3 months ago,"Okay the pizzas wete TOO good. Highly recommend the Beef & Burrata pizza.
Love their Al dente pasta but not a fan of the sauce, its a little bland.

DONT order the grilled chicken salad. Its genuinely not worth it.

The panna cotta was delicious!!!",
Brio: Italian Restaurant,"2nd Floor, House 10 Rd 53, Dhaka 1212, Bangladesh",+880 1760-300642,https://briodhaka.com/,4.5,118,"{'name': 'Adnan Chowdhury', 'thumbnail': 'https://lh3.googleusercontent.com/a-/ALV-UjV0aL57fJRiC8kysRHdjwf1VFxdxuJu7k9KCYXt-TIgKyK1eZUN=s120-c-rp-mo-ba5-br100', 'link': 'https://www.google.com/maps/contrib/104125781187930441032?hl=en-US', 'reviews': 110, 'photos': 687}",4,6 months ago,"A group of us had dinner at Brio. Appetisers were calamari, roasted potatoes and sausage, tomato caprese, and main dishes were ago polio seafood, pasta bolognaise, and several varieties of pizza.

The food was very good. It was tasty and fresh. Service was excellent. I don’t remember the young man’s name but he did a commendable job.
Desserts were great too.

We would certainly recommend Brio.",
Brio: Italian Restaurant,"2nd Floor, House 10 Rd 53, Dhaka 1212, Bangladesh",+880 1760-300642,https://briodhaka.com/,4.5,118,"{'name': 'Rafia Ahnaf Parsa', 'thumbnail': 'https://lh3.googleusercontent.com/a-/ALV-UjVnouQvjSurh_17YetDCGKPEQ9M6LL58IkAwcZ1ynX99JZ9ocyGmQ=s120-c-rp-mo-ba4-br100', 'link': 'https://www.google.com/maps/contrib/112350290523233403473?hl=en-US', 'reviews': 43, 'photos': 88}",5,5 months ago,"The beef burrata pizza was amazing! If you like authentic pizza, you must visit this place. The tiramisu was delicious too. I took the truffle pasta as well. It was good but not something I’d order again.",
Brio: Italian Restaurant,"2nd Floor, House 10 Rd 53, Dhaka 1212, Bangladesh",+880 1760-300642,https://briodhaka.com/,4.5,118,"{'name': 'Zehra Ispahani', 'thumbnail': 'https://lh3.googleusercontent.com/a-/ALV-UjVIMArKLYd0cchxxPXyaPZIn1AiJaP6lo1BxzzIYB_KjrZ8CW5G6A=s120-c-rp-mo-ba4-br100', 'link': 'https://www.google.com/maps/contrib/116495855074246535999?hl=en-US', 'reviews': 74, 'photos': 216}",5,3 months ago,"Our first dine-in experience at Brio and it certainly won’t be our last. We ordered the calamari, mushroom soup, steak, chicken salad, burrata and beef pizza, crème brûlée , and the cannoli with a scoop of ice cream. DELICIOUS FOOD! Highly recommend a visit!",
Brio: Italian Restaurant,"2nd Floor, House 10 Rd 53, Dhaka 1212, Bangladesh",+880 1760-300642,https://briodhaka.com/,4.5,118,"{'name': 'Samara Meheruz', 'thumbnail': 'https://lh3.googleusercontent.com/a-/ALV-UjVVR0V1DIWuARQ9ELyz-eeG6BdCha0h3BQref4WPxVe7nVejyZegQ=s120-c-rp-mo-ba2-br100', 'link': 'https://www.google.com/maps/contrib/111332901580254756502?hl=en-US', 'reviews': 7, 'photos': 18}",1,5 months ago,"The food was absolutely terrible—I’d rate it a negative 1000 out of everything 🤮.
We ordered the Carnivaro pizza, Aglio Olio, Palepto Paprika, and mushroom soup, and not a single dish was even remotely tasty. This menu clearly doesn’t cater to Bangladeshi taste buds at all. Waste of money 😪",
Chilekotha Restaurant Banani,"House 16, Road 4, Block F. Banani Chairmanbari Moshjid Road. Beside Banani Police Station Dhaka, 6 Rd No 4, Dhaka 1213, Bangladesh",+880 1613-214169,N/A,3.7,1538,"{'name': 'Md Rokonuzzaman', 'thumbnail': 'https://lh3.googleusercontent.com/a-/ALV-UjUsdt8FQCng_7vLkKwB1-35uMskd03rJ6jllP7rYBsQVbydeMTf4w=s120-c-rp-mo-ba6-br100', 'link': 'https://www.google.com/maps/contrib/114617286918679378475?hl=en-US', 'reviews': 168, 'photos': 2168}",4,a year ago,"Very close to banani road 11 and this place is naturally very beautiful. It’s very rear to find a place like this which gives you a wow factor when you enter and you will feel like you are in a different place not like a traditional restaurant. They have both indoor and outdoor rooftop facilities. Usually food quality and kebabs are great but don’t know during my last visits place was overbooked which effects on their overall service and food quality. Still I believe by doing a proper meal management in kitchen they can improve.
No parking available
No kids play zone
Good for quick bite and kebabs
Price is reasonable compared with banani restaurants
Wheel chain is not accessible
No lift available
Good place for date and have a gossip with colleague and friends

Need to maintain and clear the place as much as possible. Please visit and you will like it if you like nature and green restaurant.",
Chilekotha Restaurant Banani,"House 16, Road 4, Block F. Banani Chairmanbari Moshjid Road. Beside Banani Police Station Dhaka, 6 Rd No 4, Dhaka 1213, Bangladesh",+880 1613-214169,N/A,3.7,1538,"{'name': 'Nusa Farha', 'thumbnail': 'https://lh3.googleusercontent.com/a-/ALV-UjUcL5r4jx2s1P7vudqAvbzz2IsNXoIWPvsADQnY_l1j5rer9jVx=s120-c-rp-mo-ba4-br100', 'link': 'https://www.google.com/maps/contrib/108425086981412342859?hl=en-US', 'reviews': 53, 'photos': 277}",5,Edited 2 years ago,"Very good place if you want Bangladeshi food. Great place to take elderly people for a dinner. The ambiance is soothing. Place is huge and have nice decorations. Price is also reasonable. They have offers in special occasions. Their menu had a wide variety to choose from and almost everything was available.
The server was really nice and generous. He was very welcoming as well. Will visit there again.",
Chilekotha Restaurant Banani,"House 16, Road 4, Block F. Banani Chairmanbari Moshjid Road. Beside Banani Police Station Dhaka, 6 Rd No 4, Dhaka 1213, Bangladesh",+880 1613-214169,N/A,3.7,1538,"{'name': 'Mizan Ahmed', 'thumbnail': 'https://lh3.googleusercontent.com/a-/ALV-UjWK0c1k030j9vz3GxYWuDgbBZmX722kQYqVvu9utzksFIyDh48=s120-c-rp-mo-ba3-br100', 'link': 'https://www.google.com/maps/contrib/110036667078118732652?hl=en-US', 'reviews': 1, 'photos': 0}",5,5 months ago,"A wonderful spot if you're craving authentic Bangladeshi cuisine. The restaurant has a spacious layout with elegant decorations and a calming ambiance—making it especially ideal for bringing elderly family members for a comfortable dinner outing.

The menu offers a wide range of options, and we were happy to find that almost everything we ordered was available. Prices are quite reasonable, and they also offer attractive deals during special occasions, which is a plus.

Service was another highlight—the staff, especially our server, was warm, courteous, and genuinely welcoming. Their hospitality definitely enhanced the overall experience.

Looking forward to visiting again soon!",
Chilekotha Restaurant Banani,"House 16, Road 4, Block F. Banani Chairmanbari Moshjid Road. Beside Banani Police Station Dhaka, 6 Rd No 4, Dhaka 1213, Bangladesh",+880 1613-214169,N/A,3.7,1538,"{'name': 'sadia sobhan', 'thumbnail': 'https://lh3.googleusercontent.com/a-/ALV-UjV_O60FmIjkZMlgQNgj4FrtO8qOkQTsaWNJ1SrfPonzFVQBwAVvPg=s120-c-rp-mo-ba6-br100', 'link': 'https://www.google.com/maps/contrib/102424605504031515434?hl=en-US', 'reviews': 488, 'photos': 3729}",3,Edited 2 months ago,Wonderful place with green plants and a classic vibe. Foods taste so good. I had a kebab platter. It was with varieties of kebab and naan and rice. Service is appreciable.,
Chilekotha Restaurant Banani,"House 16, Road 4, Block F. Banani Chairmanbari Moshjid Road. Beside Banani Police Station Dhaka, 6 Rd No 4, Dhaka 1213, Bangladesh",+880 1613-214169,N/A,3.7,1538,"{'name': 'Niloy Dewan', 'thumbnail': 'https://lh3.googleusercontent.com/a/ACg8ocL_v69DMuAc8HIHDEQqujlGx5JrxEiB52sWo1z9ubeRfGldt7c=s120-c-rp-mo-ba2-br100', 'link': 'https://www.google.com/maps/contrib/109078900865341066062?hl=en-US', 'reviews': 7, 'photos': 18}",1,a year ago,"absolute waste of money. we took their Iftaar Platter. food was served cold. not evenn mild warm. its absolute cold the plate wasnt even warm slightly.

on the menu it says motor polow(Pea) and we got polow with chicpeas (chola boot). you expect some smell from polao rice and there wasnt even any smell. rice was oily.

their tadoori chicken was burnt. burnt masala on tandoori tastes horrible.
chicken curry in fine.
hariali kabab below average.
spring rolls are soaked in oil very bad.
alu chop was fine.
orange drink
asked for sauce. and they gave us jolpai er achaar.

uncomfortable seats. and its very very old looking resturant. after entering their main gate there was foul smell. every decoration every corner every concrete was dusty. they had a little book sectection and it was falling apart and nobody cleaned it for like ages.
wont reccomend.",
Chilekotha Restaurant Banani,"House 16, Road 4, Block F. Banani Chairmanbari Moshjid Road. Beside Banani Police Station Dhaka, 6 Rd No 4, Dhaka 1213, Bangladesh",+880 1613-214169,N/A,3.7,1538,"{'name': 'Urmi Debnath', 'thumbnail': 'https://lh3.googleusercontent.com/a-/ALV-UjVXFFhac2IuFnQiveuvMYo9yuI3iipGF1yDTAok3QQoyafyqnTn=s120-c-rp-mo-ba4-br100', 'link': 'https://www.google.com/maps/contrib/105778243673810629633?hl=en-US', 'reviews': 92, 'photos': 257}",4,3 years ago,"In daylight, the entrance felt decieving. It felt quite rundown from the outside. But the interior is beautiful, giving beautiful pictures. The walls are green, the seating arrangement is comfortable and the food is great.

Ordered the chicken cashew nut salad and it was the best chicken cashew nut salad I ever ate. It was refreshing, crunchy and tasted very good.

There is card payment option. The service was a bit slow, but it added to the calming ambience. It was a great experience.",
Chilekotha Restaurant Banani,"House 16, Road 4, Block F. Banani Chairmanbari Moshjid Road. Beside Banani Police Station Dhaka, 6 Rd No 4, Dhaka 1213, Bangladesh",+880 1613-214169,N/A,3.7,1538,"{'name': 'MOON MONIRA', 'thumbnail': 'https://lh3.googleusercontent.com/a-/ALV-UjXkjo7f7tup-JPWTHpwZfMuuwmIA0g8y_R3ybuWcoqJ0Odx8bp-=s120-c-rp-mo-ba5-br100', 'link': 'https://www.google.com/maps/contrib/111126645528136633003?hl=en-US', 'reviews': 59, 'photos': 575}",1,a year ago,"One of the worst restaurants in Banani.Worst food one can possibly serve. Totally disgusting. Recently we have visited their restaurant and found it really worst place for eating.. Took 1hrz 20 minutes to prepare the food which was cold to the touch.

The chef has no idea about ""Kala Bhuna"".. It tasted disgusting.. I Don't  know where they got recipe to prepare "" Kala Bhuna"" with coriander leaf & black seed paste... Seriously!!!!!

& the washroom door are broken..while opening & closing the door, it creates loud noise.

Credit card payment was not accepted. Cash only!!!
After insisting they accepted the card..

I hope the authorities will pay attention to this.",
Chilekotha Restaurant Banani,"House 16, Road 4, Block F. Banani Chairmanbari Moshjid Road. Beside Banani Police Station Dhaka, 6 Rd No 4, Dhaka 1213, Bangladesh",+880 1613-214169,N/A,3.7,1538,"{'name': 'Mezbah Khan', 'thumbnail': 'https://lh3.googleusercontent.com/a-/ALV-UjXAKcK2M9FrHEMc3vcHjkv_zWxG3a-8rlsO8YsZxzE4FdEbXlzpTA=s120-c-rp-mo-ba4-br100', 'link': 'https://www.google.com/maps/contrib/100750459748761714163?hl=en-US', 'reviews': 65, 'photos': 349}",5,3 years ago,"The place has a great environment, good food and timed services. The waiters are well behaved, very polite and disciplined.

If you go with  a group of people, then make a reservation to save time. The food is really good here, but it takes a bit of time to serve.",
Time Square Food Court,"15/C, Time Square, 5 Ring Rd, Dhaka 1207, Bangladesh",N/A,N/A,4.4,96,"{'name': 'Endrani Halder', 'thumbnail': 'https://lh3.googleusercontent.com/a-/ALV-UjWj_5kzWiG5b8A1TFVpTWdR7MP1x5P5n385pvAY38PAK23slxyNkw=s120-c-rp-mo-ba5-br100', 'link': 'https://www.google.com/maps/contrib/115758519142403988138?hl=en-US', 'reviews': 69, 'photos': 899}",5,5 months ago,"“Time Square” is a food court located on Ring Road in Mohammadpur.
It’s small but very nicely organized. The place is beautifully decorated and has a lovely environment for taking photos.
Each food stall offers a unique and delicious taste. We really liked it. 🌿 Thank you.🌿",
Time Square Food Court,"15/C, Time Square, 5 Ring Rd, Dhaka 1207, Bangladesh",N/A,N/A,4.4,96,"{'name': 'Abdullah Al Rashed', 'thumbnail': 'https://lh3.googleusercontent.com/a-/ALV-UjX3Usje6fdbudpjhEpW5KaEW76TZoZEmmaN9a7F7jB38MthRhcKPA=s120-c-rp-mo-ba6-br100', 'link': 'https://www.google.com/maps/contrib/118250015563727551711?hl=en-US', 'reviews': 477, 'photos': 4976}",5,9 months ago,"'Time Square Food Court' is an incredibly cozy and inviting spot, perfect for a variety of dining experiences. The place features six distinct restaurants, offering a diverse range of cuisines to cater to different tastes. The seating arrangement is thoughtfully designed, providing a comfortable and pleasant atmosphere for guests.

Once you place your order, you’ll be given a buzzer, allowing you the freedom to relax while your food is being prepared. During this time, you can explore the space, take photos, or even enjoy some light-hearted fun at the toy stand, which adds a playful touch to the experience.

The food portions are generous and satisfying, ensuring you get great value for your meal. Whether you're planning a family dinner, catching up with friends, or enjoying a quiet, intimate date, Time Square Food Court is an excellent choice. The ambiance is warm, clean, and well-maintained, making it a delightful environment to unwind and enjoy good food and company.",
Time Square Food Court,"15/C, Time Square, 5 Ring Rd, Dhaka 1207, Bangladesh",N/A,N/A,4.4,96,"{'name': 'NJ Lily', 'thumbnail': 'https://lh3.googleusercontent.com/a-/ALV-UjXyMpheFXUKQwx2dQCQtfdw-4XnY-2Da-VD3KLI9Z9RSDb_-id0sg=s120-c-rp-mo-ba6-br100', 'link': 'https://www.google.com/maps/contrib/103705213590936923919?hl=en-US', 'reviews': 204, 'photos': 2490}",5,9 months ago,"Very cozy place. It has 6 different restaurant. The sitting arrangement is quite nice. After ordering they will give you a buzzer. While they prep the food you can wait and take pictures. Or play on the  toy stand. Foods good in portion. A good place for family dine, friends hangout or a cozy date. Atmosphere is nice and clean.",
Time Square Food Court,"15/C, Time Square, 5 Ring Rd, Dhaka 1207, Bangladesh",N/A,N/A,4.4,96,"{'name': 'Mashruba Hani', 'thumbnail': 'https://lh3.googleusercontent.com/a-/ALV-UjXppB6tXL_T3sdNYrUW07fkzQEbp4O2I9TNlAiG0Uo0EPqMULDedQ=s120-c-rp-mo-ba5-br100', 'link': 'https://www.google.com/maps/contrib/115103074181001144303?hl=en-US', 'reviews': 61, 'photos': 285}",4,5 months ago,"I didn't know about this place and bumped here quite accidentally, that too, about an hour before they would be closing. We took beef kebab and chicken kebab with porota from a restaurant at the corner. I forgot the name of the restaurant but they were very hospitable. The food was okay. The beef kebab was a bit spicy as per our tastebud but the chicken kebab was a bit bland. Overall the environment was good as we could finish some project work there while waiting for the food and nobody disturbed us.",
Time Square Food Court,"15/C, Time Square, 5 Ring Rd, Dhaka 1207, Bangladesh",N/A,N/A,4.4,96,"{'name': 'Ridwan Ratul', 'thumbnail': 'https://lh3.googleusercontent.com/a/ACg8ocJI0FTvy5OuaiqHXXqY7CwWpTMaXV0aQv7NLAEqtmUAap6hOw=s120-c-rp-mo-ba3-br100', 'link': 'https://www.google.com/maps/contrib/115562302462289412979?hl=en-US', 'reviews': 13, 'photos': 55}",4,8 months ago,"Visited last month and found the ambiance quite decent for a food court. The restaurants seem to be doing their best to maintain quality and service. Since this is currently the only food court in Shyamoli-Mohammadpur, it’s been attracting a lot of visitors since its opening.
Tried a mix of dishes from different spots. As a fan of Melting Pot’s octopus fry, I had to get it again—didn’t disappoint. Also ordered chow mein, nachos, and chicken katsu from other restaurants. The food quality was good overall, but the prices felt a bit higher compared to other food courts.",
Time Square Food Court,"15/C, Time Square, 5 Ring Rd, Dhaka 1207, Bangladesh",N/A,N/A,4.4,96,"{'name': 'Md. Rakibul Hasan', 'thumbnail': 'https://lh3.googleusercontent.com/a-/ALV-UjVW0fqle-jIV4Q8g-kylq0Sv0LVS1vvhDL8ei-XNmk_MgNaTCkP=s120-c-rp-mo-ba5-br100', 'link': 'https://www.google.com/maps/contrib/107533545540019082246?hl=en-US', 'reviews': 94, 'photos': 1035}",4,7 months ago,the place is a combination of 6 different lil resturants . you can order from anyone one and start enjoying the atmosphere . for the peoples of  sat masjid to shamoli its very near .  this whol building are setup by different different resturants . but their is no parking system i think . this place is not so good for kids .,
Time Square Food Court,"15/C, Time Square, 5 Ring Rd, Dhaka 1207, Bangladesh",N/A,N/A,4.4,96,"{'name': 'Nawmy Khandokar', 'thumbnail': 'https://lh3.googleusercontent.com/a-/ALV-UjWr6Go-vSmQHKt5hxBzt9wPXKtT5z5cHt9rnHj0YV9KuY3AOSbf=s120-c-rp-mo-ba4-br100', 'link': 'https://www.google.com/maps/contrib/111996032070315898303?hl=en-US', 'reviews': 28, 'photos': 167}",4,a month ago,"Good Experience,kind and friendly behavior..fully satisfied 😁😊",
Time Square Food Court,"15/C, Time Square, 5 Ring Rd, Dhaka 1207, Bangladesh",N/A,N/A,4.4,96,"{'name': 'Abdullah Al Nayeem', 'thumbnail': 'https://lh3.googleusercontent.com/a-/ALV-UjW7ePcWGcN6xZVKnMxQkXX_flEYIrB4TsPpCQjHynampCAdM34h=s120-c-rp-mo-ba4-br100', 'link': 'https://www.google.com/maps/contrib/108981584104906640420?hl=en-US', 'reviews': 55, 'photos': 35}",4,7 months ago,"Book a table before ordering, we ordered first and found out all of the tables that we wanted were booked (probably because of iftar time).
Food was average, some had too much salt, considering the high price range. Expected better.",
Lounge Comida,"House No.: 2, Road No. 22 & 23, Gulshan R/A, Dhaka 1212, Bangladesh",+880 1790-477220,N/A,4.4,520,"{'name': 'Dr. Mohammed Mejbahuddin Mia', 'thumbnail': 'https://lh3.googleusercontent.com/a-/ALV-UjXdiCr1dAFklMWZHBWOG4rqlFYfJucmruq7x0oSmHtwzKIHVq7JNw=s120-c-rp-mo-ba6-br100', 'link': 'https://www.google.com/maps/contrib/112563374648303571155?hl=en-US', 'reviews': 368, 'photos': 1167}",5,Edited 7 years ago,The ambience is cozy and comfortable along with well behaved and polite staff. I loved their steak and cream of mushroom soup. There is complimentary snacks with salsa to munch on when you wait for your order. It was a nice experience.,
Lounge Comida,"House No.: 2, Road No. 22 & 23, Gulshan R/A, Dhaka 1212, Bangladesh",+880 1790-477220,N/A,4.4,520,"{'name': 'mahabhi', 'thumbnail': 'https://lh3.googleusercontent.com/a-/ALV-UjWauQyxrSW2b-DGgXGco2WABme8CkFkU77qDkSfnBx0lyePtCf1=s120-c-rp-mo-ba4-br100', 'link': 'https://www.google.com/maps/contrib/105498043595718286367?hl=en-US', 'reviews': 84, 'photos': 550}",5,6 years ago,The place is very nice and the amount of food they provide is more than enough for one person. you wont regret going their. Their service is really good as well.,
Lounge Comida,"House No.: 2, Road No. 22 & 23, Gulshan R/A, Dhaka 1212, Bangladesh",+880 1790-477220,N/A,4.4,520,"{'name': 'Amirul Islam Lisan', 'thumbnail': 'https://lh3.googleusercontent.com/a-/ALV-UjWLVUi9KaIeXLhmQMODsExeyv0X2eVa1P7ILfjUEqq55CeipvK1xQ=s120-c-rp-mo-ba6-br100', 'link': 'https://www.google.com/maps/contrib/114421925051645348721?hl=en-US', 'reviews': 243, 'photos': 2578}",4,Edited 3 years ago,"1) Location of this restaurant is pretty hard to find (it's beside Bread and Beyond, inside Rafflesia)
2) The interior is nothing special, but a really big space to sit and walk around
3) food is expensive and less in quantity compared to the price
4) Taste is AMAZING! Everytime I am done with the meal, start craving for more 🥺",
Lounge Comida,"House No.: 2, Road No. 22 & 23, Gulshan R/A, Dhaka 1212, Bangladesh",+880 1790-477220,N/A,4.4,520,"{'name': 'Paul Life', 'thumbnail': 'https://lh3.googleusercontent.com/a-/ALV-UjWO19-Dn1K19Pc_KNFLrH-SK6bk-HztY2N20GW9e9ZNwB9j0XwA=s120-c-rp-mo-ba4-br100', 'link': 'https://www.google.com/maps/contrib/108132400910030783317?hl=en-US', 'reviews': 79, 'photos': 27}",5,6 years ago,Best Food Quality Ever!,
Lounge Comida,"House No.: 2, Road No. 22 & 23, Gulshan R/A, Dhaka 1212, Bangladesh",+880 1790-477220,N/A,4.4,520,"{'name': 'Sachin', 'thumbnail': 'https://lh3.googleusercontent.com/a/ACg8ocJXpq1Cagqc4Hp9fGw8Pi9kXmxo8P8AVdZWwhjJdIbl_4ykrQ=s120-c-rp-mo-br100', 'link': 'https://www.google.com/maps/contrib/114114894234026393791?hl=en-US', 'reviews': 3, 'photos': 0}",5,2 years ago,"Nice food can be found here. Pudding is tasty. Also, chicken is good. The service is good. Food is cheap. It's an unsung restaurant with really high standards for food with great quantity and taste. A must try if you like regular Indian, Continental, and Thai food.",
Lounge Comida,"House No.: 2, Road No. 22 & 23, Gulshan R/A, Dhaka 1212, Bangladesh",+880 1790-477220,N/A,4.4,520,"{'name': 'subeer bharadwaj', 'thumbnail': 'https://lh3.googleusercontent.com/a-/ALV-UjX9UlMOWUj6EjqpfManzBaGfJZxikSNnSrvK4fMJTJ9urSqe1k1=s120-c-rp-mo-ba2-br100', 'link': 'https://www.google.com/maps/contrib/104697647464204216797?hl=en-US', 'reviews': 7, 'photos': 0}",1,2 years ago,"Difficult to locate but incredibly different atmosphere once you are in the lounge.
Food is  decent though certain items are something you crave for.  The service and the easy approach of the team of waiters is worth a mention.  The lighting needs to be re-looked  at as a change is always welcome",
Lounge Comida,"House No.: 2, Road No. 22 & 23, Gulshan R/A, Dhaka 1212, Bangladesh",+880 1790-477220,N/A,4.4,520,"{'name': 'sneh panchal', 'thumbnail': 'https://lh3.googleusercontent.com/a/ACg8ocKekVSdB8kPUsEt90ize7I32GjbSpbhR24pVPKboZC9aT2uhqI=s120-c-rp-mo-br100', 'link': 'https://www.google.com/maps/contrib/112637156830263356359?hl=en-US', 'reviews': 11, 'photos': 0}",5,2 years ago,"Nice place for quality foods and time.
The ambience is cozy and comfortable along with well behaved and polite staff.
I cream of mushroom soup.
There is complimentary snacks with salsa to munch on when you wait for your order.
I fell in love with the place and the service and prices are outstanding
It was a nice experience.",
Lounge Comida,"House No.: 2, Road No. 22 & 23, Gulshan R/A, Dhaka 1212, Bangladesh",+880 1790-477220,N/A,4.4,520,"{'name': 'Isobel Atienza', 'thumbnail': 'https://lh3.googleusercontent.com/a/ACg8ocL_0j4EKnlSWuLopYa9y2RzXfZ-DB1068WPY-Hmy-YCq_ijLg=s120-c-rp-mo-ba3-br100', 'link': 'https://www.google.com/maps/contrib/104798847112725910407?hl=en-US', 'reviews': 24, 'photos': 29}",4,Edited 6 years ago,Pricey food but the decor is really impressive. Lounge also features up and coming bands from Bangladesh.,
Zaytun Restaurant,"Begum Rokeya Avenue, Opposite IDB Bhaban, Q9HJ+G3G, Inside Bangladesh Air Force Museum, Agargaon, Dhaka 1207, Bangladesh",+880 1922-119623,http://www.zaytunbd.com/,3.8,1381,"{'name': 'Rayhan da Ordinary', 'thumbnail': 'https://lh3.googleusercontent.com/a-/ALV-UjVTIxXKvtKhiut8urRbhGSJtP6SwTwapmqBMumfyYch7E0u60Ww=s120-c-rp-mo-ba6-br100', 'link': 'https://www.google.com/maps/contrib/112850203994913350608?hl=en-US', 'reviews': 234, 'photos': 1850}",3,a month ago,"Very average or basic restaurant in terms of food, services and atmosphere. Price is a bit higher than the regular.
Staff needs to be more professional. There are car parking available to park three cars. Apart from this, anyone can use the adjacent big parking.",
Zaytun Restaurant,"Begum Rokeya Avenue, Opposite IDB Bhaban, Q9HJ+G3G, Inside Bangladesh Air Force Museum, Agargaon, Dhaka 1207, Bangladesh",+880 1922-119623,http://www.zaytunbd.com/,3.8,1381,"{'name': 'Ahad Rahman', 'thumbnail': 'https://lh3.googleusercontent.com/a-/ALV-UjXx4vexSBUPaIM_ynmU2xj7p3mnTaDkMSkpFjt_9ZWs7kuiXZc=s120-c-rp-mo-ba6-br100', 'link': 'https://www.google.com/maps/contrib/110629082879854758087?hl=en-US', 'reviews': 323, 'photos': 2866}",3,2 years ago,"The location is very good, the food was not so good when we visited and the service was awful...that's in short...the interior is good but the serving/ catering team was completely naive...the parking area is specious and the rest rooms are averagely maintained. One good thing to add is it has a mosque in it's premises which is air conditioned and also allows female persons to pray...need to improve...",
Zaytun Restaurant,"Begum Rokeya Avenue, Opposite IDB Bhaban, Q9HJ+G3G, Inside Bangladesh Air Force Museum, Agargaon, Dhaka 1207, Bangladesh",+880 1922-119623,http://www.zaytunbd.com/,3.8,1381,"{'name': 'Atiq SHUVRO', 'thumbnail': 'https://lh3.googleusercontent.com/a/ACg8ocJgwKUD4T6uT4oeTBkL38l2cLD99yCE7CLuyfoE_6utQgiN2Ek=s120-c-rp-mo-ba5-br100', 'link': 'https://www.google.com/maps/contrib/115401838545092298516?hl=en-US', 'reviews': 82, 'photos': 500}",1,a year ago,"Located beside the metro rail station, Agargaon, with nice ambiance & worst services. We ordered BBQ chicken with nan & coleslaw for 5 parsons and we had to wait about an hour. It was very annoying as the waiter told us that it might take 15-20 minutes to prepare the food. The quality of the BBQ chicken was third class, not fresh & amount is small in comparison to price.
Stuffs were totally unprofessional.
Consumer rights protection authority should supervise their price & quality of foods.
Not recommended.",
Zaytun Restaurant,"Begum Rokeya Avenue, Opposite IDB Bhaban, Q9HJ+G3G, Inside Bangladesh Air Force Museum, Agargaon, Dhaka 1207, Bangladesh",+880 1922-119623,http://www.zaytunbd.com/,3.8,1381,"{'name': 'Muhtasim Intisar Farhan', 'thumbnail': 'https://lh3.googleusercontent.com/a/ACg8ocJUOxzzD-roamvJWzxUiTee7B1QJbcULtSyJlSKL4QLg-xkIg=s120-c-rp-mo-ba5-br100', 'link': 'https://www.google.com/maps/contrib/101630427923946171986?hl=en-US', 'reviews': 223, 'photos': 1541}",3,2 years ago,"This restaurant is located opposite to IDB Bhabhan
Environment was good
Ordered
Thai Soup
Wonthon
Set Menu
And a Fresh juice
Food quality not up to the mark
In set Menu the Chicken Fry was too hard
Maximum items from menu were unavailable",
Zaytun Restaurant,"Begum Rokeya Avenue, Opposite IDB Bhaban, Q9HJ+G3G, Inside Bangladesh Air Force Museum, Agargaon, Dhaka 1207, Bangladesh",+880 1922-119623,http://www.zaytunbd.com/,3.8,1381,"{'name': 'Asif Mojtoba Kabir', 'thumbnail': 'https://lh3.googleusercontent.com/a-/ALV-UjWEH2PHcn0e6p8WUTKL3i-1v0GrgraCElUp2OxQKecWXTNbP_FZ9A=s120-c-rp-mo-ba6-br100', 'link': 'https://www.google.com/maps/contrib/105090863013106181081?hl=en-US', 'reviews': 226, 'photos': 322}",4,7 years ago,"The placement  of this restaurant  couldn't  be any better. All is all, the food quality is so so. However,  the cost of the foods are comparatively high than usual.

Overall, If you have a bit of interest in planes and like to enjoy  sitting  on the green field under the beautiful  sky, then I would recommend  you to definitely  visit this place. Due to the military  extra security  system this place is free of  eve-teasers and other uncultured  cripple minded people; as you know the Bangladesh  Air Force museum is its neighbour.

Therefore, you would be able to enjoy your time quite well with your family-friends or beloved ones.

This is also a kid friendly  place.

Giving the 4 stars only for the high prices. Otherwise, it's a really cool place to hangout.",
Zaytun Restaurant,"Begum Rokeya Avenue, Opposite IDB Bhaban, Q9HJ+G3G, Inside Bangladesh Air Force Museum, Agargaon, Dhaka 1207, Bangladesh",+880 1922-119623,http://www.zaytunbd.com/,3.8,1381,"{'name': 'Shafkat Shishir (ICT SHISHIR SIR)', 'thumbnail': 'https://lh3.googleusercontent.com/a-/ALV-UjXMVRWEE5ZV5xx0sP2C_56tZx-EZoM3FH8DevRkGPNgqaqNntx9=s120-c-rp-mo-ba6-br100', 'link': 'https://www.google.com/maps/contrib/107318549006248989336?hl=en-US', 'reviews': 257, 'photos': 1439}",5,Edited 3 months ago,"Reciew updated : 2025
Worst Red chicken fry
Worst Fried rice.
So before order ask them if you can taste!!!

Review 2018 : An excellent Restaurent with great ambience.recomemnd others to visit here.",
Zaytun Restaurant,"Begum Rokeya Avenue, Opposite IDB Bhaban, Q9HJ+G3G, Inside Bangladesh Air Force Museum, Agargaon, Dhaka 1207, Bangladesh",+880 1922-119623,http://www.zaytunbd.com/,3.8,1381,"{'name': 'Samiul Alam (SamBoga)', 'thumbnail': 'https://lh3.googleusercontent.com/a-/ALV-UjVTDGktpGX75Xbl5lb_13abavefrKLwWKRE-UBK1I6jmW2NPMqI=s120-c-rp-mo-ba6-br100', 'link': 'https://www.google.com/maps/contrib/104910792384635600378?hl=en-US', 'reviews': 270, 'photos': 3149}",3,2 years ago,"Nothing Out of the Ordinary In terms of Everything, be it food or service.

Food is really expensive. Felt really generic. Understaffed.

Although I really gotta admit the space. It's a big one and well decorated.

This is the only food option near IDB.",
Zaytun Restaurant,"Begum Rokeya Avenue, Opposite IDB Bhaban, Q9HJ+G3G, Inside Bangladesh Air Force Museum, Agargaon, Dhaka 1207, Bangladesh",+880 1922-119623,http://www.zaytunbd.com/,3.8,1381,"{'name': 'Tawfiqur Ayon', 'thumbnail': 'https://lh3.googleusercontent.com/a-/ALV-UjWANOYuvGyh0HH9dKWc9U55lXquLILMNbvJF7tKAUabVh3pnfkz=s120-c-rp-mo-ba5-br100', 'link': 'https://www.google.com/maps/contrib/117121800872817081510?hl=en-US', 'reviews': 91, 'photos': 515}",5,2 years ago,"Food was good.
Specially for kabab.
Ambiance was nice.
Nice place for hangout.
Service was awesome.
Recommend to visit.
Have indoor & outdoor setting capacity.
Have own parking facility.",
Olea,"Le Méridien Dhaka 79/A Commercial Area Dhaka, 1229, Bangladesh",+880 1966-660042,https://www.marriott.com/hotels/hotel-information/restaurant/dacmd-le-meridien-dhaka/,4.3,88,"{'name': 'Nk Nuel', 'thumbnail': 'https://lh3.googleusercontent.com/a/ACg8ocIVkPVLDuSSZFNybdb6Vfe-ZN5KW7gFc7F8xHtPwjVjN6A4Eg=s120-c-rp-mo-br100', 'link': 'https://www.google.com/maps/contrib/109434305881776817700?hl=en-US', 'reviews': 2, 'photos': 3}",3,4 months ago,"The Chicken Kebab tasted moderately good,  The Lahmachun aka turkish pizza was really burnt and bitter tasting. Baklava was not bad either but was full of sugar syrup. The service was nice. Overall,  the food was not worth the price of 10k.",
Olea,"Le Méridien Dhaka 79/A Commercial Area Dhaka, 1229, Bangladesh",+880 1966-660042,https://www.marriott.com/hotels/hotel-information/restaurant/dacmd-le-meridien-dhaka/,4.3,88,"{'name': 'Mushfiq Rahman', 'thumbnail': 'https://lh3.googleusercontent.com/a-/ALV-UjWsN1uwUXLHQBSoASqvyRW5C-NgKn9eyUCW1clJEfAphheffXNT=s120-c-rp-mo-ba5-br100', 'link': 'https://www.google.com/maps/contrib/116712492157151071021?hl=en-US', 'reviews': 127, 'photos': 395}",3,4 months ago,"I wonder if 3500++ is really justified for club sandwich 😂 800 for Schweppes can be gulped ! I do get it it’s 5 star but way overpriced compared to other 5 stars.

But the rooftop experience and view is marvelous. If I am going back just for the experience. But yeah you need 20k+ for 4 for some appetizers!",
Olea,"Le Méridien Dhaka 79/A Commercial Area Dhaka, 1229, Bangladesh",+880 1966-660042,https://www.marriott.com/hotels/hotel-information/restaurant/dacmd-le-meridien-dhaka/,4.3,88,"{'name': 'Saddmun Ahsan', 'thumbnail': 'https://lh3.googleusercontent.com/a-/ALV-UjX56uisVOkKSHK7HG65r1JCP5Y22EDWttlYJbol4BxfRwoh1m51=s120-c-rp-mo-ba5-br100', 'link': 'https://www.google.com/maps/contrib/109773494497553800244?hl=en-US', 'reviews': 273, 'photos': 508}",5,2 years ago,"Upscale dining experience at the heart of Gulshan at Le Meridien.

Awesome spot. Went with a large group and the dining experience was fantastic, as to be expected. The service was amazing and the decor was also wonderful. Really felt like I was transported to Turkey! The restaurant also connects to the hotel two-story pool area so you are able to go out and walk the perimeters if you choose while your dinner is being prepared.

The food was great. Overall, really liked everything. Though my favorites were the chicken and lamb kebab. Wasn't the biggest fan of the fish and the baba ganoush and tomato didn't appeal to me as much (hummus was great). The tomato just honestly felt like tomato bortha (even that probably would have tasted better).

Overall, a nice experience that I would recommend once.",
Olea,"Le Méridien Dhaka 79/A Commercial Area Dhaka, 1229, Bangladesh",+880 1966-660042,https://www.marriott.com/hotels/hotel-information/restaurant/dacmd-le-meridien-dhaka/,4.3,88,"{'name': 'Ami Sharadin Khai', 'thumbnail': 'https://lh3.googleusercontent.com/a/ACg8ocKGegM3EsEYrAJCIPLZXTJlK9WDng1hgZPTEJRXRbr6GZ30Ac0=s120-c-rp-mo-ba5-br100', 'link': 'https://www.google.com/maps/contrib/102897725054581025658?hl=en-US', 'reviews': 241, 'photos': 921}",4,3 years ago,"A very beautifully decorated restaurant to make you feel comfortable while you enjoy the turkish cuisine they serve. Their assortment of appetisers taste amazing with bread. The meat dishes I will say were a bit bland, in my opinion more spice and salt were required. One of the kababs in the platter were dry and difficult to chew. The cheese meatballs were a fun little treat that you can also enjoy with the bread. This was surprisingly the one thing we enjoyed the most from the table. The baklava was alright in terms of texture and authenticity but perhaps I prefer it a tad less sweeter. Overall, the food experience wasn’t too bad nor too good. Will recommend the place though for it will at least be a unique experience!",
Olea,"Le Méridien Dhaka 79/A Commercial Area Dhaka, 1229, Bangladesh",+880 1966-660042,https://www.marriott.com/hotels/hotel-information/restaurant/dacmd-le-meridien-dhaka/,4.3,88,"{'name': 'Zubair Hossain Dip', 'thumbnail': 'https://lh3.googleusercontent.com/a-/ALV-UjUiZuGGsFeUvkK2gFI6M9vTUQls4qYm_JfSVTWgEhlNKZYKecNg4w=s120-c-rp-mo-ba4-br100', 'link': 'https://www.google.com/maps/contrib/113015985773262717555?hl=en-US', 'reviews': 75, 'photos': 270}",4,Edited 6 years ago,Very cozy and elegant ambience inside the restaurant. Also they have an open air poolside sitting arrangement. Regular menu are mainly Arabian styled. Although they offer different cuisines on festivals. Almost every dishes are for one person. But taste wise I can't say that it was my best experience of the flavour. I expected my taste buds to be entertained better. Average dishes are very pricy. Approximately in between 2.5-3.5 k BDT,
Olea,"Le Méridien Dhaka 79/A Commercial Area Dhaka, 1229, Bangladesh",+880 1966-660042,https://www.marriott.com/hotels/hotel-information/restaurant/dacmd-le-meridien-dhaka/,4.3,88,"{'name': 'Rashedul Alam (Rashed)', 'thumbnail': 'https://lh3.googleusercontent.com/a-/ALV-UjUxrazo05dcJwOFpTuhRJqnMbZzTERyoWVohOXiWybjDT5NovtlAA=s120-c-rp-mo-ba8-br100', 'link': 'https://www.google.com/maps/contrib/102716462782548828378?hl=en-US', 'reviews': 663, 'photos': 4867}",5,3 years ago,"We had dinner at this restaurant of La Meridian Hotel last night. We ate lamb legs, different types of kebabs, bread, rice, salads, and drinks.

The lamb legs and kebab tastes were awesome. The price of food seemed too high to me. But if you think of it as a five star hotel, that's fine.

I really like the interior design and view of this restaurant. There are two types of seating, indoor and outdoor.

Sitting by the side of the swimming pool and eating food feels different.

The staff of this restaurant is very good.",
Olea,"Le Méridien Dhaka 79/A Commercial Area Dhaka, 1229, Bangladesh",+880 1966-660042,https://www.marriott.com/hotels/hotel-information/restaurant/dacmd-le-meridien-dhaka/,4.3,88,"{'name': 'Ercan Karakaş', 'thumbnail': 'https://lh3.googleusercontent.com/a-/ALV-UjVnOX3yOrnvOuue3520m4LoFFdsxTd9YipDykW8FtEZDf8rrLxZ2w=s120-c-rp-mo-ba5-br100', 'link': 'https://www.google.com/maps/contrib/105160695914052105315?hl=en-US', 'reviews': 96, 'photos': 605}",5,3 years ago,Superb view and nice food. I’ve enjoyed new launched Turkish menu. Delicious and recommended. I tried Çökertme Kebap and Hummus. It’s a traditional Turkish food with touch of Asian style. Some more garlic and herbs. I liked it.,
Olea,"Le Méridien Dhaka 79/A Commercial Area Dhaka, 1229, Bangladesh",+880 1966-660042,https://www.marriott.com/hotels/hotel-information/restaurant/dacmd-le-meridien-dhaka/,4.3,88,"{'name': 'Jin Ju Kim', 'thumbnail': 'https://lh3.googleusercontent.com/a/ACg8ocJwlPiQ8-oGnsI1HxjRDebM6sB1zzkjAjj2oDsuyLsVOHorMw=s120-c-rp-mo-ba4-br100', 'link': 'https://www.google.com/maps/contrib/114019954479169522058?hl=en-US', 'reviews': 82, 'photos': 118}",4,8 months ago,"I wish I had taken a photo of the food. Since I had zero expectations for this restaurant, I didn’t take any pictures. I was also very careful when choosing my order because I was a bit doubtful about the food hygiene after reading previous reviews.

I ordered some cold mezze and a hot prawn appetizer. Guys, the hot prawn appetizer was the best I’ve ever had. I mean, why did the prawns taste so good? MUST-TRY!!

The staff member, Tanvir, helped me choose the cold mezze since I had been dealing with some stomach issues lately and was being extra cautious about the ingredients. He was incredibly knowledgeable and kind, assisting me so well. I ended up choosing a cold mezze made with poached eggs, and he even brought me small portions of two other mezze dishes on the house so I could try more. That was such a thoughtful gesture, and I was truly touched by his patience, kindness, and attentiveness.",
Bukhara Restaurant,"17th Floor, Iqbal Center, 42 Kemal Ataturk Ave, Dhaka 1213, Bangladesh",+880 2-58812411,http://www.bukharabd.com/,4.2,977,"{'name': 'Shahariar Sadat', 'thumbnail': 'https://lh3.googleusercontent.com/a-/ALV-UjXQS0erEajtkmC7vm62dWyS8YTIvgA7iC4rTvfa2AeQm8x7GV1l=s120-c-rp-mo-ba5-br100', 'link': 'https://www.google.com/maps/contrib/112816284777612430007?hl=en-US', 'reviews': 116, 'photos': 645}",5,6 years ago,"One of the best places to have Indian cuisine in Dhaka. At the 18th floor of Iqbal centre. Delicious food, nice decor and well mannered staff. The price is reasonable. Ideal place for dine out with friends and family. Also ideal for working dinners. The lift is spacious and you can enjoy the lit up Dhaka city. Parking may be an issue but they have good security guards to help you park. A must visit place.",
Bukhara Restaurant,"17th Floor, Iqbal Center, 42 Kemal Ataturk Ave, Dhaka 1213, Bangladesh",+880 2-58812411,http://www.bukharabd.com/,4.2,977,"{'name': 'Debashis Roy', 'thumbnail': 'https://lh3.googleusercontent.com/a-/ALV-UjUuUhJjMokNU6K0ClRM35Dl1xWLfx8M_4ajkAedpmD1HL3Gqo_qeg=s120-c-rp-mo-ba4-br100', 'link': 'https://www.google.com/maps/contrib/109680393431128860343?hl=en-US', 'reviews': 77, 'photos': 283}",4,6 years ago,"The restaurant located in a busy commercial building. The seating capacity is huge and well decorated. The restaurant is little old so the furniture and interior is little old fashion.
Food is testy but very expensive compare to other similar type restaurant. The Indian dishes are much recommended. I have ordered biriyani, tandoori chicken, chicken 65 and paneer item. The biriyani is good for 3 person but price is 800++, tandoori chicken is 700++ for 4 piece.
Additional 10% service charge increasing the price alot.",
Bukhara Restaurant,"17th Floor, Iqbal Center, 42 Kemal Ataturk Ave, Dhaka 1213, Bangladesh",+880 2-58812411,http://www.bukharabd.com/,4.2,977,"{'name': 'Atkia Maisha Islam', 'thumbnail': 'https://lh3.googleusercontent.com/a-/ALV-UjUK2Bn3fL6vZx8Brkx3Fxv00VQTFSllmjadm4zHELpzpM4cOTF4=s120-c-rp-mo-ba3-br100', 'link': 'https://www.google.com/maps/contrib/111111825274406933932?hl=en-US', 'reviews': 48, 'photos': 90}",5,4 months ago,"Bukhara is the oldest best Indian restaurant in Dhaka. Their food is amazing.
As starters we had , rumali papad, murgh malai kabab, mutton sheek kabab, prawn fry and fish finger from thai menu and THE CRISPY BEEF WAS SO SO GOOD! Its a must try

As mains we had paneer makhani, chicken masala (forgot the exact name) bukhara special dal it was dal makhani, mutton rogan josh, murgh biryani, naan and laccha paratha.

All of the items were so so good.
As dessert we had kulfi.",
Bukhara Restaurant,"17th Floor, Iqbal Center, 42 Kemal Ataturk Ave, Dhaka 1213, Bangladesh",+880 2-58812411,http://www.bukharabd.com/,4.2,977,"{'name': 'Taitania Katherine', 'thumbnail': 'https://lh3.googleusercontent.com/a/ACg8ocIY1WEDGJKD9p9Wm4JeKRasccCWWrK_Up6e2Ybtk04X1RX55Q=s120-c-rp-mo-br100', 'link': 'https://www.google.com/maps/contrib/100614391729996834977?hl=en-US', 'reviews': 1, 'photos': 0}",3,3 months ago,"The thing called ""Masala Bhelpuri"" is our so called ""Jhalmuri ( ঝালমুড়ি) "" ... 🙂

I also tried their other items. I liked their Lassi most (rating it 9 out of 10) ! Also their fish items are good. And the Kulfi (rating it 6 out of 10) is also yummy ♡ Their ""Mahi Tikka Ajwani"" is so yummyyy !! I'd rate it 10 out of 10 !!!! Their Papdi Chaat was so mouth watering 🤤 (rating 100 out of 10) ... And their ""Rumali Roti Masala Papad"" was also good (rating 7 out of 10) but you must finish it asap !!!

Summary:
Must try ➡️ Lassi , Mahi Tikka Ajwani (if u wanna try any fish item) and Papdi Chaat ofc !!!!

Please don't try their Masala Bhelpuri ( u can try if u wanna pay 780 tk for it🫩🙏 )",
Bukhara Restaurant,"17th Floor, Iqbal Center, 42 Kemal Ataturk Ave, Dhaka 1213, Bangladesh",+880 2-58812411,http://www.bukharabd.com/,4.2,977,"{'name': 'KHALEK KHAN', 'thumbnail': 'https://lh3.googleusercontent.com/a-/ALV-UjWE0GEYlETlOZdaPd0i6TOAFQ0I2kh5pDukugTij_9OmfhVFpyFdg=s120-c-rp-mo-ba4-br100', 'link': 'https://www.google.com/maps/contrib/113676686773953463070?hl=en-US', 'reviews': 27, 'photos': 148}",5,2 years ago,"Absolutely high class environment.
Great indian cuisine.
Very enjoyable.",
Bukhara Restaurant,"17th Floor, Iqbal Center, 42 Kemal Ataturk Ave, Dhaka 1213, Bangladesh",+880 2-58812411,http://www.bukharabd.com/,4.2,977,"{'name': 'Osman Sakib', 'thumbnail': 'https://lh3.googleusercontent.com/a-/ALV-UjX_siYu8LWN9SqiCQiLjuAFX5gSO_582xLurwdkgqWeloyTbDa5KQ=s120-c-rp-mo-ba5-br100', 'link': 'https://www.google.com/maps/contrib/112436162719858405774?hl=en-US', 'reviews': 118, 'photos': 394}",5,6 years ago,"Very tasty food. The real indian delicacy.
Wonderfull ambience.
The complimentary Panshot served after the food was awesome and exceptional.
Overall it’s too good..",
Bukhara Restaurant,"17th Floor, Iqbal Center, 42 Kemal Ataturk Ave, Dhaka 1213, Bangladesh",+880 2-58812411,http://www.bukharabd.com/,4.2,977,"{'name': 'Fariha Masud', 'thumbnail': 'https://lh3.googleusercontent.com/a-/ALV-UjVwsaWhYgQydagvQYe8oMfEzVHt72zsDLZWPE1980fIZQz1DZZY=s120-c-rp-mo-br100', 'link': 'https://www.google.com/maps/contrib/103227474701388902859?hl=en-US', 'reviews': 4, 'photos': 14}",4,3 years ago,Place was good.. food depends on your taste bud.. they have wide range of kebap items ..,
Bukhara Restaurant,"17th Floor, Iqbal Center, 42 Kemal Ataturk Ave, Dhaka 1213, Bangladesh",+880 2-58812411,http://www.bukharabd.com/,4.2,977,"{'name': 'shomail Ataher', 'thumbnail': 'https://lh3.googleusercontent.com/a-/ALV-UjUEl9TQ22198-tRe60zL1YKBlnIuImNrADptx2OIBPxRKz98_14gA=s120-c-rp-mo-ba6-br100', 'link': 'https://www.google.com/maps/contrib/118154151115750333639?hl=en-US', 'reviews': 637, 'photos': 2845}",2,6 years ago,visited this restaurant based on google review but it was bad experience there. Food is cery average. Lucknow restaurant is far better. Service quality is really bad! Not recommended!,
Sky Restaurant,"Babul Tower, Hotel Givenci, 76/A Kazi Nazrul Islam Avenue, 1215, Dhaka 1215, Bangladesh",+880 1678-663310,N/A,3.8,329,"{'name': 'Utsha Pk', 'thumbnail': 'https://lh3.googleusercontent.com/a-/ALV-UjWyi70kX_tksgA5X7goeHn9I0l8QL1l9QZHREfYD8t70hD5j2gT=s120-c-rp-mo-ba3-br100', 'link': 'https://www.google.com/maps/contrib/109902034873883357032?hl=en-US', 'reviews': 17, 'photos': 73}",4,2 months ago,The place is good for its view. It captures wide range of view from its rooftop. Food quality is good but need to wait long.,
Sky Restaurant,"Babul Tower, Hotel Givenci, 76/A Kazi Nazrul Islam Avenue, 1215, Dhaka 1215, Bangladesh",+880 1678-663310,N/A,3.8,329,"{'name': 'SHARIFUL ISLAM (Official)', 'thumbnail': 'https://lh3.googleusercontent.com/a-/ALV-UjUl1qK1r_7awMRYMmTxd0oRrX6PLrCes0EzyN6Ar8f10rEg4J9N=s120-c-rp-mo-ba4-br100', 'link': 'https://www.google.com/maps/contrib/100539287198094390516?hl=en-US', 'reviews': 40, 'photos': 79}",5,4 months ago,"Sky Restaurant offers a wonderful dining experience with delicious food, a relaxing ambiance, and great rooftop views. The staff is courteous and the service is prompt. Perfect place for family dinners or a romantic evening",
Sky Restaurant,"Babul Tower, Hotel Givenci, 76/A Kazi Nazrul Islam Avenue, 1215, Dhaka 1215, Bangladesh",+880 1678-663310,N/A,3.8,329,"{'name': 'Abir Mahmud', 'thumbnail': 'https://lh3.googleusercontent.com/a-/ALV-UjXkfxv05k4vrpHp_WySVLmgf_WbuwY1tQTMydGpTQgGpFQwPDbl=s120-c-rp-mo-ba3-br100', 'link': 'https://www.google.com/maps/contrib/109651476954068840720?hl=en-US', 'reviews': 22, 'photos': 67}",1,a month ago,"The only good thing about this restaurant is the atmosphere. Everything else is disappointing. The food is overpriced and doesn’t taste that great. We went at night — it wasn’t very crowded, which was nice — but honestly, the rooftop view is the only thing worth mentioning.",
Sky Restaurant,"Babul Tower, Hotel Givenci, 76/A Kazi Nazrul Islam Avenue, 1215, Dhaka 1215, Bangladesh",+880 1678-663310,N/A,3.8,329,"{'name': 'Lamiya Yeasmin', 'thumbnail': 'https://lh3.googleusercontent.com/a-/ALV-UjXgqp_26UBThbwb1a39K8rRQLt5S_f8lYYcDSmapRyZy5h5j6rz=s120-c-rp-mo-ba3-br100', 'link': 'https://www.google.com/maps/contrib/110544034026635814279?hl=en-US', 'reviews': 12, 'photos': 23}",4,a year ago,Recently I went to this restaurant to try out their viral student platter and it was totally worth it! The atmosphere is extremely good and the interior is very beautiful. On top of that the food quality was amazing as well. I didn't have much expectation from the student platter but I was wrong. All over the food was delicious and the service was satisfying as well. It becomes very crowded in the evening so finding a good spot is hard at that time. So if you want to get your favorite spot then make sure to go there early!,
Sky Restaurant,"Babul Tower, Hotel Givenci, 76/A Kazi Nazrul Islam Avenue, 1215, Dhaka 1215, Bangladesh",+880 1678-663310,N/A,3.8,329,"{'name': 'Fakrul Islam', 'thumbnail': 'https://lh3.googleusercontent.com/a-/ALV-UjUWz36DROFEvwv944HO3xf8wZRsYXFkNF2DqaoYeq_JtufspYygFQ=s120-c-rp-mo-ba6-br100', 'link': 'https://www.google.com/maps/contrib/109599463777352758430?hl=en-US', 'reviews': 172, 'photos': 2268}",5,Edited a year ago,"All the staffs of this restaurant are well decorated in a modern rural and natural environment.  Metrorail and elevated expressway can be seen from this restaurant with 3 floors on the roof of the 12-storey building in Dhaka's busiest Farmgate. The prices and food quality are good. They have a parking facility and a small kids zone.  There is a small photo session stage also. You can visit with friends & relatives, hope you like it.",
Sky Restaurant,"Babul Tower, Hotel Givenci, 76/A Kazi Nazrul Islam Avenue, 1215, Dhaka 1215, Bangladesh",+880 1678-663310,N/A,3.8,329,"{'name': 'Shahadat Hossen', 'thumbnail': 'https://lh3.googleusercontent.com/a-/ALV-UjXC8xu4ix54PuY1nfMUdn1lfjRA2Gaer39jsfYh47vHArqd_0OA=s120-c-rp-mo-ba4-br100', 'link': 'https://www.google.com/maps/contrib/108470962523771048141?hl=en-US', 'reviews': 33, 'photos': 137}",4,a year ago,"I had the pleasure of dining at Sky Restaurant on a Friday night and enjoyed the Chichu Platter. The flavors were delightful, and the nighttime view was absolutely stunning. However, we did have to wait a considerable amount of time for our meal. The two small elevators in the building caused some inconvenience, as we had to wait quite a while to get to the restaurant. On a positive note, the live music added a great touch to the evening, making the dining experience more enjoyable. Overall, it was a pleasant evening with attentive service and a wonderful atmosphere. I highly recommend this place for a unique dining experience in Dhaka.",
Sky Restaurant,"Babul Tower, Hotel Givenci, 76/A Kazi Nazrul Islam Avenue, 1215, Dhaka 1215, Bangladesh",+880 1678-663310,N/A,3.8,329,"{'name': 'Sajid Karim', 'thumbnail': 'https://lh3.googleusercontent.com/a/ACg8ocLSFp0Cc2Zrp3nlyo5pjzU96_kcUJXsnnUXaxNS7xQHkd7KD_o=s120-c-rp-mo-ba7-br100', 'link': 'https://www.google.com/maps/contrib/108143945502789006076?hl=en-US', 'reviews': 464, 'photos': 4011}",4,3 years ago,"Considering the price, the food was good. But the main problem was spiciness. Especially the cashew nut salad was too spicy. The amount of vegetable noodles were okay and the vegetable pakora was tasty.",
Sky Restaurant,"Babul Tower, Hotel Givenci, 76/A Kazi Nazrul Islam Avenue, 1215, Dhaka 1215, Bangladesh",+880 1678-663310,N/A,3.8,329,"{'name': 'Asif Bin Mujib (Belu Bhai)', 'thumbnail': 'https://lh3.googleusercontent.com/a/ACg8ocLCZPc_FYeEvmvZUgJ8qUKb9n7dEC8DdnTCBYNMbNu0Rh4FYI01=s120-c-rp-mo-ba4-br100', 'link': 'https://www.google.com/maps/contrib/107244125515731040930?hl=en-US', 'reviews': 163, 'photos': 344}",4,a year ago,"I have taken the combo pack of BDT1495 for 5 people it was quite good. Let me explain the food
1. Soup quality and quantity is quite good. Unthon is quite satisfactory.
2. Chowmin taste is fine with quantity.
3.  The quantity of fried rice is comparatively less if 5 adults people can take food in that case more rice required. Taste awesome.
4. Fried Chicken testy with little chily and crispy it was awesome.
5. Sizzling test and quantity is unbelievable.

Finally it is

@ Budget friendly
@ Staffs behaviour and service is quite standard
@ The sky resturant is really awesome.
@ Environment is quite good
@ Payments Mode: Cash / Card / MFS available.
@ Parking place little bit challenging but if u visit at night after 9:45 pm if available in that case the hotels security's are helping to accommodate vehicle.
@ Till 11 pm it is open. Order close at 10: 30 pm. Depending on weekend or weekdays.

Finally me and my family really enjoyed a lot at Sky Resturant.",
Obor Restaurant-丝路驿站中餐厅BARIDHARA,"Level 6, Anannya Shopping Complex, Dhaka 1206, Bangladesh",+880 1700-703756,N/A,4.4,130,"{'name': 'sayed sarwar', 'thumbnail': 'https://lh3.googleusercontent.com/a-/ALV-UjXRAFDIF9ltiIUr5cJX624d0plw8c_BMQnYtLrVl3pIIAAkPnY=s120-c-rp-mo-ba6-br100', 'link': 'https://www.google.com/maps/contrib/111973646868000686545?hl=en-US', 'reviews': 454, 'photos': 1035}",4,2 years ago,"If you are looking for fancy decor, it's not the place, it's all about very delicious & price worthy good food with authentic Chinese taste. We tried 4 items & was really happy with the outcome. The beef in iron plate was superb so was the boiled fish in spice, Dried hot pot calamari with shrimp was very crunchy & delicious, to me roasted duck was just an okay dish, It would definitely be on top of my restaurant list.",
Obor Restaurant-丝路驿站中餐厅BARIDHARA,"Level 6, Anannya Shopping Complex, Dhaka 1206, Bangladesh",+880 1700-703756,N/A,4.4,130,"{'name': 'Faiyaz Bin Yousuf', 'thumbnail': 'https://lh3.googleusercontent.com/a-/ALV-UjU5il6jZ2zUheKeCyqASRsvZn5BtI4oGoI0nqpDicGbHHsJJ531=s120-c-rp-mo-ba5-br100', 'link': 'https://www.google.com/maps/contrib/111025318104819587782?hl=en-US', 'reviews': 112, 'photos': 392}",5,3 years ago,Never had true authentic Chinese food before and the experience in this restaurant was fantastic. All of the food was extremely flavorful and unique. But was pretty damn spicy as well. The owner is very nice and friendly. The interior of the place is sooo great can't even describe. A lot of Chinese people hangout here and have food.,
Obor Restaurant-丝路驿站中餐厅BARIDHARA,"Level 6, Anannya Shopping Complex, Dhaka 1206, Bangladesh",+880 1700-703756,N/A,4.4,130,"{'name': 'Kowshick Sen', 'thumbnail': 'https://lh3.googleusercontent.com/a-/ALV-UjUk12OJ52n-xLwsGm00R-CKVo2iB3o1T-eTMs2xRq_PlPQnxxyl=s120-c-rp-mo-ba6-br100', 'link': 'https://www.google.com/maps/contrib/102419897307666570333?hl=en-US', 'reviews': 250, 'photos': 1586}",5,4 years ago,One of the best Chinese Food Restaurant in town. Though it's started few months back but due to Covid-19 issues didn't visited this place before. All of these items were tasty and mouth watering. Best of luck for this restaurant and it's staffs (all of them are jolly and too much helpful). Hope to go there again...,
Obor Restaurant-丝路驿站中餐厅BARIDHARA,"Level 6, Anannya Shopping Complex, Dhaka 1206, Bangladesh",+880 1700-703756,N/A,4.4,130,"{'name': 'JCL Foo', 'thumbnail': 'https://lh3.googleusercontent.com/a/ACg8ocLLgmF2wL-F_WeuC_6EQbDsm84YDmgF-fATkQfj8dlkC5t0aA=s120-c-rp-mo-ba5-br100', 'link': 'https://www.google.com/maps/contrib/108724123469981949840?hl=en-US', 'reviews': 228, 'photos': 174}",2,Edited 2 years ago,"China hotpot restaurant. Expensive average food. Pic of sad looking duck.
Update Jun 2023. Food getting more and more mediocre. Not coming here anymore",
Obor Restaurant-丝路驿站中餐厅BARIDHARA,"Level 6, Anannya Shopping Complex, Dhaka 1206, Bangladesh",+880 1700-703756,N/A,4.4,130,"{'name': 'Zara Tasnim', 'thumbnail': 'https://lh3.googleusercontent.com/a/ACg8ocIPOiUoXs3N1fptI4j9m_PUkJN4JGBkpDEruOltxbNj31ZpcQ=s120-c-rp-mo-br100', 'link': 'https://www.google.com/maps/contrib/109225022680763480527?hl=en-US', 'reviews': 4, 'photos': 0}",3,2 months ago,"Great food, cozy pleach, friendly service. Worthly visiting",
Obor Restaurant-丝路驿站中餐厅BARIDHARA,"Level 6, Anannya Shopping Complex, Dhaka 1206, Bangladesh",+880 1700-703756,N/A,4.4,130,"{'name': 'Shyikh Mahdi', 'thumbnail': 'https://lh3.googleusercontent.com/a-/ALV-UjV4CYD9cMFXxnwvVH1_zltUqvMp5dhC5ViCOs6YOcTrGP1R3xYv=s120-c-rp-mo-ba4-br100', 'link': 'https://www.google.com/maps/contrib/100906569779502160575?hl=en-US', 'reviews': 78, 'photos': 82}",5,a month ago,Great place for authentic chinese food,
Obor Restaurant-丝路驿站中餐厅BARIDHARA,"Level 6, Anannya Shopping Complex, Dhaka 1206, Bangladesh",+880 1700-703756,N/A,4.4,130,"{'name': 'Syed Shafqat Rabbi', 'thumbnail': 'https://lh3.googleusercontent.com/a-/ALV-UjWpV_ZPD8_ra5h1ggC0CDH8JVK6wv3t_SgC4zBuXH17Ery9NnBOug=s120-c-rp-mo-ba5-br100', 'link': 'https://www.google.com/maps/contrib/118292777726534178700?hl=en-US', 'reviews': 339, 'photos': 1296}",5,Edited 2 years ago,"Authentic Chinese menu, good taste, quality service. They have some individual room for privacy. Open space is also excellent. Nice ambiance and quite place. Chinese owner and Chinese cook. Bengali staff, halal food.",
Obor Restaurant-丝路驿站中餐厅BARIDHARA,"Level 6, Anannya Shopping Complex, Dhaka 1206, Bangladesh",+880 1700-703756,N/A,4.4,130,"{'name': 'Shahariar Razin', 'thumbnail': 'https://lh3.googleusercontent.com/a-/ALV-UjVQvP0JmNNxdFnD-slzu9ydUIdVKgC3N6knPzrN3uCivgZVEaf3=s120-c-rp-mo-ba3-br100', 'link': 'https://www.google.com/maps/contrib/108234927639773035667?hl=en-US', 'reviews': 6, 'photos': 29}",4,2 years ago,"We went to this restaurant, and have some delicious food. The place is ok but they can make it mutch better. Service is good. They should place some big table where can sit more than 7 or 8 people together.",
Teppanyaki Dhaka,"2, Sanmar Tower, 4th & 5th Floor, 38/A Rd 35, 1212, Bangladesh",+880 1321-125256,https://www.facebook.com/profile.php?id=61557899013283,4.4,32,"{'name': 'Syedur Rahman', 'thumbnail': 'https://lh3.googleusercontent.com/a-/ALV-UjW_d0IF-APfhpMyj37TkCEomXhTZYsB9qMsid6lsMIhoB_ObJLN=s120-c-rp-mo-ba5-br100', 'link': 'https://www.google.com/maps/contrib/105827613189289948795?hl=en-US', 'reviews': 161, 'photos': 694}",5,4 weeks ago,"I had an excellent experience dining at this Japanese cuisine restaurant! Although the owner Mr. Gan Jiaping, Chairman of Hua Da International Ltd is Chinese company, the authenticity and quality of the food were truly impressive. The 40-piece sushi platter was outstanding — fresh, beautifully presented, and full of flavor. We also ordered a combo, which was prepared right in front of us at the live kitchen, adding to the excitement and overall dining experience. Every bite reflected great skill and attention to detail. Highly recommended for anyone who enjoys fresh and well-crafted Japanese dishes!",
Teppanyaki Dhaka,"2, Sanmar Tower, 4th & 5th Floor, 38/A Rd 35, 1212, Bangladesh",+880 1321-125256,https://www.facebook.com/profile.php?id=61557899013283,4.4,32,"{'name': 'sifa mahmud', 'thumbnail': 'https://lh3.googleusercontent.com/a-/ALV-UjVrRzMJPCOdAxCRgmWjBm-6G8T5uPt0K6QxCNKLeHUQYL4yGxqc=s120-c-rp-mo-ba4-br100', 'link': 'https://www.google.com/maps/contrib/114477674972477265379?hl=en-US', 'reviews': 59, 'photos': 130}",5,6 months ago,"Teppanyaki Dhaka truly lives up to its reputation as one of the best sushi spots in the city. The sushi is incredibly fresh and beautifully crafted—each bite is packed with flavor and attention to detail. Whether you’re a fan of classic rolls or something more adventurous, their menu doesn’t disappoint.
Ambience was crazy pretty just as my photo !!!",
Teppanyaki Dhaka,"2, Sanmar Tower, 4th & 5th Floor, 38/A Rd 35, 1212, Bangladesh",+880 1321-125256,https://www.facebook.com/profile.php?id=61557899013283,4.4,32,"{'name': 'Reshmeen Nusrat', 'thumbnail': 'https://lh3.googleusercontent.com/a-/ALV-UjUhWy23vrxj3KXJBbeOZ-RCdxpM7xWXK-WLb_w7SCVRIWwJdzYi=s120-c-rp-mo-ba5-br100', 'link': 'https://www.google.com/maps/contrib/106236977003952164991?hl=en-US', 'reviews': 43, 'photos': 352}",5,a year ago,"Food tasted good! Complementary tea, salad and desert were served! Enjoyed watching our food being prepared live! Very friendly and helpful service staffs.",
Teppanyaki Dhaka,"2, Sanmar Tower, 4th & 5th Floor, 38/A Rd 35, 1212, Bangladesh",+880 1321-125256,https://www.facebook.com/profile.php?id=61557899013283,4.4,32,"{'name': 'Plabon Kumar Saha', 'thumbnail': 'https://lh3.googleusercontent.com/a-/ALV-UjXZM63vxdpM7r8LeRUzaO2nd52qe4uA1He0UMxtcS36aQwjuqdmTw=s120-c-rp-mo-ba5-br100', 'link': 'https://www.google.com/maps/contrib/113791228148252501422?hl=en-US', 'reviews': 215, 'photos': 1331}",5,6 months ago,The people were very friendly and nice. They offered me to video them while cooking and showcased the sushi menu. The food was very tasty. They start with a salad and finish with fruits on the house. For the main menu we tried lamb chops. It was quite juicy. The salmon was quite good as well. Highly recommended to others to visit!,
Teppanyaki Dhaka,"2, Sanmar Tower, 4th & 5th Floor, 38/A Rd 35, 1212, Bangladesh",+880 1321-125256,https://www.facebook.com/profile.php?id=61557899013283,4.4,32,"{'name': 'Redwan Islam Orittro', 'thumbnail': 'https://lh3.googleusercontent.com/a-/ALV-UjVbkHUH-ffCJ8ulz1B_GkK_vL6yvQhxY0anLiGIgvyu9_7YG8NEPA=s120-c-rp-mo-ba5-br100', 'link': 'https://www.google.com/maps/contrib/118009600015890691997?hl=en-US', 'reviews': 188, 'photos': 183}",5,a year ago,We ordered three different sets and items from Ala Carte menu and they were served at different times which dampened the experience. However the food was excellent.,
Teppanyaki Dhaka,"2, Sanmar Tower, 4th & 5th Floor, 38/A Rd 35, 1212, Bangladesh",+880 1321-125256,https://www.facebook.com/profile.php?id=61557899013283,4.4,32,"{'name': 'Fairuz Alam', 'thumbnail': 'https://lh3.googleusercontent.com/a/ACg8ocIt31Zcekvp8ZBVlIYnGXiMc_hYeI7gLq3OBn5mhB46mopx1g=s120-c-rp-mo-br100', 'link': 'https://www.google.com/maps/contrib/115647295696247930170?hl=en-US', 'reviews': 2, 'photos': 0}",5,3 months ago,"In one word amazing. Excellent food,
excellent service, excellent ambiance. Loved the live cooking experience. 10/10 recommendations.",
Teppanyaki Dhaka,"2, Sanmar Tower, 4th & 5th Floor, 38/A Rd 35, 1212, Bangladesh",+880 1321-125256,https://www.facebook.com/profile.php?id=61557899013283,4.4,32,"{'name': 'humaira azam', 'thumbnail': 'https://lh3.googleusercontent.com/a/ACg8ocLPSKkXn1yclxViI52sJlcAb0TYxyHSDwF7vlACUlvbFshwvQ=s120-c-rp-mo-ba4-br100', 'link': 'https://www.google.com/maps/contrib/108390755378138947631?hl=en-US', 'reviews': 41, 'photos': 177}",4,10 months ago,"The food is prepared in front of you! So no space for errors or quality compromise! The Chef encourages the food lovers to take photos of the whole process. If you want to enjoy the experience of a recipe from the start this is the place for you. Great on rolls, teriyakis, udons! Pricey $$$. Time flies as the cooking is done right in front of you.  It is really a wonderful experience.",
Teppanyaki Dhaka,"2, Sanmar Tower, 4th & 5th Floor, 38/A Rd 35, 1212, Bangladesh",+880 1321-125256,https://www.facebook.com/profile.php?id=61557899013283,4.4,32,"{'name': 'Anushuha Sharmin', 'thumbnail': 'https://lh3.googleusercontent.com/a-/ALV-UjUEgY40zueRZhVgcqR_bAdogsUnSbrPotEyugwmLGY56feQ3DJFKA=s120-c-rp-mo-br100', 'link': 'https://www.google.com/maps/contrib/104907317135048913258?hl=en-US', 'reviews': 4, 'photos': 12}",5,a year ago,"Fell in love with each and every item that we have ordered. We were given complimentary tea and salad as welcoming food. The entire meal ended with a surprise once we also got a complimentary dessert. Special thanks to the wonderful staff. The head chef was a delightful person to meet.
Overall great food, great customer service and amazing atmosphere.",
Dhaba Banani,"House#91 Road No 13C, Dhaka 1213, Bangladesh",+880 1877-716382,https://m.facebook.com/dhaba.bd/,3.9,1424,"{'name': 'Tashdique Mannan', 'thumbnail': 'https://lh3.googleusercontent.com/a-/ALV-UjU4-Oq_CFGNXrze3AxSpuvz71yI-N0ey8eL-lm9A14hVnPziM-c=s120-c-rp-mo-ba5-br100', 'link': 'https://www.google.com/maps/contrib/113063988952193557440?hl=en-US', 'reviews': 76, 'photos': 498}",1,a month ago,"I was extremely disappointed after visiting this restaurant. The quality of the food was extremely subpar and the items used were not fresh, rather the restaurant management used mostly stale food items to prepare the dishes. For example the shell of the fuska items were old and not crunchy at all. The amount of yoghurt used in the preparation of dahi phuska and dahi vada was extremely less and consequently the dahi based gravy of the items where very much watery and therefore tasteless. We ordered one dahi vada, dahi pushka, paratha and butter chicken. The food definitely was not on par with the price which was extremely high. The total bill for two persons for this dishes to that almost 1520 taka.

Furthermore, the hygiene standards of the restaurant seems to be very poor while visiting the laboratory it was observed that the surroundings of the restaurant were unhygienic.

I would strongly recommend not to visit this restaurant because of the poor quality of food and as well as the hygiene standards of the restaurant surroundings.

Please do not waste your money here, rather prepared this food that home with proper dahi.",
Dhaba Banani,"House#91 Road No 13C, Dhaka 1213, Bangladesh",+880 1877-716382,https://m.facebook.com/dhaba.bd/,3.9,1424,"{'name': 'Amin Chowdhury', 'thumbnail': 'https://lh3.googleusercontent.com/a-/ALV-UjWBTU360MWTcZYSZDIbcwWoAQPWmlrmNl17wB-Zv8Qh03bwMyM=s120-c-rp-mo-ba5-br100', 'link': 'https://www.google.com/maps/contrib/100993723846155599286?hl=en-US', 'reviews': 160, 'photos': 1026}",1,2 months ago,"So sad to see dhaba at this stage
So unorganised
So messed up
Bad bad bad service
Below average food
Less light doesn’t make the environment cozy or aesthetic but that irritating.
I feel bad for dhaba
Best of luck",
Dhaba Banani,"House#91 Road No 13C, Dhaka 1213, Bangladesh",+880 1877-716382,https://m.facebook.com/dhaba.bd/,3.9,1424,"{'name': 'Md. Moniruzzaman Tarafder Papon (Mo)', 'thumbnail': 'https://lh3.googleusercontent.com/a-/ALV-UjX-rtr4PAzttla7eq6ago51Jr1bgpYkaSgnrTb1bKzWRStRoIoTug=s120-c-rp-mo-ba5-br100', 'link': 'https://www.google.com/maps/contrib/100439031461846912776?hl=en-US', 'reviews': 189, 'photos': 527}",4,a year ago,"I recently visited Dhaba after many years and was excited to see how it had evolved since my university days when it was located on Street 11. Back then, Dhaba was a cozy, casual spot that my friends and I frequented for its affordable and tasty meals. However, the restaurant has since migrated to a new location and undergone quite a transformation.

We ordered the Fuchka Platter, Dahi Fuchka Milkshake, and Pad Thai. I must say, the food was good, just as I remembered. The fuchka was crispy and flavorful, with just the right amount of spice, and the Dahi Fuchka Milkshake was a unique and refreshing take on the classic. The Pad Thai was tasty, with a nice balance of sweet, tangy, and savory flavors.

However, the experience felt very different from what Dhaba used to be. The new ambiance is polished and elegant, which gives off more of a fine-dining vibe rather than the everyday eatery it once was. While I appreciate the effort to elevate the atmosphere, it feels like the charm of the old Dhaba has been lost in the process.

One major downside is the price. The dishes, though delicious, are now significantly more expensive, despite being the same items from the old menu. What was once an affordable spot for students has turned into a place that feels out of reach for a casual meal.

Overall, Dhaba still offers good food, but the price hike and change in vibe make it less of a go-to spot for me.",
Dhaba Banani,"House#91 Road No 13C, Dhaka 1213, Bangladesh",+880 1877-716382,https://m.facebook.com/dhaba.bd/,3.9,1424,"{'name': 'Abu Sufian Mohammad Khaled', 'thumbnail': 'https://lh3.googleusercontent.com/a-/ALV-UjXvqHzRklRchG9CcEa8QGy1LdGdqbshgYpMiMiEdBmQYSnCtM_aZQ=s120-c-rp-mo-ba5-br100', 'link': 'https://www.google.com/maps/contrib/115099696380043929075?hl=en-US', 'reviews': 121, 'photos': 210}",3,5 months ago,"Dhaba Banani offers a delightful Fuchka Platter with a variety of flavors like Dahi Fuchka and Naga Fuchka. The atmosphere is vibrant, making it a great spot for chaat lovers. A must-visit for street food enthusiasts!  ￼ ￼",
Dhaba Banani,"House#91 Road No 13C, Dhaka 1213, Bangladesh",+880 1877-716382,https://m.facebook.com/dhaba.bd/,3.9,1424,"{'name': 'Aninda Zaman', 'thumbnail': 'https://lh3.googleusercontent.com/a-/ALV-UjU_U4aFiPwe5txWd8b8Ij7Ic0_TPpqi81fW5vVBAoCTNa-mdDQh=s120-c-rp-mo-ba6-br100', 'link': 'https://www.google.com/maps/contrib/103320010615288088206?hl=en-US', 'reviews': 338, 'photos': 1828}",5,a year ago,"We really enjoyed our visit to Dhaba Banani. The fuchka items were great. The seafood soup was simply sublime. The appetizer sampler was a good choice. The service here was top quality with the staff being very friendly, attentive, and courteous.",
Dhaba Banani,"House#91 Road No 13C, Dhaka 1213, Bangladesh",+880 1877-716382,https://m.facebook.com/dhaba.bd/,3.9,1424,"{'name': 'TJ Noor', 'thumbnail': 'https://lh3.googleusercontent.com/a/ACg8ocKf-vsz7A6e2JT4w00-wQ6exn4f7j_PdYJpmzBB4QYq5PYM4w=s120-c-rp-mo-ba4-br100', 'link': 'https://www.google.com/maps/contrib/107090543405630725301?hl=en-US', 'reviews': 45, 'photos': 157}",4,a year ago,"It is probably one of the best places for Indian cuisine. This is my go-to place whenever I feel like trying some Indian dishes. Their Churmur is a must, as are the kebab items.",
Dhaba Banani,"House#91 Road No 13C, Dhaka 1213, Bangladesh",+880 1877-716382,https://m.facebook.com/dhaba.bd/,3.9,1424,"{'name': 'Abu Saleh Md Shahidullah', 'thumbnail': 'https://lh3.googleusercontent.com/a-/ALV-UjW5rSqkDNwJ11wWg0YVqco00X9uj6yeU25VonYa9pso1ovaDBtF4g=s120-c-rp-mo-ba6-br100', 'link': 'https://www.google.com/maps/contrib/115800619262243823996?hl=en-US', 'reviews': 485, 'photos': 2946}",3,Edited 2 years ago,"Good Indian restaurant with lots of good food options to choose from. Vegetarians can eat vegetable curry, masala vegetables wrap, and many more. Non veg, there's good Kabab option. You can try the kebab platter, it's good.
***
In my second visit, I didn't like the food.",
Dhaba Banani,"House#91 Road No 13C, Dhaka 1213, Bangladesh",+880 1877-716382,https://m.facebook.com/dhaba.bd/,3.9,1424,"{'name': ""It's Arefin"", 'thumbnail': 'https://lh3.googleusercontent.com/a/ACg8ocKxSQyX1Q6fEURgHMwJ7poeIx-ZpFskvThGQULhA16szGrgWw=s120-c-rp-mo-ba4-br100', 'link': 'https://www.google.com/maps/contrib/115769003764553320258?hl=en-US', 'reviews': 44, 'photos': 171}",3,2 years ago,Dhaba is one of the good choice for family dining. They serve likely all kind of dishes. Their food quality is 6/10 and environment is 7/10. Price is quite reasonable then other restaurants in banani. It's a average restaurant.,
Dhaka Regency Hotel & Resort,"Airport Rd, Dhaka 1229, Bangladesh",+880 1713-332651,http://dhakaregency.com/,4.3,10264,"{'name': 'Md Khalid Saifullah Arman', 'thumbnail': 'https://lh3.googleusercontent.com/a-/ALV-UjXPnI6x3ggDcJqo6fHwdLWuPCWor33-vq3y47ddArmAyVwyWRek=s120-c-rp-mo-ba4-br100', 'link': 'https://www.google.com/maps/contrib/108979955974281681518?hl=en-US', 'reviews': 218, 'photos': 9}",5,2 weeks ago,"Dhaka Regency Hotel & Resort, located in Nikunja‑2, Dhaka, offers convenient access to the airport and business areas. Guests appreciate the friendly staff, spacious rooms, and rooftop pool. The breakfast buffet is diverse and satisfying. Some rooms feel dated and bathrooms need renovation, and the area can get crowded. Overall, it’s a reliable choice for comfort and service, though not the most luxurious option for the price.",
Dhaka Regency Hotel & Resort,"Airport Rd, Dhaka 1229, Bangladesh",+880 1713-332651,http://dhakaregency.com/,4.3,10264,"{'name': 'muhammadsM4731DX', 'thumbnail': 'https://lh3.googleusercontent.com/local-reviews/AJMZ0QftlnsLB8VReEIa8q3x-FUIWL9jAVnw9OiPzFml0xLx7k1DporKgZdMXGALflbNzntF3w=s120-c-br100', 'link': 'https://www.tripadvisor.com/ShowUserReviews-g293936-d677817-r1030280992?m=68573&staydates=2025_11_30_2025_12_01&uguests=1_2_0&supdv=unknown&supuc=US&supul=en', 'reviews': None, 'photos': None}",N/A,2 months ago,"had a wonderful stay at the dhaka Regency hotel in Dhaka. The environment was clean, comfortable, and very welcoming. What made my experience even better was the excellent service. I would especially like to mention Mr. Ibrahim, who was extremely polite, professional, and always ready to help with a smile. His assistance made my stay smooth and enjoyable. Truly great hospitality—I would highly recommend this hotel and their amazing staff!",
Dhaka Regency Hotel & Resort,"Airport Rd, Dhaka 1229, Bangladesh",+880 1713-332651,http://dhakaregency.com/,4.3,10264,"{'name': 'MD: Yeasin Arafath', 'thumbnail': 'https://lh3.googleusercontent.com/a-/ALV-UjWyKTzwDDhlfeRrpDKt8VuU59nljIy8l5-V8az5o3faTUnBO6j2=s120-c-rp-mo-ba2-br100', 'link': 'https://www.google.com/maps/contrib/101328877176852294670?hl=en-US', 'reviews': 4, 'photos': 10}",5,4 months ago,"Staying at this hotel was a truly pleasant experience. From the moment I arrived, the warm welcome from the staff made me feel at home. The room was tastefully decorated, spotlessly clean, and well-equipped with all the essentials.

The housekeeping team did a fantastic job every day, and the front desk was always responsive and courteous. I especially enjoyed the breakfast buffet — fresh, delicious, and with plenty of variety.

This hotel combines comfort, quality service, and a great location. I wouldn’t hesitate to come back again. Highly recommended for both business and leisure travelers.",
Dhaka Regency Hotel & Resort,"Airport Rd, Dhaka 1229, Bangladesh",+880 1713-332651,http://dhakaregency.com/,4.3,10264,"{'name': 'Golam Mawla', 'thumbnail': 'https://lh3.googleusercontent.com/a-/ALV-UjXJyhiVM1N1bstnzPU428XXr8LJaE_-cueZX1VVmfY4-FyRuHw=s120-c-rp-mo-ba5-br100', 'link': 'https://www.google.com/maps/contrib/113119139210309810661?hl=en-US', 'reviews': 178, 'photos': 213}",1,2 weeks ago,"They judge people based on themselves. We were sitting in the restaurant, and right behind us were two foreigners and two Bengalis, speaking so loudly that it would be acceptable in a roadside eatery or in a busy place like Hirajheel (where people naturally have to raise their voices), but absolutely unacceptable in a proper hotel restaurant. We were extremely disturbed, and even after changing tables to sit farther away, we could not find any comfort.

Yet, they did not say a word to them. On the contrary, there was an attendant constantly behind them, while nobody attended to us. Even after placing our order, we had to call several times without anyone coming.

Eventually, we decided to leave without paying for the food, but then someone came and managed the situation. The soup we were served was cold, which is never acceptable.

I have dined at all the star-rated restaurants in Dhaka, and I have always had good experiences, but my experience at Regency was so unpleasant that, even if they offer free items, I would seriously reconsider returning.

We felt insulted, especially by the slim woman in the black coat.",
Dhaka Regency Hotel & Resort,"Airport Rd, Dhaka 1229, Bangladesh",+880 1713-332651,http://dhakaregency.com/,4.3,10264,"{'name': 'Tanjina Urbi.', 'thumbnail': 'https://lh3.googleusercontent.com/a-/ALV-UjUVuk4Big-jetxhqEJ1tYScJ1nonq1b93QB1o5DHnEzsSKreM7XUA=s120-c-rp-mo-ba5-br100', 'link': 'https://www.google.com/maps/contrib/118265431796376948030?hl=en-US', 'reviews': 83, 'photos': 350}",5,5 months ago,"I recently had the chance to try the buffet at Dhaka Regency Hotel, and I have to say — it was an amazing experience! From the moment I walked in, I was impressed by the variety and presentation of the food. There were so many different cuisines to choose from — Bangladeshi, Indian, Chinese, Middle Eastern, and even some Western options.

What stood out to me the most was the quality and flavor of everything I tried. The kebabs were juicy and perfectly grilled, the curries were rich and flavorful, and even the pasta from the live station was spot on. I loved how fresh everything tasted, and you could really tell they put effort into making each dish special.

The dessert section was another highlight for me — they had such a great mix of local sweets, pastries, and fruits. I honestly had a hard time choosing what to try first!

The overall atmosphere was warm and inviting, and the staff were really friendly and attentive. It felt like they genuinely wanted guests to have a good time, which made the experience even better.

All in all, I had a wonderful time at Dhaka Regency’s buffet. If you love trying different kinds of food and appreciate good quality, I’d definitely recommend checking it out. I’ll for sure be going back!",
Dhaka Regency Hotel & Resort,"Airport Rd, Dhaka 1229, Bangladesh",+880 1713-332651,http://dhakaregency.com/,4.3,10264,"{'name': 'Elizabeth Purification', 'thumbnail': 'https://lh3.googleusercontent.com/a-/ALV-UjVYqm5QA1_6HW011WDKFmFaG0cFlNSsDq_VJHactVaMyDBAacE=s120-c-rp-mo-ba5-br100', 'link': 'https://www.google.com/maps/contrib/102481437341018337861?hl=en-US', 'reviews': 107, 'photos': 576}",4,4 weeks ago,"A business-class hotel close to the airport! The hotel offers nice Guest Rooms and Suites, Thai Spa, Health Club, Bar, Swimming pool
and buffet breakfast. I never missed their breakfast. Overall I like their service.",
Dhaka Regency Hotel & Resort,"Airport Rd, Dhaka 1229, Bangladesh",+880 1713-332651,http://dhakaregency.com/,4.3,10264,"{'name': 'sijingd2025', 'thumbnail': 'https://lh3.googleusercontent.com/local-reviews/AJMZ0QeSe9ibNVY65MpgeQh70I370foM0-7tEPyVc9CIfSq5Ekli093sZJVPBoLD5d5qPK_2rw=s120-c-br100', 'link': 'https://www.tripadvisor.com/ShowUserReviews-g293936-d677817-r1030012116?m=68573&staydates=2025_11_30_2025_12_01&uguests=1_2_0&supdv=unknown&supuc=US&supul=en', 'reviews': None, 'photos': None}",N/A,2 months ago,"The front desk staff here are very friendly and always answer our questions patiently. The dining service is excellent, with the buffet and Chinese food being very close to authentic flavors, which makes it feel familiar and comforting. Overall, it has been a very pleasant stay.",
Dhaka Regency Hotel & Resort,"Airport Rd, Dhaka 1229, Bangladesh",+880 1713-332651,http://dhakaregency.com/,4.3,10264,"{'name': '552tamannak', 'thumbnail': 'https://lh3.googleusercontent.com/local-reviews/AJMZ0QeWB0GIG9gGd6g9zDFXwjE9TRuKRtAO6HvwA5jEdK_CrOJXcVxp8esjQRYTFMjay2JK=s120-c-br100', 'link': 'https://www.tripadvisor.com/ShowUserReviews-g293936-d677817-r1032761296?m=68573&staydates=2025_11_30_2025_12_01&uguests=1_2_0&supdv=unknown&supuc=US&supul=en', 'reviews': None, 'photos': None}",N/A,a month ago,There is nothing new to say about Dhaka Regency Hotel. The rooms and food service here are truly amazing. I was especially impressed by Tamanna's behavior.,
China Town BBQ,"35 Rd 37, Dhaka 1212, Bangladesh",+880 1745-756089,N/A,4.5,166,"{'name': 'Riashat Islam', 'thumbnail': 'https://lh3.googleusercontent.com/a/ACg8ocJ7jd-MQAI29hUl76dPD4iP797x59pZPCRPr7mxZ13IFOwx5A=s120-c-rp-mo-ba2-br100', 'link': 'https://www.google.com/maps/contrib/105688111961624979490?hl=en-US', 'reviews': 14, 'photos': 11}",5,a month ago,"Amazing food! Great place. Would definitely come back here again.

Customer service was amazing - look out for the guy Takbir, whose recommendations were simply on point for a first timer coming here.",
China Town BBQ,"35 Rd 37, Dhaka 1212, Bangladesh",+880 1745-756089,N/A,4.5,166,"{'name': 'Sushmita Saha', 'thumbnail': 'https://lh3.googleusercontent.com/a/ACg8ocJQuO2SQc30YXrQWWgn-cCz_EPJB0PZhxGyfjiz5qeTcCz0Ng=s120-c-rp-mo-ba4-br100', 'link': 'https://www.google.com/maps/contrib/106699437991678461614?hl=en-US', 'reviews': 51, 'photos': 190}",5,4 months ago,"Nice ambience. Enoki mushroom soup with glass noodles was good. Caramel pudding was an absolute delight! I took the fruit ice powder bowl because I had something similar in China which had a refreshing feel. This one is not like the Chinese one because they had different ingredients (rose petal), but it tastes good.",
China Town BBQ,"35 Rd 37, Dhaka 1212, Bangladesh",+880 1745-756089,N/A,4.5,166,"{'name': 'Onee', 'thumbnail': 'https://lh3.googleusercontent.com/a-/ALV-UjUJt-CzruBXUbb79GijLU1WN47pz7Rypbzasd76woxXa86ZMVg=s120-c-rp-mo-ba4-br100', 'link': 'https://www.google.com/maps/contrib/107351194222123404820?hl=en-US', 'reviews': 59, 'photos': 446}",5,5 months ago,"Great time and hangout with team in Chinatown bbq. We like their environment, cosy and attractive decorations, and hospitality.

We added our own music playlist with personal speakers and enjoyed our time.

Food was pricy enough, and I love the taste of a live grilled of beef and lamb. Their grilled shrimps were great, too.
Though lamb steak was a bit heavy rather than other steaks.
Btw, it is recommended for people who like and dive in authentic chinese feel.",
China Town BBQ,"35 Rd 37, Dhaka 1212, Bangladesh",+880 1745-756089,N/A,4.5,166,"{'name': 'Maeesha Ryaan Shams', 'thumbnail': 'https://lh3.googleusercontent.com/a-/ALV-UjXOetDDK1SzYz6Xdlf1Uu0uXpZN5lrRx_-VT5l91HpXNrDbh_HLbg=s120-c-rp-mo-ba3-br100', 'link': 'https://www.google.com/maps/contrib/101706310934434517442?hl=en-US', 'reviews': 29, 'photos': 58}",5,2 months ago,"The food was super good, but the amount was very little. Due to the live bbq, the place was too hot even though all the ACs were on. Loved the beef strips and the berry drink.",
China Town BBQ,"35 Rd 37, Dhaka 1212, Bangladesh",+880 1745-756089,N/A,4.5,166,"{'name': 'Imran Shishir', 'thumbnail': 'https://lh3.googleusercontent.com/a/ACg8ocJC1oHe_zvisdlKRpAUDhsBpbKUubYK3Y8iUH9v1W9rpLMvDQ=s120-c-rp-mo-br100', 'link': 'https://www.google.com/maps/contrib/100303300086570729224?hl=en-US', 'reviews': 3, 'photos': 4}",1,3 months ago,"Here is the honest review for the food . See the picture below from the menu and the actual picture what I got . So disappointing.

After asking where is sausage and fish they both out of stock and saw the old photos doing the same . Scammers .

Ordered Ramen and received cheap noodles taste like Maggie noodles .
Food : 0 /5 ( I wish I could put negative 1)
Service : 0 ( took 30 min ) /5
Atmosphere: 5/5

Poor restaurants.",
China Town BBQ,"35 Rd 37, Dhaka 1212, Bangladesh",+880 1745-756089,N/A,4.5,166,"{'name': 'Mehreen Ahmed', 'thumbnail': 'https://lh3.googleusercontent.com/a/ACg8ocLAIPVW6RKwhQtOYe9qFg2xIaXJRI6tBfeohaAmIkSBHa86AA=s120-c-rp-mo-br100', 'link': 'https://www.google.com/maps/contrib/109418607148072030683?hl=en-US', 'reviews': 1, 'photos': 2}",5,a month ago,Very nice food with great service. Staff very co operative . Love their  truffle beef and golden fried rice,
China Town BBQ,"35 Rd 37, Dhaka 1212, Bangladesh",+880 1745-756089,N/A,4.5,166,"{'name': 'Antor Costa', 'thumbnail': 'https://lh3.googleusercontent.com/a/ACg8ocLvpoY9KkHvp9WNvPZsnGk_-M7k4RVIBJ9YtgAwioxATokRDg=s120-c-rp-mo-br100', 'link': 'https://www.google.com/maps/contrib/104407485189281224890?hl=en-US', 'reviews': 1, 'photos': 0}",5,a month ago,"""The food was absolutely delicious and cooked to perfection!"" for food, and ""The staff was attentive, knowledgeable, and made excellent recommendations"" for service. Other great comments are ""This is a delightful experience from start to finish"" and ""Your [food name] is mouth-watering"".
For food
General: ""Absolutely delicious,"" ""This is amazing,"" ""Wow, this is yummy,"" and ""I love how flavorful this is"".
Specifics: ""Everything is cooked perfectly,"" ""The flavors work so well together,"" and ""[The steak] was cooked to perfection!"".
Presentation: ""The presentation was just as impressive"" and ""The dishes were beautifully presented"".
High praise: ""You've outdone yourself"" and ""An empty plate is the highest compliment"".
For service
Attentiveness: ""Our server was attentive without being intrusive,"" and ""The staff went above and beyond"".
Knowledge: ""Our waiter was extremely knowledgeable about the menu and offered great recommendations"".
Overall experience: ""The staff was friendly and professional,"" and ""The service was top-notch"".
Making it special: ""You really made this special for us,"" and ""You've really made our anniversary perfect"".",
China Town BBQ,"35 Rd 37, Dhaka 1212, Bangladesh",+880 1745-756089,N/A,4.5,166,"{'name': 'Samia Rashna Ahmed', 'thumbnail': 'https://lh3.googleusercontent.com/a/ACg8ocJ_b5gVWuWXGwglY5xBJVfH4hzu0xrsobKcA8yxqxY8DT8AHNU=s120-c-rp-mo-ba5-br100', 'link': 'https://www.google.com/maps/contrib/103229975540630748593?hl=en-US', 'reviews': 172, 'photos': 715}",5,5 months ago,"I would suggest China town bbq not just for their food but for the experience.
There is a qr code at every table which you scan and it will redirect you to their menu and you can order from there.
The staff are very friendly and you have the option to grill the meat yourself or they can grill it for you. I would suggest to let their staff do it as they’ll get the doneness just right.
I would recommend the special flavour beef slices, lamb skewers, beef skewers and grilled prawns. I like to order a side of steamed rice because it goes well with the plain rice.",
Pizza & More,"9/A (NW1) (Ground Floor, House no: 88, Road No-53, Dhaka 1212, Bangladesh",+880 1954-667711,N/A,4.4,304,"{'name': 'Ferdouse Kamal Ahmed', 'thumbnail': 'https://lh3.googleusercontent.com/a-/ALV-UjXrvTlqQKpwIyV6MtcdL2x_mB3bMcbg7byHqz2Jg35KwUJ4VhI=s120-c-rp-mo-ba7-br100', 'link': 'https://www.google.com/maps/contrib/111971661922929972367?hl=en-US', 'reviews': 256, 'photos': 1590}",5,Edited 2 years ago,"I lovely and smoothly decorated restaurant, with a very homely atmosphere! There are both indoor and outdoor seating to cater for people who is looking for more options! With good service and great food menu makes it an ideal choice for anyone looking for authentic Italian cuisine with the essence of the country! Wonderful experience overall.",
Pizza & More,"9/A (NW1) (Ground Floor, House no: 88, Road No-53, Dhaka 1212, Bangladesh",+880 1954-667711,N/A,4.4,304,"{'name': 'Maruf Alam', 'thumbnail': 'https://lh3.googleusercontent.com/a-/ALV-UjUVDyD-h1f2y1pMlKW70VtAbxguJBkrHJqIsvmsTn9UfRXpoIigug=s120-c-rp-mo-ba6-br100', 'link': 'https://www.google.com/maps/contrib/101286239490722522943?hl=en-US', 'reviews': 112, 'photos': 2242}",5,3 years ago,"Top notch service.
Awesome food.
Eye soothing environment.
Want a calm & noise free restaurant, here it is.
Each & every foods we tried was amazing. As per my taste bud.
I will must go there in sunshine time.
It must looking great.",
Pizza & More,"9/A (NW1) (Ground Floor, House no: 88, Road No-53, Dhaka 1212, Bangladesh",+880 1954-667711,N/A,4.4,304,"{'name': 'Salman Haque', 'thumbnail': 'https://lh3.googleusercontent.com/a-/ALV-UjXZf9oyMGOJ6_AOcY50PvXvjENghVgwgklCqprwodioyDgP3Ynd=s120-c-rp-mo-ba4-br100', 'link': 'https://www.google.com/maps/contrib/113951837700347807617?hl=en-US', 'reviews': 59, 'photos': 109}",5,2 years ago,"It was a very pleasant experience, visiting this place. Perfect for a romantic getaway. We took lasagna and a four cheese pizza. Both were good but the pizza required more flavor. It tasted bland at times. Maybe it's my taste bud. Will definitely visit them again.",
Pizza & More,"9/A (NW1) (Ground Floor, House no: 88, Road No-53, Dhaka 1212, Bangladesh",+880 1954-667711,N/A,4.4,304,"{'name': 'Ashik Udoy', 'thumbnail': 'https://lh3.googleusercontent.com/a-/ALV-UjUxoQLbv3dIaLlnNRAjRtm-7e5HN6BgL7ObbYgKTZaE0X38gEY=s120-c-rp-mo-ba5-br100', 'link': 'https://www.google.com/maps/contrib/114001638403492304802?hl=en-US', 'reviews': 114, 'photos': 1178}",4,2 years ago,"One of the most beautiful places if you are planning  to visit with your loved ones.
It is a perfect photogenic place both in indoor and outdoor.
Pinacolada
The price of this drink is 450 plus plus and this one is definitely recommended.
Sea shell chowder
The price is 649 plus plus
It is a combination of butter, sweet corn,cream and shrimp",
Pizza & More,"9/A (NW1) (Ground Floor, House no: 88, Road No-53, Dhaka 1212, Bangladesh",+880 1954-667711,N/A,4.4,304,"{'name': 'IFTEKHARUL ISLAM CHOWDHURY', 'thumbnail': 'https://lh3.googleusercontent.com/a-/ALV-UjUDO6le84cLLU9Ea3nog49FdbVj1WexKOTPjGQGfEKmDvpgoCE=s120-c-rp-mo-ba4-br100', 'link': 'https://www.google.com/maps/contrib/104493750708028219097?hl=en-US', 'reviews': 66, 'photos': 69}",5,3 years ago,"Food: we tasted pasta Lazarus and lemon chicken with Mexican rice and vegetables. Both are fresh and delicious and quality of food was great.

Atmosphere: I think atmosphere and interior of this is the best inside Dhaka. Absolutely awesome interior and feels like you are in old English house. At outside, the tree and the lighting remembered my old house. I personally thanks to the owner of this restaurant and his/her creative mind.

Price: Quite high but definitely worth to try.

Personal opinion, try this restaurant and you won't regret.",
Pizza & More,"9/A (NW1) (Ground Floor, House no: 88, Road No-53, Dhaka 1212, Bangladesh",+880 1954-667711,N/A,4.4,304,"{'name': 'Hassinuzzaman Nehal', 'thumbnail': 'https://lh3.googleusercontent.com/a-/ALV-UjVgNFL7ylLD1Utk2_5wq92vsu3c6jvpv-ixBzgoNyls-H-H7uZC=s120-c-rp-mo-ba3-br100', 'link': 'https://www.google.com/maps/contrib/110145613888625267178?hl=en-US', 'reviews': 54, 'photos': 118}",5,3 years ago,A very good restaurant for all kind of people . They have separate rooms for family which I think is missing in most of the restaurant. I like their separate room idea for big family dinning because it maintain some kind of privacy and a family can easily enjoy their food without being uncomfortable. They also have space in outdoor which is also a  smoking zone which I think is pretty good for date or friendly hangouts because in inside space the environment was pin drop silent and very cozy . I also loved their food . Their beef pepperoni pizza was  so good we loved it . Crispy chicken pizza was kind of average . We also love their starters . The amount of calamari fries was very generous.,
Pizza & More,"9/A (NW1) (Ground Floor, House no: 88, Road No-53, Dhaka 1212, Bangladesh",+880 1954-667711,N/A,4.4,304,"{'name': 'MD. Saimur Rahman Khan Saim', 'thumbnail': 'https://lh3.googleusercontent.com/a-/ALV-UjX04wbNmk2OtFpjOzs-otdM6yJwwYqnvDjdvUNaQN2uwfi2vzxc=s120-c-rp-mo-br100', 'link': 'https://www.google.com/maps/contrib/117982666565172696270?hl=en-US', 'reviews': 1, 'photos': 8}",5,2 years ago,"Beautiful interior, very calm and relaxing environment.
Food was amazing, the price was worthy comparing ambience and location.
Best place to visit with friends and families. This place is so photogenic also.❤️",
Pizza & More,"9/A (NW1) (Ground Floor, House no: 88, Road No-53, Dhaka 1212, Bangladesh",+880 1954-667711,N/A,4.4,304,"{'name': 'Mazharul “Mike” Haq', 'thumbnail': 'https://lh3.googleusercontent.com/a-/ALV-UjV8JWDoqOfVk4H0-Era0UJJh_KghGOAwFzSSvvHkwHKC0slCeg=s120-c-rp-mo-ba4-br100', 'link': 'https://www.google.com/maps/contrib/109455727679119387105?hl=en-US', 'reviews': 42, 'photos': 75}",5,3 years ago,"Excellent environment. Beautiful paintings hanging on the wall. People who enjoy books over the phone must go there. Both indoor and outdoor dining options are there. Normally outdoor is for smokers. Staffs were friendly, I ordered some foods with lots of if's and but's but they prepared the food according to my wish. Foods were tasty (Unless you hate Italian). Can be recommended to another friend.",
Al Kareem Restaurant,"QCRF+MXJ, Bus-Stand, Dhaka 1212, Bangladesh",+880 1738-996808,N/A,4.2,462,"{'name': 'S. M. Imran', 'thumbnail': 'https://lh3.googleusercontent.com/a-/ALV-UjUz7HN742FEehITe4Fphu3E95FIi1HB1OHbh7X3-48yNdcC8b7k=s120-c-rp-mo-ba5-br100', 'link': 'https://www.google.com/maps/contrib/108414030401728900225?hl=en-US', 'reviews': 265, 'photos': 102}",4,3 months ago,"I ordered Nachos and Meat Box from them tgrough Pathao food. Food quality was average. They have varieties of foods in their menu. Indian, Italian, Bengali all are found in this restaurant. So anyone can try. But the food is so so. Not too much delicious. In this price range it will be seems OK for me.",
Al Kareem Restaurant,"QCRF+MXJ, Bus-Stand, Dhaka 1212, Bangladesh",+880 1738-996808,N/A,4.2,462,"{'name': 'Minhajur Rahman', 'thumbnail': 'https://lh3.googleusercontent.com/a-/ALV-UjVVyfN58ABTKS8uzq5y2zgY3GNcygT7aJGwSmQf4Ul7kr2s0CKc=s120-c-rp-mo-ba5-br100', 'link': 'https://www.google.com/maps/contrib/110189399924802660968?hl=en-US', 'reviews': 201, 'photos': 1379}",5,a year ago,"They are located in the prime location of pragati sarani, As a Bangali item based restaurant I never had that much expectation from them, but their food quality and quantity was Marvelous compare to price and location. Service was pretty much good also. I must suggest you to try their special milk tea if You're a tea lover.",
Al Kareem Restaurant,"QCRF+MXJ, Bus-Stand, Dhaka 1212, Bangladesh",+880 1738-996808,N/A,4.2,462,"{'name': 'Mamun Boney', 'thumbnail': 'https://lh3.googleusercontent.com/a-/ALV-UjVUUferglrE2R4aHrFHjukbk3byqesPLdS7zp6c-ZNwdTWAFctj=s120-c-rp-mo-ba3-br100', 'link': 'https://www.google.com/maps/contrib/106329814590831920734?hl=en-US', 'reviews': 26, 'photos': 75}",4,5 months ago,"Great Food & Friendly Service, but Plan Ahead!

I've eaten here so often and tried various dishes – the taste is consistently above average. Their manager and staff are incredibly friendly, which always makes for a pleasant experience.
A big plus are their add-on items like jorda, mayonnaise, and sauces; they really add an extra touch to the meal.
My only minor suggestion would be for more vegetable options at dinner. I'd love to see that considered!
The environment can feel a bit congested, though I understand there might not be much space available nearby. Also, be prepared for a long wait during peak times, so it's definitely better to order your food over the phone for pickup or delivery.
Also I have taken a parcel service of a family program, found it very much cost effective.
Overall, a solid choice for good food and excellent service, just be mindful of the space and potential wait times!",
Al Kareem Restaurant,"QCRF+MXJ, Bus-Stand, Dhaka 1212, Bangladesh",+880 1738-996808,N/A,4.2,462,"{'name': 'MD SAJJAD HOSSAIN SIAM', 'thumbnail': 'https://lh3.googleusercontent.com/a-/ALV-UjVgQodKg4LFpeqaQkjIZOv9xS9WlJMo9yVOx6aRHmyNIhXVJGvUBg=s120-c-rp-mo-ba2-br100', 'link': 'https://www.google.com/maps/contrib/116745774188918730123?hl=en-US', 'reviews': 6, 'photos': 38}",1,a month ago,"Very poor management, no quality of work of the staff, less quantity of food according to the price and there is a matter of increasing the price day by day, sometimes the staff in the restaurant treat the customers badly. There is a lack of proper management. Their staff number is excessive but compared to that the quality of service is even worse than in low quality restaurants. If possible, you should not go to the restaurant.",
Al Kareem Restaurant,"QCRF+MXJ, Bus-Stand, Dhaka 1212, Bangladesh",+880 1738-996808,N/A,4.2,462,"{'name': 'S.A. Riaz', 'thumbnail': 'https://lh3.googleusercontent.com/a-/ALV-UjVt8u6f0Bl9bdLLTYCLjnRDC051GNiNwbBNmYiNIeO3E12FsnGkZQ=s120-c-rp-mo-ba4-br100', 'link': 'https://www.google.com/maps/contrib/107776894399316268449?hl=en-US', 'reviews': 44, 'photos': 189}",4,2 years ago,We ordered on foodpanda. For this reason packaging quality matters. And they did it perfectly. Packaging quality was good. Nun was well wrapped by foil paper and it was hot enough even after 50 min. Nun quality was good. Ordered BBQ Chicken half. Quality and test was good according to price. Ordered extra mayonnaise with these. Everything was good but these mayonnaises was not up to the mark. Really disappointed with the mayonnaise test and quality. I don't recommend extra mayonnaise from them as it will be waste of money. Overall recommend. Overall service and quality was good. Delivery was fast. BBQ Chicken and normal nun is recommended.,
Al Kareem Restaurant,"QCRF+MXJ, Bus-Stand, Dhaka 1212, Bangladesh",+880 1738-996808,N/A,4.2,462,"{'name': 'Consumer Report', 'thumbnail': 'https://lh3.googleusercontent.com/a/ACg8ocLarQ_zUS4eJHeEAWulcH59hNdHKLHK0xq32R9d_NMu9syLnQ=s120-c-rp-mo-br100', 'link': 'https://www.google.com/maps/contrib/118032512010159910776?hl=en-US', 'reviews': 3, 'photos': 0}",1,3 weeks ago,"Do not order via pathao, ordered ayer and got rui fish also chicken was bad too.",
Al Kareem Restaurant,"QCRF+MXJ, Bus-Stand, Dhaka 1212, Bangladesh",+880 1738-996808,N/A,4.2,462,"{'name': 'Touhidur Rahman', 'thumbnail': 'https://lh3.googleusercontent.com/a-/ALV-UjV-p0Rn42AWAMZL9eXVrAWbnxxCuKkK9imEEpEb_RKBi_ZLWE_6=s120-c-rp-mo-ba4-br100', 'link': 'https://www.google.com/maps/contrib/117270621919701405076?hl=en-US', 'reviews': 95, 'photos': 383}",4,2 years ago,Must try item is their Shawarma 🥙 . Their beef khechuri is good average taste. Faluda taste was good. All food price is reasonable. Recommended.,
Al Kareem Restaurant,"QCRF+MXJ, Bus-Stand, Dhaka 1212, Bangladesh",+880 1738-996808,N/A,4.2,462,"{'name': 'Abir Hasan', 'thumbnail': 'https://lh3.googleusercontent.com/a-/ALV-UjX8S6HYABgETzZJEkteQdbtPVFgROJhfQvgI5Ney9EBdnlMig73=s120-c-rp-mo-ba4-br100', 'link': 'https://www.google.com/maps/contrib/114547865540810932957?hl=en-US', 'reviews': 90, 'photos': 488}",5,Edited a year ago,"I ordered chicken bbq and Sharma  by foodpanda.It was a amazing food,i ever ate.😋
All food items were also good. i loved it💚",
Favola,"Le Méridien, Dhaka 79, Dhaka 1229, Bangladesh",+880 9638-900089,https://www.marriott.com/hotels/hotel-information/restaurant/dacmd-le-meridien-dhaka/,4.1,28,"{'name': 'Nayeem Siddiqui', 'thumbnail': 'https://lh3.googleusercontent.com/a-/ALV-UjWimFQel3rlnk3f9VHxz0Txq-LVGdREFPuRLxIQS7DOxfaYFJnsBg=s120-c-rp-mo-ba5-br100', 'link': 'https://www.google.com/maps/contrib/116932707606512862016?hl=en-US', 'reviews': 104, 'photos': 1670}",4,5 years ago,Really liked their food. Though their variation in the menu is a bit disappointing. Over the years it has been almost same. The ambiance is really nice & cozy. Also very near from the airport which gives easy access when taking the customers for dinner when they a flight to catch. Overall the place is recommended. Some of the prices can be a bit high but overall it is good.,
Favola,"Le Méridien, Dhaka 79, Dhaka 1229, Bangladesh",+880 9638-900089,https://www.marriott.com/hotels/hotel-information/restaurant/dacmd-le-meridien-dhaka/,4.1,28,"{'name': 'Buzzing In Saudia & the World', 'thumbnail': 'https://lh3.googleusercontent.com/a-/ALV-UjXpnzKxmeNXMIjPqxufPwnx7eB2fbeeF8wqFtgc8v0_qbCEkHg=s120-c-rp-mo-br100', 'link': 'https://www.google.com/maps/contrib/114269026758441005460?hl=en-US', 'reviews': 4, 'photos': 3}",2,3 years ago,"The food is good compared to the other places in Dhaka.
Ordered this seafood pasta, the pasta is aldente, but the seafood is not fresh. (Or maybe is the fact that the seafood is imported)

The restaurant atmosphere is nice with Italian music all the time, tidy and clean.
The staff is welcoming and trying to be very good and caring.",
Favola,"Le Méridien, Dhaka 79, Dhaka 1229, Bangladesh",+880 9638-900089,https://www.marriott.com/hotels/hotel-information/restaurant/dacmd-le-meridien-dhaka/,4.1,28,"{'name': 'TITASH TANVIR', 'thumbnail': 'https://lh3.googleusercontent.com/a-/ALV-UjUjExNtJP2Qm30g3WC2h2Uo0Qr9TzBoTwsjC8ZKIciKVtM6YXm-xw=s120-c-rp-mo-ba6-br100', 'link': 'https://www.google.com/maps/contrib/115407995917042096828?hl=en-US', 'reviews': 167, 'photos': 2793}",4,a year ago,Loved their Pizza & Bruschetta. Calamari was ok. But amazing view towards the runway of airport & all around.,
Favola,"Le Méridien, Dhaka 79, Dhaka 1229, Bangladesh",+880 9638-900089,https://www.marriott.com/hotels/hotel-information/restaurant/dacmd-le-meridien-dhaka/,4.1,28,"{'name': 'Dawoud Almehmadi', 'thumbnail': 'https://lh3.googleusercontent.com/a/ACg8ocLMtWyD8eRNv8b0o0TWUg1TaIxtcS0Qj6z5MbSqZsCtCTDxSQ=s120-c-rp-mo-br100', 'link': 'https://www.google.com/maps/contrib/116455666410101778939?hl=en-US', 'reviews': 5, 'photos': 5}",1,2 months ago,"Staff not respecting customers opinion they just believe what they say and don’t listen
Never try the steak 🤮 steak is marinated in smelly garlic and spices.",
Favola,"Le Méridien, Dhaka 79, Dhaka 1229, Bangladesh",+880 9638-900089,https://www.marriott.com/hotels/hotel-information/restaurant/dacmd-le-meridien-dhaka/,4.1,28,"{'name': 'Stefan Strydom', 'thumbnail': 'https://lh3.googleusercontent.com/a-/ALV-UjU8KymadnKauvoAl3ylOUFHY9_7AyVg8qssprxoHHp2TYxsVaRa=s120-c-rp-mo-ba4-br100', 'link': 'https://www.google.com/maps/contrib/100106808387369999423?hl=en-US', 'reviews': 77, 'photos': 116}",5,Edited 2 years ago,"Eggplant parmigiana was exquisite!!
Seafood linguine better than in Italy - a MUST TRY",
Favola,"Le Méridien, Dhaka 79, Dhaka 1229, Bangladesh",+880 9638-900089,https://www.marriott.com/hotels/hotel-information/restaurant/dacmd-le-meridien-dhaka/,4.1,28,"{'name': 'Md Alamgir', 'thumbnail': 'https://lh3.googleusercontent.com/a-/ALV-UjUCownOcqcWTnIWzT6O46Lcjb-i2qsjVAH2b9uDYgJQwCyQ5Q=s120-c-rp-mo-br100', 'link': 'https://www.google.com/maps/contrib/117513689651872124592?hl=en-US', 'reviews': 1, 'photos': 0}",5,2 years ago,"Talking about food taste It's true Italian. There is no guest, impurity is excellent. Good atmosphere, little people are universal, both taste and service.",
Favola,"Le Méridien, Dhaka 79, Dhaka 1229, Bangladesh",+880 9638-900089,https://www.marriott.com/hotels/hotel-information/restaurant/dacmd-le-meridien-dhaka/,4.1,28,"{'name': 'Mahabuba hoq', 'thumbnail': 'https://lh3.googleusercontent.com/a-/ALV-UjXq5v3Z4JjvLpr_y3JIuTwLOYO9CZWBsxGCbyRMqptRMXgVbx8v=s120-c-rp-mo-br100', 'link': 'https://www.google.com/maps/contrib/102858951158060538459?hl=en-US', 'reviews': 1, 'photos': 0}",5,2 years ago,"The restaurant atmosphere is nice with Italian music all the time, tidy and clean.",
Favola,"Le Méridien, Dhaka 79, Dhaka 1229, Bangladesh",+880 9638-900089,https://www.marriott.com/hotels/hotel-information/restaurant/dacmd-le-meridien-dhaka/,4.1,28,"{'name': 'Eddy Chin', 'thumbnail': 'https://lh3.googleusercontent.com/a/ACg8ocIAi_D62VK0bDK8_ICzvinawhaSPEq0b_W9hdMtbH-sSC_BXQ=s120-c-rp-mo-ba3-br100', 'link': 'https://www.google.com/maps/contrib/117030116957540674473?hl=en-US', 'reviews': 69, 'photos': 25}",1,6 years ago,Look at the taxes! Service Charge 10% + VAT 20% + SD 20% + Alc VAT 15%!!!,
DFC RESTAURANTS DHAKA,"23 Rd No 18, Dhaka 1229, Bangladesh",+880 1625-440013,N/A,4.5,2,"{'name': 'Saleha Akter', 'thumbnail': 'https://lh3.googleusercontent.com/a/ACg8ocITp5c4OfittWL05PvsPdiM54DzXbG21JLJsh-SGqEI_-FNJQ=s120-c-rp-mo-br100', 'link': 'https://www.google.com/maps/contrib/106415086188937712592?hl=en-US', 'reviews': 0, 'photos': 0}",5,3 months ago,,
DFC RESTAURANTS DHAKA,"23 Rd No 18, Dhaka 1229, Bangladesh",+880 1625-440013,N/A,4.5,2,"{'name': 'MD rofiuk', 'thumbnail': 'https://lh3.googleusercontent.com/a/ACg8ocLFWhWriJMKbP8qOV4mEKHMpSJCRdUQ_DqU6CrtJOhZRb4DNg=s120-c-rp-mo-br100', 'link': 'https://www.google.com/maps/contrib/110329883049651639750?hl=en-US', 'reviews': 0, 'photos': 0}",4,5 months ago,,
Coffee And,"Leve-3, BTI Premier Shopping Mall, Shop-6 Progoti Shoroni, Dhaka 1212, Bangladesh",+880 1998-600800,N/A,4.3,15,"{'name': 'Md Shafiul Bashar', 'thumbnail': 'https://lh3.googleusercontent.com/a-/ALV-UjV9llzM5wD3rGC2HFQFM_ZrQ-4ihw1FFS4ph4i2tWUll_vNFlbuaw=s120-c-rp-mo-ba7-br100', 'link': 'https://www.google.com/maps/contrib/100887442434472044129?hl=en-US', 'reviews': 564, 'photos': 4791}",5,9 months ago,"Its one of the popular cafe in BTI Premier Plaza Shopping mall Food zone!
It has a nice environment for passing quality time with friends and family!
Regularly I tried their coffee and chow mein! Quality is fine! I also had there cashew nut salad which was a best one.
🚻separate restroom facilities available in this food zone!",
Coffee And,"Leve-3, BTI Premier Shopping Mall, Shop-6 Progoti Shoroni, Dhaka 1212, Bangladesh",+880 1998-600800,N/A,4.3,15,"{'name': 'Khalid Hasan Zibon', 'thumbnail': 'https://lh3.googleusercontent.com/a-/ALV-UjXXb7tTd7BStvTVBzrpQnC274q67nII1rX2UcFSko24UzC0LG9RQQ=s120-c-rp-mo-ba6-br100', 'link': 'https://www.google.com/maps/contrib/105306387113602582335?hl=en-US', 'reviews': 131, 'photos': 2617}",5,3 years ago,"They make coffee with real beans! I was a bit skeptical, so I asked. 😅

The coffee was really good. So was the interior.

Will definitely come here again in the future.",
Coffee And,"Leve-3, BTI Premier Shopping Mall, Shop-6 Progoti Shoroni, Dhaka 1212, Bangladesh",+880 1998-600800,N/A,4.3,15,"{'name': 'James Richard', 'thumbnail': 'https://lh3.googleusercontent.com/a-/ALV-UjV1a1rGoqRelPn-5PinPv9tdYMrfM7ajboko7cbj_hSAG-1XwgjcQ=s120-c-rp-mo-ba4-br100', 'link': 'https://www.google.com/maps/contrib/109391735758314034591?hl=en-US', 'reviews': 29, 'photos': 167}",3,Edited a year ago,Burgers and drinks are too expensive.,
Coffee And,"Leve-3, BTI Premier Shopping Mall, Shop-6 Progoti Shoroni, Dhaka 1212, Bangladesh",+880 1998-600800,N/A,4.3,15,"{'name': 'Security Awareness for all', 'thumbnail': 'https://lh3.googleusercontent.com/a-/ALV-UjVfNqS_dVBynDBbr46qNaj6aTTHEjIUzdAYog6EzVy3K_WExog9=s120-c-rp-mo-ba2-br100', 'link': 'https://www.google.com/maps/contrib/111888512598065093836?hl=en-US', 'reviews': 1, 'photos': 52}",5,5 years ago,"Great espresso coffee, cappuccino, delicious foods, cozy venue, heart touching hospitality, great venue for birthday parties and more.",
Coffee And,"Leve-3, BTI Premier Shopping Mall, Shop-6 Progoti Shoroni, Dhaka 1212, Bangladesh",+880 1998-600800,N/A,4.3,15,"{'name': 'Md.Jakir Hossan', 'thumbnail': 'https://lh3.googleusercontent.com/a-/ALV-UjV8sexWLV8n-23PAYtGLYuKbiRp-QXV9U-e4GY5lhDMRJ3_ygPJ=s120-c-rp-mo-ba8-br100', 'link': 'https://www.google.com/maps/contrib/102538948178854745843?hl=en-US', 'reviews': 1031, 'photos': 5067}",5,4 years ago,An exclusive Coffee centre. You can offer your VIP guest for take coffee.,
Coffee And,"Leve-3, BTI Premier Shopping Mall, Shop-6 Progoti Shoroni, Dhaka 1212, Bangladesh",+880 1998-600800,N/A,4.3,15,"{'name': 'JamField Solution', 'thumbnail': 'https://lh3.googleusercontent.com/a-/ALV-UjUwAMo3Y4OAWhvAyhn_wtJerEXVArA1_wK8zXl2xPVi4BEHzA=s120-c-rp-mo-ba4-br100', 'link': 'https://www.google.com/maps/contrib/115114633894217209811?hl=en-US', 'reviews': 145, 'photos': 99}",5,2 years ago,Tea ... Just wow,
Coffee And,"Leve-3, BTI Premier Shopping Mall, Shop-6 Progoti Shoroni, Dhaka 1212, Bangladesh",+880 1998-600800,N/A,4.3,15,"{'name': 'COFFE AND - A Bangladeshi Restaurant', 'thumbnail': 'https://lh3.googleusercontent.com/a-/ALV-UjWbSc_ZBjvbvhVmwAX9GkVDuPhNFZfvWwQRQh2QRNJH79DPThA=s120-c-rp-mo-br100', 'link': 'https://www.google.com/maps/contrib/106302671123306855690?hl=en-US', 'reviews': 1, 'photos': 0}",5,3 years ago,Supportive staffs & convenient venue,
Coffee And,"Leve-3, BTI Premier Shopping Mall, Shop-6 Progoti Shoroni, Dhaka 1212, Bangladesh",+880 1998-600800,N/A,4.3,15,"{'name': 'Jahidul Islam Johir', 'thumbnail': 'https://lh3.googleusercontent.com/a-/ALV-UjWQN8p9uRusMd724AN3aZkt1lfUO_a_4N--iofe--3TDe3j6Mfs=s120-c-rp-mo-ba3-br100', 'link': 'https://www.google.com/maps/contrib/115956511259362011543?hl=en-US', 'reviews': 52, 'photos': 7}",5,a year ago,Well,
Cinnamon Restaurant,"Dhaka 1212, Bangladesh",N/A,N/A,3.9,503,"{'name': 'Rakib Sarker Sunbir (Citizen)', 'thumbnail': 'https://lh3.googleusercontent.com/a-/ALV-UjWMO1OxSJs_X7S7bfvL8jqDuYX-Su-wxwmr2ET4aH_QYR1RJRcSOQ=s120-c-rp-mo-ba6-br100', 'link': 'https://www.google.com/maps/contrib/106914823131078761135?hl=en-US', 'reviews': 351, 'photos': 361}",5,3 weeks ago,"Cinnamon Restaurant offers a pleasant dining experience with a refined ambience, quality food, and professional service. The dishes are well-presented, flavorful, and served in a timely manner. Pricing is slightly premium, but justified by the overall standard. Suitable for family dining and small gatherings.",
Cinnamon Restaurant,"Dhaka 1212, Bangladesh",N/A,N/A,3.9,503,"{'name': 'Atikur Rahman', 'thumbnail': 'https://lh3.googleusercontent.com/a-/ALV-UjV3dABIwLr-8GtWbqHxgstWp6dR_8kqEWhJXQqpnZtwA0Nf7MCT=s120-c-rp-mo-br100', 'link': 'https://www.google.com/maps/contrib/102360070572063467676?hl=en-US', 'reviews': 5, 'photos': 30}",3,a year ago,"Food was quite good. We ordered 2 fried rice(1:3)- 350 tk each.
1 chinese vegetables and 1 Chicken sizzling.
Fried rice was decent enough, vegetables was average and chicken sizzling was delicious. But the service was too poor, waiter wasn’t friendly at all",
Cinnamon Restaurant,"Dhaka 1212, Bangladesh",N/A,N/A,3.9,503,"{'name': 'Yeasin Arafat', 'thumbnail': 'https://lh3.googleusercontent.com/a-/ALV-UjXCNZxfIYJbpFrdcmmqvUYcOG-b3jz_cK9fw-4E4Z3uzBhknvck=s120-c-rp-mo-ba4-br100', 'link': 'https://www.google.com/maps/contrib/109746539932287587810?hl=en-US', 'reviews': 37, 'photos': 206}",3,4 years ago,"Ambience is average and service is also good, waiters are friendly. I have tried only one item from their menu that is (Thai Noodles), food price is comparatively higher and quality seems poor to me.",
Cinnamon Restaurant,"Dhaka 1212, Bangladesh",N/A,N/A,3.9,503,"{'name': 'Md. Nazmul Hasan', 'thumbnail': 'https://lh3.googleusercontent.com/a-/ALV-UjWO1tCYCOT7n4Cpu8icDdXSEE4oNh0Vcj2a9_eAWze5Byxjl5FsfA=s120-c-rp-mo-ba6-br100', 'link': 'https://www.google.com/maps/contrib/112532497672260104381?hl=en-US', 'reviews': 181, 'photos': 3838}",4,7 years ago,good place for lunch. food was tasty but they have to focus on the food's hygiene issue because we have got some blood inside the chicken piece. we found fried chicken was not cooked well. we have also complained about it. interestingly they serve pudding to us for that complain. interior is nice. behave of waiters is satisfying..,
Cinnamon Restaurant,"Dhaka 1212, Bangladesh",N/A,N/A,3.9,503,"{'name': 'Md. Moniruzzaman Tarafder Papon (Mo)', 'thumbnail': 'https://lh3.googleusercontent.com/a-/ALV-UjX-rtr4PAzttla7eq6ago51Jr1bgpYkaSgnrTb1bKzWRStRoIoTug=s120-c-rp-mo-ba5-br100', 'link': 'https://www.google.com/maps/contrib/100439031461846912776?hl=en-US', 'reviews': 189, 'photos': 527}",3,Edited 3 years ago,"This restaurant is just 5 min walk from my home. It's an okay restaurant, as this restaurant's target customers are students. I was there regular customer during my university time (2008). Don't expect too much from them.",
Cinnamon Restaurant,"Dhaka 1212, Bangladesh",N/A,N/A,3.9,503,"{'name': 'Shawona Mehruba Maheen', 'thumbnail': 'https://lh3.googleusercontent.com/a-/ALV-UjUF7q1Qrt3cZ8VFbzHXJYYEOvFT7Ya_3SHPVAPvYh9MCTtMcKk=s120-c-rp-mo-br100', 'link': 'https://www.google.com/maps/contrib/108737132264743988646?hl=en-US', 'reviews': 1, 'photos': 0}",1,4 months ago,The food was very disgusting.. we order hyderabadi mutton biryani . In the biryani there was a lot of nuts.. I was allergic to nuts... And the mutton was not proper cooked... It was like a metal ... In the biryani too much garlic smell and too spicy ... We spend like a 900$ the The money was wasted once. I say they should improve both the restaurant and the food. They should improve the quality of the food.,
Cinnamon Restaurant,"Dhaka 1212, Bangladesh",N/A,N/A,3.9,503,"{'name': 'Ibrahim H Rizwan', 'thumbnail': 'https://lh3.googleusercontent.com/a-/ALV-UjVCUQ_TZeBvj96BpsZlIjj7M3Rl9_6ZfcYgbGgF-4F9V0INNzKYcQ=s120-c-rp-mo-ba6-br100', 'link': 'https://www.google.com/maps/contrib/103349674003321136221?hl=en-US', 'reviews': 166, 'photos': 3137}",3,4 years ago,Good food with price a bit on the high side considering the quality you receive. Popular among adjacent office staffs and BRAC University students it has a decent range of choices in the menu.,
Cinnamon Restaurant,"Dhaka 1212, Bangladesh",N/A,N/A,3.9,503,"{'name': 'Souradeep Dasgupta', 'thumbnail': 'https://lh3.googleusercontent.com/a-/ALV-UjW9zA-lQbOiVB_hiosFek1PIW5JbMNtPLz6N4lNdy9vM33Ae9lg=s120-c-rp-mo-ba6-br100', 'link': 'https://www.google.com/maps/contrib/114392829050911952643?hl=en-US', 'reviews': 86, 'photos': 2162}",4,4 months ago,"Once upon a time, when BRAC University used to be at Mohakhali, it was our go-to place if we wanted to have something special. There were not many restaurants nearby as there are now, so this place actually was special. Pretty decent Bangla-Chinese foods, and they used to have really good aloo paratha there (not sure if they still serve those, so soft and delicious). And there was some kind of Garlic Chicken - another wonderful dish to try!",
Attin Arabian Restaurant,"House 9 Rd No 27, Dhaka 1212, Bangladesh",+880 1833-328351,N/A,4.2,348,"{'name': 'Mahbub Alam', 'thumbnail': 'https://lh3.googleusercontent.com/a-/ALV-UjWH8S1ji_gvjyXOCKafTXkcOtF7V90WvSVapWoqTzThVwMCwWaV=s120-c-rp-mo-ba4-br100', 'link': 'https://www.google.com/maps/contrib/101227828035704644906?hl=en-US', 'reviews': 95, 'photos': 243}",4,7 months ago,"The food quality is good compared to other restaurants in Bangladesh. However, it does not match the standards of Arabian countries. The service is excellent—very welcoming, friendly, and cooperative. The atmosphere could be slightly improved, with better ventilation to enhance the fragrance. Washroom facilities are available but space is limited.",
Attin Arabian Restaurant,"House 9 Rd No 27, Dhaka 1212, Bangladesh",+880 1833-328351,N/A,4.2,348,"{'name': 'Nahian Islam', 'thumbnail': 'https://lh3.googleusercontent.com/a-/ALV-UjVRuaLV9tLGP4bp7Kx8P9eniTtDK4ZmPgKWakPS4BChmkr20gEz=s120-c-rp-mo-ba6-br100', 'link': 'https://www.google.com/maps/contrib/109034004896526292262?hl=en-US', 'reviews': 352, 'photos': 2280}",4,10 months ago,Recommended place for Arabian food. The ordered foods were really delicious. The environment is perfect for gossip. Stuff behaviours are also good. However the price seems too High. You may not be disappointed cause the food is really very tasty. They also have some parking spaces.,
Attin Arabian Restaurant,"House 9 Rd No 27, Dhaka 1212, Bangladesh",+880 1833-328351,N/A,4.2,348,"{'name': 'Faysal Ahammed Hemal', 'thumbnail': 'https://lh3.googleusercontent.com/a-/ALV-UjUWgxsFl9LXm4J0TMLsfIZ9bWD1Q3-cCbIOd6eZY3EHK7XJBFcT2w=s120-c-rp-mo-ba6-br100', 'link': 'https://www.google.com/maps/contrib/100926232345135394591?hl=en-US', 'reviews': 483, 'photos': 4124}",4,9 months ago,"We, a group of colleagues, went out for lunch together. The location is good and easily recognizable. The quality of the food is good, but the waiting time is quite long. Communicating with the staff taking the orders was a bit tough.

We sat upstairs, and the interior environment was nice.

Overall, the food was good, and the service was satisfactory.

The handwashing facilities were also decent.",
Attin Arabian Restaurant,"House 9 Rd No 27, Dhaka 1212, Bangladesh",+880 1833-328351,N/A,4.2,348,"{'name': 'Adil M. C.', 'thumbnail': 'https://lh3.googleusercontent.com/a-/ALV-UjW15Rp6QUFtJz4C6NaiITlFklkTQj_CqeTS_PID-9azFxrziWlA7g=s120-c-rp-mo-ba5-br100', 'link': 'https://www.google.com/maps/contrib/100313459789322304115?hl=en-US', 'reviews': 178, 'photos': 1322}",1,11 months ago,"I grew up in Saudi Arabia, and while I understand it’s hard to replicate the same quality, the food here was shockingly bad. The chicken had no flavor and was completely inedible. We ordered the Attin platter, and the shrimp tasted like it had been frozen for ages—absolutely no flavor. The lamb chops were chewy, like gum, and lacked any seasoning or taste. Truly disappointing.

Btw hummus with meat was good.",
Attin Arabian Restaurant,"House 9 Rd No 27, Dhaka 1212, Bangladesh",+880 1833-328351,N/A,4.2,348,"{'name': 'Kazi Sartaj Ahmed', 'thumbnail': 'https://lh3.googleusercontent.com/a-/ALV-UjXuYNNZhLmZObQIEipO-rIjPZSIEAUAZVyIsbbAkWtLAXRModwL=s120-c-rp-mo-ba4-br100', 'link': 'https://www.google.com/maps/contrib/114003047932517708540?hl=en-US', 'reviews': 39, 'photos': 106}",4,a year ago,"One of the best places to try Lebanese food in Dhaka. Their service is top notch, their food tastes great and the dining atmosphere is very pleasant. They even have floor carpet sit down style dining rooms for the most authentic Arabian food experience. Highly recommended. Expect quite a hefty bill but you can go as 4 people and easily split the bill for around 1k each or even less. They had Mandi too but it’s worth it if an entire group of 14-16 people all plan on dining as a group. Parking is on the street and so you might not always find a spot to park. One complain I have is that they have mosquitos and fly’s that bother us during dining and they can easily mitigate it if they use an electric fly trap in all their rooms.",
Attin Arabian Restaurant,"House 9 Rd No 27, Dhaka 1212, Bangladesh",+880 1833-328351,N/A,4.2,348,"{'name': 'Ahmed Hossain', 'thumbnail': 'https://lh3.googleusercontent.com/a-/ALV-UjWWVrNn1F90F0mIqPgLqJGMLaTYatkVjHE3u_HmjuQ-_Mg5ivXI=s120-c-rp-mo-br100', 'link': 'https://www.google.com/maps/contrib/106897439097030167282?hl=en-US', 'reviews': 9, 'photos': 6}",5,9 months ago,One of my favourite places to dine in with my family and friends!! And always satisfied with their hospitality and food quality,
Attin Arabian Restaurant,"House 9 Rd No 27, Dhaka 1212, Bangladesh",+880 1833-328351,N/A,4.2,348,"{'name': 'Mohaimanul Islam', 'thumbnail': 'https://lh3.googleusercontent.com/a-/ALV-UjU2mJDFQDJ9xFEdSTdjMZ2zoDSEeTuvSMejZyerKLbaprbxVw=s120-c-rp-mo-ba3-br100', 'link': 'https://www.google.com/maps/contrib/113029439715941238543?hl=en-US', 'reviews': 24, 'photos': 15}",1,a year ago,"Oh my god! This restaurant is scamming people. Their foods are not similar to the actual Arabian foods. They have increased the price of all the foods and decreased the quality. What a shame! I tried this 1450 tk menu and got 2 pebble-like mutton pieces which tasted very bad, the sauce was tasteless, the salad was soggy, rice had no akhni. People who are given 5 stars have never tried the actual Arabian food. This restaurant doesn't deserve 4 starts.

Strongly Not RECOMMENDED.",
Attin Arabian Restaurant,"House 9 Rd No 27, Dhaka 1212, Bangladesh",+880 1833-328351,N/A,4.2,348,"{'name': 'Rimel Ahmod', 'thumbnail': 'https://lh3.googleusercontent.com/a-/ALV-UjVToIMDGzIP6f-SJGV_ZbaSzLKeCeVSoMuOnHbvqn5JxDBCCSDA=s120-c-rp-mo-ba6-br100', 'link': 'https://www.google.com/maps/contrib/117256863841940082676?hl=en-US', 'reviews': 26, 'photos': 1651}",3,a year ago,"Shocking Khabsa!

We ordered Khabsa but unfortunately it was not khabsa. It tasted like Indian Chicken which was given on the top of Khabsa. It was really embarrassing for me as I have suggested the restaurant as Arabic. And the guest was the ex-employee of Saudi Airlines. He told me that was just okay. But no Arabic herbs or spices even ingredients been used in the dish. But he appreciated the Baklava (Turkish).

Hope the authority will be more caring for the authentic dishes and cuisines.

That's all from my side.

Thank you!",
Bahar,"Renaissance Dhaka Gulshan Hotel, 78 Gulshan Ave, Dhaka 1212, Bangladesh",+880 1704-112647,https://www.renaissance-dhaka-restaurants.com/,4.2,99,"{'name': 'Md Moin uddin Hassan', 'thumbnail': 'https://lh3.googleusercontent.com/a-/ALV-UjW2RvWScCcwXnYzyQuiE-hfLy9-H5hxehUd6Bs4DSno98qYf7Rf=s120-c-rp-mo-ba4-br100', 'link': 'https://www.google.com/maps/contrib/104856553884508022956?hl=en-US', 'reviews': 79, 'photos': 404}",5,3 months ago,"We were somewhat surprised with the menu and the taste as well, didn't really expect it to be that good. Enjoyed every bit of their Mediterranean buffet dinner. From salads to desserts, items were good in taste to presentation. Well trained staff and a vibrant interior made the dine better. I believe, we found a great addition to our family dinner choices at Dhaka.",
Bahar,"Renaissance Dhaka Gulshan Hotel, 78 Gulshan Ave, Dhaka 1212, Bangladesh",+880 1704-112647,https://www.renaissance-dhaka-restaurants.com/,4.2,99,"{'name': 'Jubaer Hossain', 'thumbnail': 'https://lh3.googleusercontent.com/a-/ALV-UjXIcwMqVQNj6V2YCsIkh6NnIDRtfPpNDeqyYzUr3_VX6HE85V3z=s120-c-rp-mo-br100', 'link': 'https://www.google.com/maps/contrib/103684648239645206727?hl=en-US', 'reviews': 4, 'photos': 1}",5,a month ago,So nice ambience. I went there to celebrate my birthday with my wife. overall food quality was top notch. Their behavior was also too good and Mr Ezakael assited us to select food which is so impressive. I wish Mr. Ezakael a very good luck for his upcoming days.,
Bahar,"Renaissance Dhaka Gulshan Hotel, 78 Gulshan Ave, Dhaka 1212, Bangladesh",+880 1704-112647,https://www.renaissance-dhaka-restaurants.com/,4.2,99,"{'name': 'Tahsina Yasmin', 'thumbnail': 'https://lh3.googleusercontent.com/a-/ALV-UjWjJNFQHCsOMBBfN1WDfPge8Go7N3xechY1COZNPWR6A8lYydqT=s120-c-rp-mo-ba6-br100', 'link': 'https://www.google.com/maps/contrib/102940574623847870436?hl=en-US', 'reviews': 424, 'photos': 2256}",5,a year ago,"We tried their Sunday buffet lunch and loved their food! The mutton and grilled fish were my favorite. The attendants were warm, helpful, and very attentive to the guests. The decor is nice. The tables could have been more spaces out.",
Bahar,"Renaissance Dhaka Gulshan Hotel, 78 Gulshan Ave, Dhaka 1212, Bangladesh",+880 1704-112647,https://www.renaissance-dhaka-restaurants.com/,4.2,99,"{'name': 'Ashik', 'thumbnail': 'https://lh3.googleusercontent.com/a-/ALV-UjU6ikj3Z_1Qyn3lfoOt-R8SpREC2mZhZ2kpkcmEHXUfkprL4RnC=s120-c-rp-mo-ba5-br100', 'link': 'https://www.google.com/maps/contrib/117077474542733214154?hl=en-US', 'reviews': 167, 'photos': 263}",5,a year ago,"Had the B1G2 lunch buffet for 4299/- only. The taste of almost every item was very good, well cooked and fresh, better than any dedicated buffet place. Truly worth the price. Service and atmosphere is also good, though it gets busy during the holidays. Water and watermelon mojito is also included in the buffet which spares costs of buying expensive drinks. Though coffee is not included.

The only complaint is that the number of main dishes is limited. Specially Bangla Chinese items are very limited which is disappointing. There is a good selection of desert items though and they taste better than most bakeries. Cashew nut salad should have been included too.",
Bahar,"Renaissance Dhaka Gulshan Hotel, 78 Gulshan Ave, Dhaka 1212, Bangladesh",+880 1704-112647,https://www.renaissance-dhaka-restaurants.com/,4.2,99,"{'name': 'Yusuf Zubayer', 'thumbnail': 'https://lh3.googleusercontent.com/a-/ALV-UjViB--mhSQ4PWXc5ctRUsUbVU7tK2Iam2TGnEOIE6cZZRa61ecNdw=s120-c-rp-mo-ba6-br100', 'link': 'https://www.google.com/maps/contrib/114082916121207680883?hl=en-US', 'reviews': 267, 'photos': 1467}",5,3 years ago,"We have had breakfast their multiple times. Haven’t had any other meals. The ambiance is exquisite, service truly 5 star. They turned the ac temperature up at our request as our young one was cold. Without any fuzz. Heated the juice to room temperature for my kid without losing their smile. Their buffet is elaborate and all (bar none) the items are awesome. I won’t go item by item as all the items are perfectly cooked. We almost always find issue with the amount of salt in the cold cuts. Here: perfect! We had a B1G2 offer which took the expense down to normal level. If you’re looking for a good breakfast experience, no a great breakfast experience, you needn’t go anywhere else.",
Bahar,"Renaissance Dhaka Gulshan Hotel, 78 Gulshan Ave, Dhaka 1212, Bangladesh",+880 1704-112647,https://www.renaissance-dhaka-restaurants.com/,4.2,99,"{'name': 'Mahbub Rahman Nafee', 'thumbnail': 'https://lh3.googleusercontent.com/a-/ALV-UjWGG_rI0QHRHuouWzHjFbIsfOhG_tp02JE3jOO1OesHU-InJFTaGQ=s120-c-rp-mo-ba6-br100', 'link': 'https://www.google.com/maps/contrib/117128918231819158693?hl=en-US', 'reviews': 405, 'photos': 3869}",3,a year ago,"Went here to have their iftar come dinner buffet. Honestly, when you enter the dining area, you can tell they placed more tables just to accommodate extra orders, and made the place just overpacked. The food options were good but when there's a queue for almost all items, it just takes away all the good vibes from the variety of food on offer. The over crowded-ness just added to all the woes, it was difficult to even walk back to our table after having been able to successfully hunt and secure the food. They had a good selection of items but alas due to the traffic pertaining to the major items, was able to secure maybe a bit of the good stuff. Perhaps I need to visit them during normal time to fully value the food and its quality. But definitely never going back if they continue to overfill like this. They had praying rooms on the second floor which was a good thing.",
Bahar,"Renaissance Dhaka Gulshan Hotel, 78 Gulshan Ave, Dhaka 1212, Bangladesh",+880 1704-112647,https://www.renaissance-dhaka-restaurants.com/,4.2,99,"{'name': 'maisha mowazzaim', 'thumbnail': 'https://lh3.googleusercontent.com/a-/ALV-UjWP7i8Osn9cLpHoVGgdDaksMzTlG03Ga2-Tk2KJOC8U7vokLrUw=s120-c-rp-mo-br100', 'link': 'https://www.google.com/maps/contrib/115221853190889899404?hl=en-US', 'reviews': 7, 'photos': 0}",2,2 months ago,"The seafood fest was a big disappointment and nothing like the videos advertised.

Food:
A few things were decent — the sushi, some Indian curries, and 2–3 desserts stood out. The fruit and cold cuts were fresh. But beyond that, it went downhill. The “live seafood” section didn’t even have lobster, tuna, or pomfret. The large pieces on display were just for show. The grill served only salted fish, completely dry, without even a slice of lime. The live station was just a stir-fry where you had to search for seafood. The so-called paella was basically polau with a few oysters on top. Most of the other fish dishes simply tasted bad.

Service:
The staff weren’t rude, but the service was nonexistent. Our table didn’t have glasses, and when I asked, they only brought one. When clearing plates, they placed all the cutlery onto the dirty plate. When we asked for fresh cutlery (since we didn’t know which “trash spoon” belonged to whom anymore), they just pointed out a few and we had to ask again. Even settling the bill was a hassle — after asking three times, my friend finally had to joke, “Should we just leave without paying?” before anyone brought it.",
Bahar,"Renaissance Dhaka Gulshan Hotel, 78 Gulshan Ave, Dhaka 1212, Bangladesh",+880 1704-112647,https://www.renaissance-dhaka-restaurants.com/,4.2,99,"{'name': 'Mushfiqur Rahman', 'thumbnail': 'https://lh3.googleusercontent.com/a-/ALV-UjXWBL_OS6_oSubEI5DXe3I1QviHbmwlFnOFfEVUIb9h5t0YhPnL=s120-c-rp-mo-ba5-br100', 'link': 'https://www.google.com/maps/contrib/112297164299637266065?hl=en-US', 'reviews': 112, 'photos': 734}",4,3 years ago,"The place has a great ambience. If you're looking to spend a quality night with someone special, this is the place. It's quiet,  not very noisy.

The staff are very friendly and professional. Really liked the service they provided.

The food was really great. There's no question about the quality of the food. They were very fresh and tasty.

But for 5,000 BDT you would expect a bit more variety in the food. There were less options then we expected.

But overall it was a good experience.",
Jadu Bangla Restaurant,"4, House 10 Road, Dhaka 1213, Bangladesh",+880 1752-801548,N/A,4,648,"{'name': 'MD NISHAD MONDOL', 'thumbnail': 'https://lh3.googleusercontent.com/a-/ALV-UjVCYOb7S2j-lD80FzJldV3Ih2qb9gPF3z-SHuNwZ8Me0cWXDc_8=s120-c-rp-mo-ba4-br100', 'link': 'https://www.google.com/maps/contrib/104973528882542763242?hl=en-US', 'reviews': 45, 'photos': 433}",5,a week ago,Food quality and price both are quite exceptional for a place like Banani.,
Jadu Bangla Restaurant,"4, House 10 Road, Dhaka 1213, Bangladesh",+880 1752-801548,N/A,4,648,"{'name': 'Md. Mahfuj Hasan Lingkon', 'thumbnail': 'https://lh3.googleusercontent.com/a-/ALV-UjVD4Qpl_xUYEaQL2TIJipTF0HEjDgKFWHh-cNlJIKwq12_jn73z=s120-c-rp-mo-ba3-br100', 'link': 'https://www.google.com/maps/contrib/115739657451473456266?hl=en-US', 'reviews': 30, 'photos': 45}",5,2 years ago,Food quality is good. But the service was average. Very crowded place. At the launch time there are many customers.,
Jadu Bangla Restaurant,"4, House 10 Road, Dhaka 1213, Bangladesh",+880 1752-801548,N/A,4,648,"{'name': 'Md Ehsanul Haque', 'thumbnail': 'https://lh3.googleusercontent.com/a-/ALV-UjX-FpBX4GEIZYJ9ypJVpTuNpeEnayRlVV5mGZDQ2ItWMW5wDRdDmQ=s120-c-rp-mo-ba3-br100', 'link': 'https://www.google.com/maps/contrib/111844660792320275484?hl=en-US', 'reviews': 25, 'photos': 6}",4,a month ago,"Good place for breakfast, lunch and dinner.",
Jadu Bangla Restaurant,"4, House 10 Road, Dhaka 1213, Bangladesh",+880 1752-801548,N/A,4,648,"{'name': 'Md. Adib Ibne Yousuf', 'thumbnail': 'https://lh3.googleusercontent.com/a-/ALV-UjXirQIvfI2F3G7owjsNKrFZzqnc1A1fhXaYKAGL8BYefKgd-__Sjw=s120-c-rp-mo-ba4-br100', 'link': 'https://www.google.com/maps/contrib/103647892655339563881?hl=en-US', 'reviews': 49, 'photos': 307}",5,4 years ago,Their chicken chap with butter nun was awesome. Visited with friend tonight. Wanna come again with friends in future.,
Jadu Bangla Restaurant,"4, House 10 Road, Dhaka 1213, Bangladesh",+880 1752-801548,N/A,4,648,"{'name': 'Motion Mishu', 'thumbnail': 'https://lh3.googleusercontent.com/a-/ALV-UjW4zVOcI7pIOWSyzyeH9T5-nhcKySUPCj4KHtZlG9bAhNi5PCEk2w=s120-c-rp-mo-ba4-br100', 'link': 'https://www.google.com/maps/contrib/101384799376211510180?hl=en-US', 'reviews': 36, 'photos': 198}",3,3 years ago,This Restaurant other items I think good but হালিম not an average,
Jadu Bangla Restaurant,"4, House 10 Road, Dhaka 1213, Bangladesh",+880 1752-801548,N/A,4,648,"{'name': 'Ashraful Insan', 'thumbnail': 'https://lh3.googleusercontent.com/a-/ALV-UjVU_T9IGoi9g8Q2Ei7-CYNYd2UeryAeRXSw9XF7oxTsYNyt6g-U=s120-c-rp-mo-ba5-br100', 'link': 'https://www.google.com/maps/contrib/105320569266484562443?hl=en-US', 'reviews': 102, 'photos': 1091}",5,Edited 11 months ago,Good food,
Jadu Bangla Restaurant,"4, House 10 Road, Dhaka 1213, Bangladesh",+880 1752-801548,N/A,4,648,"{'name': 'Harun Or Rashid', 'thumbnail': 'https://lh3.googleusercontent.com/a-/ALV-UjXnm_tBxa5eWIuYH0P8-qHxQI09qonlkl5UFO5IYwn2X3hvn9DT=s120-c-rp-mo-ba4-br100', 'link': 'https://www.google.com/maps/contrib/107890614288319873934?hl=en-US', 'reviews': 35, 'photos': 134}",4,5 years ago,"Food quality is good,  but biriyani 6/10",
Jadu Bangla Restaurant,"4, House 10 Road, Dhaka 1213, Bangladesh",+880 1752-801548,N/A,4,648,"{'name': 'Alamin Asif', 'thumbnail': 'https://lh3.googleusercontent.com/a-/ALV-UjWKt_7M6gYQBGul0qfNDQ5pvUWVFq35Asi_XR3wAYe7RYoFW-_1=s120-c-rp-mo-ba4-br100', 'link': 'https://www.google.com/maps/contrib/109444309216175148483?hl=en-US', 'reviews': 67, 'photos': 345}",5,3 years ago,Fairly good quality food and affordable price compared to that area.,
"Japanese Restaurant ICHI in Banani, Dhaka.","House No 32, Level- 2, Block- G Road No. 11, Dhaka 1213, Bangladesh",+880 1759-317928,N/A,3.9,370,"{'name': 'Mushfique Salahin', 'thumbnail': 'https://lh3.googleusercontent.com/a-/ALV-UjVglZYFZHEs_9YIwRVCP8O6Ffh9H_pHvupWuum6kE9WaDF9C3E=s120-c-rp-mo-br100', 'link': 'https://www.google.com/maps/contrib/109087689250243328904?hl=en-US', 'reviews': 2, 'photos': 9}",5,4 months ago,"Recently had the pleasure of dining at ICHI Japanese Restaurant in Dhaka, and I must say, it was an unforgettable experience! From the moment I walked in, the ambiance instantly set the tone for an authentic Japanese dining experience. The cozy, traditional setting, with its soft lantern lights and wooden accents, made me feel like I had stepped straight into a restaurant in Japan.

Now, let's talk about the food – it was absolutely incredible! The menu offers a variety of dishes that made my taste buds dance. I tried the Rainbow Roll, and it was nothing short of perfection. The freshness of the ingredients really stood out. The Sirloin Steak was another highlight – cooked to perfection and bursting with flavors that left me craving more. It’s clear that the chef here puts a lot of care and attention into every dish.

What truly impressed me was the friendly and attentive staff, who made sure my dining experience was nothing less than top-notch. Their recommendations were spot on, and they made me feel right at home. Whether you're a regular Japanese cuisine lover or trying it for the first time, ICHI has something to satisfy everyone's palate.

And if you're like me and sometimes prefer dining at home, ICHI's delivery service is just as great, maintaining the same high quality as dining in.

I can't recommend ICHI enough – it’s a hidden gem in the heart of Dhaka that deserves a visit. Whether for a special occasion or a casual meal, you’ll find yourself coming back for more.",
"Japanese Restaurant ICHI in Banani, Dhaka.","House No 32, Level- 2, Block- G Road No. 11, Dhaka 1213, Bangladesh",+880 1759-317928,N/A,3.9,370,"{'name': 'Taqi Yaseer Rahman', 'thumbnail': 'https://lh3.googleusercontent.com/a-/ALV-UjVLTz4QvyjhljeozNx-yND9JN0cNrf8hGSOkt9KK10Bob5kEjyZ=s120-c-rp-mo-ba6-br100', 'link': 'https://www.google.com/maps/contrib/102630913758463393645?hl=en-US', 'reviews': 220, 'photos': 1631}",5,a year ago,"Ichi, a Japanese restaurant, located in: House# 32, Level# 2, Block# G, Road# 11, Banani, Dhaka 1213. The place is so quiet and clean. The foods are tasty. But the price of the foods are higher than usual. The environment of the restaurant is also wonderful. You can feel the taste of Japan!",
"Japanese Restaurant ICHI in Banani, Dhaka.","House No 32, Level- 2, Block- G Road No. 11, Dhaka 1213, Bangladesh",+880 1759-317928,N/A,3.9,370,"{'name': 'Md Riaz', 'thumbnail': 'https://lh3.googleusercontent.com/a/ACg8ocJabiKGax4jFI6cZ4wWyGWiWzA0WjUvFdYZ9CokG1h4NnbqGg=s120-c-rp-mo-br100', 'link': 'https://www.google.com/maps/contrib/104477885776694697717?hl=en-US', 'reviews': 1, 'photos': 0}",5,4 months ago,"The ambience was very elegant and pristine. The food too was hygienic and delicious. The staff was well-behaved, and their service was top-notch. If anyone is interested in experiencing authentic Japanese cuisine, this is the place for them.",
"Japanese Restaurant ICHI in Banani, Dhaka.","House No 32, Level- 2, Block- G Road No. 11, Dhaka 1213, Bangladesh",+880 1759-317928,N/A,3.9,370,"{'name': 'Sharif Hossain', 'thumbnail': 'https://lh3.googleusercontent.com/a-/ALV-UjV8ud4dmtDZiHXgcxcLAlsysltmCVQcbbsPY3re8K_eD3B1960=s120-c-rp-mo-br100', 'link': 'https://www.google.com/maps/contrib/103448422853484729034?hl=en-US', 'reviews': 1, 'photos': 0}",5,2 months ago,This was our first ever trial of an authentic japanese restaurant. And the overall hospitality and quality of food was simply amazing. Will make sure to go again in sha Allah.,
"Japanese Restaurant ICHI in Banani, Dhaka.","House No 32, Level- 2, Block- G Road No. 11, Dhaka 1213, Bangladesh",+880 1759-317928,N/A,3.9,370,"{'name': 'Debashish Ray', 'thumbnail': 'https://lh3.googleusercontent.com/a-/ALV-UjW_qb825PFZqhxfW01J3ajvt3KDtopdpBrjm57FwaQMRU8GyPLv=s120-c-rp-mo-ba4-br100', 'link': 'https://www.google.com/maps/contrib/111159465347976277973?hl=en-US', 'reviews': 113, 'photos': 329}",5,4 years ago,"The inside decoration is 100% Japanese. They also served foods following Japanese manner. I tasted Sushi. Only one thing lacks is freshness of food.
Location tips: you will find it google maps. However, you will not find the name of this restaurant outside of the building. Another thing, you will find the restaurant closed, although it is open. Please ring the doorbell.",
"Japanese Restaurant ICHI in Banani, Dhaka.","House No 32, Level- 2, Block- G Road No. 11, Dhaka 1213, Bangladesh",+880 1759-317928,N/A,3.9,370,"{'name': 'Sadman Dhruba', 'thumbnail': 'https://lh3.googleusercontent.com/a-/ALV-UjWlZa0gHz2WRKKq7w927-sWZAvPFQD_tE4AZKnF9zKTHa2r83QY=s120-c-rp-mo-ba5-br100', 'link': 'https://www.google.com/maps/contrib/106608686826613877356?hl=en-US', 'reviews': 77, 'photos': 831}",5,2 years ago,"Well, was a lil nervous to try japanese food ngl.  But those were some treat to the buds. ♥

Staffs are super amiable, ambiance is too nice.
Recommended.",
"Japanese Restaurant ICHI in Banani, Dhaka.","House No 32, Level- 2, Block- G Road No. 11, Dhaka 1213, Bangladesh",+880 1759-317928,N/A,3.9,370,"{'name': 'Ekram Ahmed', 'thumbnail': 'https://lh3.googleusercontent.com/a/ACg8ocIuPjEvGRr2_dLw1rLcwkUh31h_A3eElYukMy8_K4UcH8QQgA=s120-c-rp-mo-br100', 'link': 'https://www.google.com/maps/contrib/106213406516629470699?hl=en-US', 'reviews': 4, 'photos': 0}",5,4 months ago,One of the best and authentic food that you will get in Banani11. Food is delicious and ambience is like you visited Tokyo. Every now and then I visit the place with my friends and family.,
"Japanese Restaurant ICHI in Banani, Dhaka.","House No 32, Level- 2, Block- G Road No. 11, Dhaka 1213, Bangladesh",+880 1759-317928,N/A,3.9,370,"{'name': 'Habib Miah', 'thumbnail': 'https://lh3.googleusercontent.com/a-/ALV-UjVElMaJGrHDcfZYbR2Zr6l4XTD2wSagY-RHUUGvb3wPbKdrg9i7=s120-c-rp-mo-br100', 'link': 'https://www.google.com/maps/contrib/106346083826023146639?hl=en-US', 'reviews': 1, 'photos': 0}",5,4 months ago,"The place & restaurant is so very good.
Also the food was very delicious & yammy.",
Parjatan Rooftop Restaurant,"Dhaka, Bangladesh",+880 2-41024220,http://rooftop.gov.bd/,3.9,712,"{'name': 'Shariful Hasan Khan', 'thumbnail': 'https://lh3.googleusercontent.com/a-/ALV-UjUscihOejzh8KX6dQsZOoqllNrnbDqBBNfIzJeDFzRr8Hmi-eAI=s120-c-rp-mo-ba3-br100', 'link': 'https://www.google.com/maps/contrib/111027259912208221214?hl=en-US', 'reviews': 59, 'photos': 29}",1,a month ago,"Food is below average. . . . Quality is bad. Chicken Cashewnut Salad had no chicken & it was like a fruit salad. The soup is almost plain (very less chicken/prawn).

Even the waiters were very unprofessional. Seems like they were very disgusted if customer comes.

The only place is i like is the environment and place.",
Parjatan Rooftop Restaurant,"Dhaka, Bangladesh",+880 2-41024220,http://rooftop.gov.bd/,3.9,712,"{'name': 'Asim Tarafder', 'thumbnail': 'https://lh3.googleusercontent.com/a-/ALV-UjXOGlRsHN-c4VvOWuStnkDlilxmKTxduXFjiJEm7mNC5Jf5ASUd9g=s120-c-rp-mo-ba6-br100', 'link': 'https://www.google.com/maps/contrib/101476723486822462916?hl=en-US', 'reviews': 479, 'photos': 844}",5,a year ago,It's fantastic. A beautiful outdoor. AC indoor. Service is also good. Food was tasty. Overall I liked. Recently we arranged a party here.,
Parjatan Rooftop Restaurant,"Dhaka, Bangladesh",+880 2-41024220,http://rooftop.gov.bd/,3.9,712,"{'name': 'MD ZAHIDUL HASAN', 'thumbnail': 'https://lh3.googleusercontent.com/a-/ALV-UjWW4Bp0mP1AUJPz4xTfy9xMzaXMhLm1hNZAXek9uNSHMpto7VTrnQ=s120-c-rp-mo-ba4-br100', 'link': 'https://www.google.com/maps/contrib/109946662511711878840?hl=en-US', 'reviews': 24, 'photos': 90}",4,2 years ago,"I had a wonderful dining experience at the Rooftop Restaurant at Bangladesh Parjatan Corporation. The ambiance was amazing, with a stunning view from the rooftop. Foods are tasty actually very similar to other Parjatan Corporation restaurants I have visited. I particularly enjoyed the serene atmosphere and the amazing rooftop view of agargaon. But sadly did not find any sitting arrangement under open sky. Whether it's a romantic dinner or a casual meal with friends, this rooftop restaurant is definitely worth a visit.",
Parjatan Rooftop Restaurant,"Dhaka, Bangladesh",+880 2-41024220,http://rooftop.gov.bd/,3.9,712,"{'name': 'Khaled Bhuiyan', 'thumbnail': 'https://lh3.googleusercontent.com/a-/ALV-UjV7FO49Fav0vmHptSNTtMThOkBMmGk9ErfqUGnqsqfVq1knb_R5=s120-c-rp-mo-ba4-br100', 'link': 'https://www.google.com/maps/contrib/105975138499696603600?hl=en-US', 'reviews': 101, 'photos': 119}",3,2 years ago,Location of this restaurant is outstanding. their inside decoration is good but less spacious. Most importantly their food taste is of average category but they charge extremely high price.,
Parjatan Rooftop Restaurant,"Dhaka, Bangladesh",+880 2-41024220,http://rooftop.gov.bd/,3.9,712,"{'name': 'Dark Man', 'thumbnail': 'https://lh3.googleusercontent.com/a-/ALV-UjUP7_DENxnQbLEoXlY1kjcIumnIgeOu_MPpFfpCOT-zjyOk0ImDfw=s120-c-rp-mo-ba6-br100', 'link': 'https://www.google.com/maps/contrib/114153523663331619383?hl=en-US', 'reviews': 299, 'photos': 2053}",2,Edited 2 years ago,"Parjatan Rooftop Restaurant offers a unique dining experience with its rooftop setting and panoramic views of the city. The restaurant's pros include its scenic ambiance, providing a beautiful backdrop. The rooftop setting allows guests to enjoy their food while taking in the cityscape.

However, there are a few cons to consider when dining at Parjatan Rooftop Restaurant. Food is average. Staff are well-behaved but service is not great. Internal decoration is poor.

Personally I do not recommend this restaurant.",
Parjatan Rooftop Restaurant,"Dhaka, Bangladesh",+880 2-41024220,http://rooftop.gov.bd/,3.9,712,"{'name': 'Sujoy K. Sharma', 'thumbnail': 'https://lh3.googleusercontent.com/a-/ALV-UjWTFE30gOdhkezPCUYJJ2KWNMx3tbP69PfPqwbanuyUnhDTgLf6oQ=s120-c-rp-mo-ba5-br100', 'link': 'https://www.google.com/maps/contrib/110253037572630822283?hl=en-US', 'reviews': 188, 'photos': 518}",5,3 years ago,"One of the finest rooftop restaurant in Dhaka. The place is very nice and the view also very nice. Very low crowds all time, I think because of government organization own the restaurant. But you can visit anyone like family, friend, meeting. Food quality and quantity is good but price is higher then regular Bangladeshi restaurants. Recommend everyone for visit.",
Parjatan Rooftop Restaurant,"Dhaka, Bangladesh",+880 2-41024220,http://rooftop.gov.bd/,3.9,712,"{'name': 'Dewan Sabrina Sharmin', 'thumbnail': 'https://lh3.googleusercontent.com/a-/ALV-UjUWXVAkRpK60hW5ew-rW7MFJbAh1s2OwYjwldgPNcnouzPQw7A=s120-c-rp-mo-ba5-br100', 'link': 'https://www.google.com/maps/contrib/112921933880734698841?hl=en-US', 'reviews': 96, 'photos': 1054}",4,Edited 3 years ago,"A neat and tidy cozy place for dinning. Has provisions for dinning at the OPEN TERRACE.
At night time could be a good and probably an only option in the surrounding area.

Since it's a govt. entity the food offered here are of REASONABLE PRICE.
food quality is okay, could be better but it's valid for the price range. Menu has a varried range of items but not always available.",
Parjatan Rooftop Restaurant,"Dhaka, Bangladesh",+880 2-41024220,http://rooftop.gov.bd/,3.9,712,"{'name': 'SynixSherlock', 'thumbnail': 'https://lh3.googleusercontent.com/a-/ALV-UjXvIcHo7GaU_GJO-Oi0Zsy1ZPVnK6MgQWDu6VyCr0-WIIaFJ1w_=s120-c-rp-mo-ba4-br100', 'link': 'https://www.google.com/maps/contrib/104449054395582790158?hl=en-US', 'reviews': 107, 'photos': 266}",2,3 months ago,Not recommended. Price is illogical. Even the menu is useless. Limited foods available,
The Cafe Rio Ltd. (Mirpur Branch),"7th Floor) Holding No. 3, Sultan Mansion, Begum Rokeya Ave, Dhaka 1216, Bangladesh",+880 1407-200300,https://caferio.xyz/,3.8,1810,"{'name': 'Sadik Miah', 'thumbnail': 'https://lh3.googleusercontent.com/a-/ALV-UjXNT1WNqQn9-oQP2zjA_yxBs0PZYEwt1YpEqnJU2K75pXFm_Ta1=s120-c-rp-mo-ba5-br100', 'link': 'https://www.google.com/maps/contrib/115089941099463780125?hl=en-US', 'reviews': 160, 'photos': 1045}",3,2 weeks ago,"The Café Rio Mirpur branch offers a good buffet experience with plenty of food options to choose from. There are lots of items available, and the price is quite reasonable compared to other buffet restaurants. The environment is nice overall, and the staff are polite and attentive. However, the restaurant is located in a rather congested area, which makes parking and entry a bit difficult, especially during busy hours.

While the variety of food is impressive, one major issue is how the popular dishes like beef and kachchi biryani are handled. As soon as the dishes are refilled, a few people rush to take all the meat, leaving only rice or pilaf behind for others. It feels like you have to fight to get a fair share of the main items. The management should control this better — perhaps by having the staff serve these popular items directly when the restaurant is crowded.

The fish dishes were also not very tasty and could use more flavor. Despite these problems, Café Rio Mirpur still offers good value for money with its reasonable prices and wide selection. With a few improvements in food management and seating space, it could become an excellent dining spot in Mirpur.",
The Cafe Rio Ltd. (Mirpur Branch),"7th Floor) Holding No. 3, Sultan Mansion, Begum Rokeya Ave, Dhaka 1216, Bangladesh",+880 1407-200300,https://caferio.xyz/,3.8,1810,"{'name': 'Uŋstoppaʙʟe', 'thumbnail': 'https://lh3.googleusercontent.com/a-/ALV-UjWjHPBKUfViYSfJHHixpBcLeHRM2gGXFYjZekz9fod3DC-_1ZGk=s120-c-rp-mo-br100', 'link': 'https://www.google.com/maps/contrib/116353521318100976195?hl=en-US', 'reviews': 1, 'photos': 3}",5,Edited 2 months ago,"Had an amazing experience at this buffet! The food was fresh, flavorful, and there were so many options to choose from—something for everyone. The staff was friendly and kept everything clean and well-stocked. From starters to desserts, everything tasted great. And the atmosphere was really cozy too! Definitely coming back again. Highly recommend to anyone who loves good food in a nice setting. 🍽️🍨

That review is needed to get a free ice-cream. Anyways, I'd rate it 6.5/10. The food really ain't that bad but not too good either.",
The Cafe Rio Ltd. (Mirpur Branch),"7th Floor) Holding No. 3, Sultan Mansion, Begum Rokeya Ave, Dhaka 1216, Bangladesh",+880 1407-200300,https://caferio.xyz/,3.8,1810,"{'name': 'Nasim Ferdous Kallol', 'thumbnail': 'https://lh3.googleusercontent.com/a-/ALV-UjVUC611jqvmlu-SSyrGcc3QWgd-FvcUFTfq0ddtiGQRUzEZm24CyA=s120-c-rp-mo-ba5-br100', 'link': 'https://www.google.com/maps/contrib/115119886127976914660?hl=en-US', 'reviews': 46, 'photos': 513}",2,3 months ago,"My recent visit to The Cafe Rio was unfortunately a very disappointing experience. I had high hopes for their buffet, but it fell short on multiple fronts.
The most significant issue was the subpar food taste. Many of the dishes seemed bland and lacked the flavor I would expect from a buffet restaurant. It felt like the quality was sacrificed for quantity, but even the quantity was lacking.
Speaking of which, the number of food items on the buffet was surprisingly small. The selection was very limited, and many of the popular items were missing. It felt like I was paying for a full-scale buffet but only getting a fraction of the options. To make matters worse, the restaurant takes a long time to refill the empty food trays. I found myself waiting several minutes for a simple item to be replenished, which was very frustrating.
The overall environment is not good. The dining area felt cramped and noisy, and the decor was unappealing. It lacked the ambiance that would make for a pleasant dining experience. To top it all off, the washrooms were not clean. This is a major concern for any restaurant, as it reflects poorly on their overall hygiene standards.
Given the poor food quality, limited selection, slow service, and unappealing environment, I would not recommend The Cafe Rio. I left feeling that I did not get my money's worth and would not be returning.",
The Cafe Rio Ltd. (Mirpur Branch),"7th Floor) Holding No. 3, Sultan Mansion, Begum Rokeya Ave, Dhaka 1216, Bangladesh",+880 1407-200300,https://caferio.xyz/,3.8,1810,"{'name': 'Md Kamrul Islam', 'thumbnail': 'https://lh3.googleusercontent.com/a/ACg8ocILNklCNK2QsU0QapEQrWHJQgBrOXT0967Ry-I8bHnxSGrRLA=s120-c-rp-mo-ba3-br100', 'link': 'https://www.google.com/maps/contrib/100131566901704408425?hl=en-US', 'reviews': 6, 'photos': 83}",2,a month ago,"Visited The Cafe Rio on October 10 (Friday) with my friends Payel and Robiul.
Honestly, it was a disappointing experience. The buffet items were very limited, and most dishes tasted bland — lacking real flavor. Food trays weren’t refilled on time, which made things worse. The dining area felt cramped and noisy, and even the washrooms weren’t clean. Overall, the place didn’t live up to expectations in terms of food, service, or environment.
Rating: 6.5/10. Wouldn’t recommend unless they improve quality and hygiene.",
The Cafe Rio Ltd. (Mirpur Branch),"7th Floor) Holding No. 3, Sultan Mansion, Begum Rokeya Ave, Dhaka 1216, Bangladesh",+880 1407-200300,https://caferio.xyz/,3.8,1810,"{'name': 'nayem islam alif', 'thumbnail': 'https://lh3.googleusercontent.com/a/ACg8ocLsiCoNsk-PSo0HqMTGk3TSaQZR6AuiPRj0mTCdq08IlGX_XDOV=s120-c-rp-mo-ba5-br100', 'link': 'https://www.google.com/maps/contrib/100524473015916336326?hl=en-US', 'reviews': 92, 'photos': 2071}",4,3 weeks ago,"The buffet was average overall. I only liked their crab and kachhi hash bhuna. The beef was below average, and the other items, including the desserts, were quite ordinary.",
The Cafe Rio Ltd. (Mirpur Branch),"7th Floor) Holding No. 3, Sultan Mansion, Begum Rokeya Ave, Dhaka 1216, Bangladesh",+880 1407-200300,https://caferio.xyz/,3.8,1810,"{'name': 'Hasan Shahriar Samiul', 'thumbnail': 'https://lh3.googleusercontent.com/a-/ALV-UjU7v_NZuOO5-_jB8ziqslQr5WYKv5LU9urNXySNtVdgRYz0izAFXQ=s120-c-rp-mo-ba5-br100', 'link': 'https://www.google.com/maps/contrib/102921924451440802222?hl=en-US', 'reviews': 56, 'photos': 511}",2,2 months ago,"Today I had a very disappointing experience at The Cafe Rio, Mirpur Branch.

I’ve dined twice before at their Uttara branch and received excellent service there. However, this time was different. In August, they offered a “Buy One Get One” deal for students at 999 BDT, which attracted a huge crowd. Unfortunately, the management was clearly unprepared to handle the situation.

People were rushing for food, and there was no proper system of refilling. It often took 10–12 minutes for an empty dish to be refilled, leaving customers waiting with plates in hand. The staff also seemed overwhelmed with cleaning and serving, which made the dining experience very unpleasant.

Honestly, if a restaurant cannot manage customer flow properly, then why announce such an attractive offer?

As for the food, it was average at best. The environment was extremely noisy since the place was packed mostly with students, making it difficult for anyone to enjoy a proper meal.

I sincerely hope the management will take these issues seriously and improve their service in the future.",
The Cafe Rio Ltd. (Mirpur Branch),"7th Floor) Holding No. 3, Sultan Mansion, Begum Rokeya Ave, Dhaka 1216, Bangladesh",+880 1407-200300,https://caferio.xyz/,3.8,1810,"{'name': 'Shehab MD Sarar', 'thumbnail': 'https://lh3.googleusercontent.com/a-/ALV-UjU6zxsWUkE44piLiZXnYSRH7JqnM2tVUn9QimHz57hgeDZx8gBo=s120-c-rp-mo-ba3-br100', 'link': 'https://www.google.com/maps/contrib/106216815637355833326?hl=en-US', 'reviews': 16, 'photos': 84}",3,4 months ago,"Solid 3 but no more. The place is crowded, can get kinda loud.
The food takes a lot of time to get refilled compared to the seats/guests they have available/present.
Price is reasonable compared to the amount of food types available. The quality is average, nothing to write home about.",
The Cafe Rio Ltd. (Mirpur Branch),"7th Floor) Holding No. 3, Sultan Mansion, Begum Rokeya Ave, Dhaka 1216, Bangladesh",+880 1407-200300,https://caferio.xyz/,3.8,1810,"{'name': 'Ashif Rahman', 'thumbnail': 'https://lh3.googleusercontent.com/a-/ALV-UjXC-UuYFa3ERAVrsjgFYn8uWxiFv6nNoXbj5UeJIDBTH4SLWTle=s120-c-rp-mo-ba3-br100', 'link': 'https://www.google.com/maps/contrib/110387295891717304674?hl=en-US', 'reviews': 22, 'photos': 1}",4,2 weeks ago,"We booked this buffet for the annual get together of our office colleague.

When, we entered in the floor after the Magrib prayer, it was like a gorgeous atmosphere welcoming us to receive. The dazzling reflecting light with the jam-packed crowd made the total environment much heavyer than any other time.

The dishes were in a queue one by one and everyone was in the serial to choose their favorite one. We were also in the line to grab of first bite. Since, this was first visit in any buffet ever, I was overwhelmed with both of joy and anxious. I took a small portion of every categories of dishes for preliminary testing to find the best one. Since, there were enough cold drinks, I, along with my colleagues enjoyed a lot while eating and drinking. After testing all of the items, I preferred to eat only the beef curry and hot Thai soups with crabs and shrimps.

The other guests who also in there, not only eating the teste of the food but also enjoying the vibes of that place by clicking photos in every corner of the places to capture that moment memorable. We also clicked many photos with our colleagues along with their family members.

Since, this was the memorable moment for me in my life which I can't ever forget. Overall, it was a nice place to the family get together and reunion. So, those, who wanna go their for the first time, I would recommend them to must try the beef curry, Thai soup with crabs and shrimps.",
New Cathay,"72 Road No. 11, Dhaka 1213, Bangladesh",+880 1767-803333,N/A,4,527,"{'name': 'Zarif Hafeez', 'thumbnail': 'https://lh3.googleusercontent.com/a-/ALV-UjVG7yLi8z1mee-U-UiblXmXwHB1z4ZA1jbuTeMbkTm04Re25n9d=s120-c-rp-mo-ba5-br100', 'link': 'https://www.google.com/maps/contrib/107112867136301228799?hl=en-US', 'reviews': 71, 'photos': 857}",4,2 years ago,Food was good! Wouldn't say it was great. The prawn on toast was the winner for me. Their American Chopsuey  was a little too sweet for my taste and the rest of the items were all okay.,
New Cathay,"72 Road No. 11, Dhaka 1213, Bangladesh",+880 1767-803333,N/A,4,527,"{'name': 'Saffan Mostafa', 'thumbnail': 'https://lh3.googleusercontent.com/a-/ALV-UjUqxNguJPxh2SGJYDHZNGu1J4xkwD_DYAQw9IVhvTFwa8p8BY0=s120-c-rp-mo-ba4-br100', 'link': 'https://www.google.com/maps/contrib/111704294789790338863?hl=en-US', 'reviews': 96, 'photos': 200}",5,a year ago,"The restaurant may be tucked suspiciously in a commercial building, but the food is good, the waiters and atmosphere is good too, maybe this is why the restaurant stood around for 40+ years? Truly a Gulshan classic!",
New Cathay,"72 Road No. 11, Dhaka 1213, Bangladesh",+880 1767-803333,N/A,4,527,"{'name': 'Towhidul islam Saikat', 'thumbnail': 'https://lh3.googleusercontent.com/a-/ALV-UjX6k3YrkvovDsb24xsRWfcyjqoQJb5rNkHuTQjVPZeWvtOv-HPChg=s120-c-rp-mo-ba4-br100', 'link': 'https://www.google.com/maps/contrib/116209917951681719890?hl=en-US', 'reviews': 40, 'photos': 305}",4,6 years ago,"If you're craving for tasting the old-school/local Chinese dishes which bring childhood memories, this place is a must to go. They are in service for a very long time. They started their business in Gulshan a few years after the liberation war and recently shifted in Banani road 11. Their food still tastes the same. Few old staffs are still there. Not an authentic Chinese restaurant, no eye catching decor or anything but if you have visited this restaurant before the restaurant boom in Dhaka, then you'll obviously feel nostalgic about both their food and the decor.",
New Cathay,"72 Road No. 11, Dhaka 1213, Bangladesh",+880 1767-803333,N/A,4,527,"{'name': 'Rabiul Hasan', 'thumbnail': 'https://lh3.googleusercontent.com/a/ACg8ocKWmCk39TnQdO7fXWOajg4iUnUfp8J6HyfWDtm1O8C0I36ObA=s120-c-rp-mo-ba2-br100', 'link': 'https://www.google.com/maps/contrib/117400472721254093889?hl=en-US', 'reviews': 12, 'photos': 12}",1,a year ago,"The quality was terrible, lacking in taste, and, notably, the Fried Shrimp had a slightly rotten smell. Would not recommend at all. The food was the worst ever, and the prices were too high.",
New Cathay,"72 Road No. 11, Dhaka 1213, Bangladesh",+880 1767-803333,N/A,4,527,"{'name': 'Anwar Parvez Chowdhury', 'thumbnail': 'https://lh3.googleusercontent.com/a-/ALV-UjVEulzM0kXw2A8N0nBBeERr_m9GsL82wWyfAUSvyWHJA1fbts6CLQ=s120-c-rp-mo-ba6-br100', 'link': 'https://www.google.com/maps/contrib/108581536473328121609?hl=en-US', 'reviews': 244, 'photos': 1735}",3,3 years ago,"Just an ordinary Chinese restaurant at Banani Road 11. Before this restaurant was called only Cathay. But now, it is known as New Cathay.

I don't know, if the ownership has changed or not.

Anyway, the food quality is 7 out of 10. Decoration and ambiance, just way too simple. But the good thing is, the floor area is big and sitting arrangements are nice. Distance between one table from another one is quite far. So you can keep your privacy easily.

Staff are just doing their job, i guess.

This restaurant needs some advertment and some renovation. Location wise, it is obviously in a very good position.",
New Cathay,"72 Road No. 11, Dhaka 1213, Bangladesh",+880 1767-803333,N/A,4,527,"{'name': 'M A', 'thumbnail': 'https://lh3.googleusercontent.com/a-/ALV-UjV1PNzOCLdwanMg4612zU5B__qpixCVc_Ypr6BPE_1CBlR6iPNqmw=s120-c-rp-mo-ba6-br100', 'link': 'https://www.google.com/maps/contrib/101374994176881007894?hl=en-US', 'reviews': 213, 'photos': 1449}",5,2 years ago,"Its a 45 year old restaurant - a Classic when it comes to Chinese food in Dhaka, and now more like a hidden gem. My family & I have been visiting Cathay for over 20 years & if anyone is from North Dhaka, I highly recommend visiting this place at least once in their life.",
New Cathay,"72 Road No. 11, Dhaka 1213, Bangladesh",+880 1767-803333,N/A,4,527,"{'name': 'Nafis Hasan', 'thumbnail': 'https://lh3.googleusercontent.com/a-/ALV-UjUvcswy-HTPiEdlci48EMigT3pKfA8Y5n3pjdtuYgh2avXRLGFong=s120-c-rp-mo-ba8-br100', 'link': 'https://www.google.com/maps/contrib/102616431672417403772?hl=en-US', 'reviews': 461, 'photos': 17049}",4,8 years ago,"The ambiance is serene with calming lighting, whereby the diners can enjoy a peaceful dining experience with family and friends. The sitting area is arranged cleverly whereby groups of 4, 6, 8 and more can sit comfortably. All together, around 40+ people can dine at once when its houseful. In this post I am going to tell you how this restaurant beautifully served us a pan of sizzling beef which actually was something else molded to give us the impression of feeding us the meat. Therefore, please read until the last.

Orders were:

Lemon soup- We tried this soup because we wanted to try out a light clear soup with a spicy and sour taste. Every spoonful was soury, light and packed with chicken and prawns and spring onions. Serves 5 pax at most. Rating 17/20; Taka 520.

American chopsuey- The noodles were a tad bit more fried than it should have been that gave out a little burned taste. Nonetheless, the gravy served with the chopsuey was ordinarily tasty, topped with a properly seasoned fried egg with sunny side up. Rating 15/20; Price Taka 585; Served 5 pax.

Sweet and Sour Fish- They used what we call in Bangla “Bhetki” to make this dish. The taste of the gravy was nicely balanced between the sweet and the sour although the fish still reeked of itself, I guess they did not wash the fish properly prior to cooking. Rating 13/20; Price Taka 575; Serving size 4-6 pax.

Special fried rice- The rice was perfectly fried, seasoned and packed with chopped vegetables, chicken bits, prawns and scrambled eggs. Rating 18/20; Price Taka 525; Serving Size 5-6 pax.

Mixed Greek Wok- Stir fried subtly flavoured mixed vegetables are a delight that complemented the rice beautifully. Price- Taka 495; Rating 17/20; Serving size 4-5 pax.

Sizzling Beef: Could anything go wrong with a pan of sizzling beef? It looks delectably appetizing, initial smell is heavenly that you want to take your fork to dig into the deliciousness. But New Cathay has pathetically failed in this dish; Most of the shreds of meat were not beef but rather flour molded and fried and cooked in the gravy and served on the sizzling pan. The meat pieces were soggy and did not at all taste and look like meat. Price Taka 645; Rating 10/20; Serving size 5 pax.

Lemon Water- One of the most healthiest drinks you could order at a restaurant that could burn your fat while you dine and at the same time spoiling your taste if you are in the mood to indulge into delicious food. A moderately sized freshly squeezed lemon juice was served with a bottle of “MUM” water, whereby the drinker can mix the lemon juice with the water as many times as the water in the bottle finishes. Price Taka 120; Rating 17/20.

The waiters were well mannered and their service was moderately good. All prices were exclusive of VAT 15% and Service Charge 10%.",
New Cathay,"72 Road No. 11, Dhaka 1213, Bangladesh",+880 1767-803333,N/A,4,527,"{'name': 'shomail Ataher', 'thumbnail': 'https://lh3.googleusercontent.com/a-/ALV-UjUEl9TQ22198-tRe60zL1YKBlnIuImNrADptx2OIBPxRKz98_14gA=s120-c-rp-mo-ba6-br100', 'link': 'https://www.google.com/maps/contrib/118154151115750333639?hl=en-US', 'reviews': 637, 'photos': 2845}",4,2 years ago,This is an under rated restaurant. Each of the dishes are really delicious. You must try it if you love Chinese food,
Bangla Korai Restaurant,"Dhaka 1213, Bangladesh",+880 1894-774140,N/A,4.2,32,"{'name': 'Abdullah Al Mamon', 'thumbnail': 'https://lh3.googleusercontent.com/a-/ALV-UjUJ0ec9QRB2k_ZHOajqxDjtzGABfgFiZLf3O-omXNU4Wg-QEtc=s120-c-rp-mo-br100', 'link': 'https://www.google.com/maps/contrib/101898947798186657440?hl=en-US', 'reviews': 7, 'photos': 2}",5,2 months ago,Service is awesome,
Bangla Korai Restaurant,"Dhaka 1213, Bangladesh",+880 1894-774140,N/A,4.2,32,"{'name': 'Md Rakib Hossain', 'thumbnail': 'https://lh3.googleusercontent.com/a-/ALV-UjVdVmS3EXk2Jn0VFbWgCQbC0arJ5ux8NvXkhtzm7dg3p5ywOhnt=s120-c-rp-mo-br100', 'link': 'https://www.google.com/maps/contrib/104360775930830313317?hl=en-US', 'reviews': 2, 'photos': 0}",5,7 months ago,Nice testy food on reasonable price,
Bangla Korai Restaurant,"Dhaka 1213, Bangladesh",+880 1894-774140,N/A,4.2,32,"{'name': 'Mashiur Rahman Talukdar', 'thumbnail': 'https://lh3.googleusercontent.com/a-/ALV-UjUUgclqrUicKS5YMlS-XhXSFkx-HZ6e5LJ9ekg9XG0Q5gBeUjFx=s120-c-rp-mo-ba2-br100', 'link': 'https://www.google.com/maps/contrib/116452414807171200215?hl=en-US', 'reviews': 3, 'photos': 4}",5,6 months ago,Good food,
Bangla Korai Restaurant,"Dhaka 1213, Bangladesh",+880 1894-774140,N/A,4.2,32,"{'name': 'Sekendar Ali', 'thumbnail': 'https://lh3.googleusercontent.com/a-/ALV-UjVY6fP4k0Rexf1j2hBIwyFd1QY2xusHbgRj01IfW1VdlnG0iTo=s120-c-rp-mo-ba4-br100', 'link': 'https://www.google.com/maps/contrib/110940330946630747235?hl=en-US', 'reviews': 4, 'photos': 264}",5,8 months ago,Very good for clients,
Bangla Korai Restaurant,"Dhaka 1213, Bangladesh",+880 1894-774140,N/A,4.2,32,"{'name': 'Topu Tomal', 'thumbnail': 'https://lh3.googleusercontent.com/a-/ALV-UjVxW1mptIx0IHEUHSYURAwpv9kRec4ittHRJlv0pqdrRy6xVybS=s120-c-rp-mo-ba3-br100', 'link': 'https://www.google.com/maps/contrib/100014567682257763152?hl=en-US', 'reviews': 36, 'photos': 80}",4,2 years ago,I only had Bengali item. It was super good.,
Bangla Korai Restaurant,"Dhaka 1213, Bangladesh",+880 1894-774140,N/A,4.2,32,"{'name': 'Riday Sarkar', 'thumbnail': 'https://lh3.googleusercontent.com/a-/ALV-UjX1glsT8c8xxLSRSK7GhudyISRPgfpZPeDaLM1SC4PzZA75eSJA=s120-c-rp-mo-br100', 'link': 'https://www.google.com/maps/contrib/108893621080332220022?hl=en-US', 'reviews': 1, 'photos': 10}",5,10 months ago,nice food,
Bangla Korai Restaurant,"Dhaka 1213, Bangladesh",+880 1894-774140,N/A,4.2,32,"{'name': 'Zaid Bin Momin', 'thumbnail': 'https://lh3.googleusercontent.com/a-/ALV-UjXJs-rQIfX_PfGXTKNR065j1zh_tl1IgQ5WzjnJbfyPgThmiyA=s120-c-rp-mo-br100', 'link': 'https://www.google.com/maps/contrib/104520441272518593947?hl=en-US', 'reviews': 1, 'photos': 0}",5,7 months ago,Delicious,
Bangla Korai Restaurant,"Dhaka 1213, Bangladesh",+880 1894-774140,N/A,4.2,32,"{'name': 'KM Arafat', 'thumbnail': 'https://lh3.googleusercontent.com/a-/ALV-UjUfqQp83g2ygHTHOTRGRG1v59DGgwvHJMO5RMQfTmgX6PE7fIgUKQ=s120-c-rp-mo-ba4-br100', 'link': 'https://www.google.com/maps/contrib/106305426924894919016?hl=en-US', 'reviews': 125, 'photos': 57}",3,2 years ago,food quality average,
Grand Prince Thai & Chinese Restaurant,"PARADISE PLAZA, PLOT NO. 6 & 11 MIRPUR-1,, Dhaka, Bangladesh",+880 1841-908000,N/A,3.8,1599,"{'name': 'Beese Churger', 'thumbnail': 'https://lh3.googleusercontent.com/a-/ALV-UjUq0-V1CGjCbx7z7KzGtK0cKneKpjp55sX2TpcXkzcR9DrnSxa9=s120-c-rp-mo-ba4-br100', 'link': 'https://www.google.com/maps/contrib/116244935055089286747?hl=en-US', 'reviews': 29, 'photos': 125}",4,3 weeks ago,"One of the best places in Dhaka if you're looking for Thai and Chinese cuisine. Lots of variety and diversity in their menu here. Last time I went, I ordered their Signature Special Chowmein, which amounts to 590 /= BDT. It was flavourful and rich, the portion was huge as well.

There's many options here. You can order a wide variety of East Asian dishes here. They're generous with the quantity too.

The tables are good. They have chilli lime juice as a side on each table, which enhances the flavour of any dish. You can also ask for extra portions of any ingredient in your dish.

This is a popular place for families to gather. Multiple families often come here to meet up and reconnect. The atmosphere,thus, can get quite noisy with the kids playing around.

All in all, definitely a top tier restaurant in Dhaka.",
Grand Prince Thai & Chinese Restaurant,"PARADISE PLAZA, PLOT NO. 6 & 11 MIRPUR-1,, Dhaka, Bangladesh",+880 1841-908000,N/A,3.8,1599,"{'name': 'Farhan Hamim', 'thumbnail': 'https://lh3.googleusercontent.com/a-/ALV-UjUP3pMX-xJF46meMabCrwlq-CU9vqOXeaw6iNp0BDDbXO-eZWKr=s120-c-rp-mo-ba3-br100', 'link': 'https://www.google.com/maps/contrib/118041352002465234339?hl=en-US', 'reviews': 4, 'photos': 129}",3,Edited 4 months ago,The price of the food is high but the taste is below average. Should be more better according to the price.,
Grand Prince Thai & Chinese Restaurant,"PARADISE PLAZA, PLOT NO. 6 & 11 MIRPUR-1,, Dhaka, Bangladesh",+880 1841-908000,N/A,3.8,1599,"{'name': 'Maimuna Purno', 'thumbnail': 'https://lh3.googleusercontent.com/a-/ALV-UjWgDzt6C393pjMOre_KGJBhiJIGe2Xn93qk3enWiz9NDVPlYQ2VhA=s120-c-rp-mo-br100', 'link': 'https://www.google.com/maps/contrib/100122118666084910272?hl=en-US', 'reviews': 3, 'photos': 22}",5,2 months ago,Their food was so so delicious and their environment was so friendly,
Grand Prince Thai & Chinese Restaurant,"PARADISE PLAZA, PLOT NO. 6 & 11 MIRPUR-1,, Dhaka, Bangladesh",+880 1841-908000,N/A,3.8,1599,"{'name': 'Shanta& Rajkumar', 'thumbnail': 'https://lh3.googleusercontent.com/a-/ALV-UjUEdcTfAKCs-ACZWdIcNie78RkIX83lkQ7CVMvIlgDuFWgHpqXj=s120-c-rp-mo-ba6-br100', 'link': 'https://www.google.com/maps/contrib/112124384614136467028?hl=en-US', 'reviews': 210, 'photos': 5890}",4,2 years ago,"This is one of the restaurants I went few times. I always feel home with the hospitality of the owner and staffs. Staffs are very humble to customers. Always serve with smiles and love. They even helped me with sitting! Very nicely decorated and good quality sitting arrangement. Music, light all are perfect for spending quality time with family, friends and others. Food quality and test is very good. Food proud reasonable. Very good washrooms. They keep the restaurant and washrooms super clean. Street parking is available. You can also go there by public transit. Highly recommend to check this restaurant.",
Grand Prince Thai & Chinese Restaurant,"PARADISE PLAZA, PLOT NO. 6 & 11 MIRPUR-1,, Dhaka, Bangladesh",+880 1841-908000,N/A,3.8,1599,"{'name': 'Dewan Sabrina Sharmin', 'thumbnail': 'https://lh3.googleusercontent.com/a-/ALV-UjUWXVAkRpK60hW5ew-rW7MFJbAh1s2OwYjwldgPNcnouzPQw7A=s120-c-rp-mo-ba5-br100', 'link': 'https://www.google.com/maps/contrib/112921933880734698841?hl=en-US', 'reviews': 96, 'photos': 1054}",3,Edited a year ago,"FOOD:
Quality is average. Doesn't taste bad but nothing special either.

AMBIENCE:
Large space. Can accommodate parties for large group of people. Classic Bangla Chinese look.

FACILITIES:
Has A Kid's PLAY ZONE.
SERVICE:
Average.

PRICE:
Mid range $$",
Grand Prince Thai & Chinese Restaurant,"PARADISE PLAZA, PLOT NO. 6 & 11 MIRPUR-1,, Dhaka, Bangladesh",+880 1841-908000,N/A,3.8,1599,"{'name': 'Uchiha Shahin', 'thumbnail': 'https://lh3.googleusercontent.com/a-/ALV-UjUVtcxBseFZ6il0zlqvtnHk_0y_rFm7XGD6ZyHQt2-NajiwRyDPKQ=s120-c-rp-mo-ba3-br100', 'link': 'https://www.google.com/maps/contrib/117691879067583654787?hl=en-US', 'reviews': 54, 'photos': 43}",3,2 years ago,"On the 27th of April, 2023, we dined at this restaurant which had nice decor, but unfortunately was quite crowded when we arrived at around 9 pm. Additionally, there was a kids' playground nearby, causing consistent noise that might be bothersome for those seeking a quiet dinner.

Unfortunately, the service wasn't good, and we had to wait a long time for our food. It's possible that a party was taking place, and the staff was under pressure, leaving little time for other customers. However, if this was the case, it raises the question of why they would continue with side service while already stretched thin.

After waiting for approximately an hour, we received our food. Although we had no complaints about the food, we were disappointed with the soup, which tasted like drinking water with a hint of Thai soup flavor. The restaurant needs to improve the quality of the soup.

One thing we noticed was that the food menu items were mainly designed for three people. As we were a group of four people, it wasn't enough for us. When we asked the waiter if they could prepare a dish for four people, he said, ""You have to order the item again, Sir."" We found this to be unfair.

For instance, the mixed fried rice cost 360 Taka for three people, so to serve four people, we would need to order the dish again, making it a total of 360 + 360 = 720 Taka. It was very disappointing, but we had no other choice but to order two fried rice dishes.

Furthermore, when it came to ordering fried chicken, we were informed that they only had options for six pieces or twelve pieces - nothing in between. This showed that they were prioritizing business over customer satisfaction. The restaurant should reconsider its menu, as we saw many families of four people facing similar issues.

Thank you.",
Grand Prince Thai & Chinese Restaurant,"PARADISE PLAZA, PLOT NO. 6 & 11 MIRPUR-1,, Dhaka, Bangladesh",+880 1841-908000,N/A,3.8,1599,"{'name': 'Ashraf Ahmed Ovi', 'thumbnail': 'https://lh3.googleusercontent.com/a/ACg8ocKLfVkhVw4dp0Jo76puBISQfJJDa_xqA2T42SuVV-9UUuWQE0s=s120-c-rp-mo-ba4-br100', 'link': 'https://www.google.com/maps/contrib/115531981582405273014?hl=en-US', 'reviews': 144, 'photos': 173}",4,4 months ago,We are having Chinese food here for a long time from my childhood. Their food price and the quantity is really good. The tastes of the food is good also. I really like them over xinxian. Also their environment is good as well.,
Grand Prince Thai & Chinese Restaurant,"PARADISE PLAZA, PLOT NO. 6 & 11 MIRPUR-1,, Dhaka, Bangladesh",+880 1841-908000,N/A,3.8,1599,"{'name': 'Md. Nazmul Hasan', 'thumbnail': 'https://lh3.googleusercontent.com/a-/ALV-UjWO1tCYCOT7n4Cpu8icDdXSEE4oNh0Vcj2a9_eAWze5Byxjl5FsfA=s120-c-rp-mo-ba6-br100', 'link': 'https://www.google.com/maps/contrib/112532497672260104381?hl=en-US', 'reviews': 181, 'photos': 3838}",3,7 years ago,"Very good place for medium size programs. waiter's behaviour is not satisfactory, they were not cooperative. food was not as tasty as expected. price is higher then average convention hall but service is bellow average. one of the main disadvantage is it has a very small parking area, basically you have to park your car beside the road.",
Dhaka food Lounge,"Q9CX+67M, E Nakhalpara Rd, Dhaka 1205, Bangladesh",N/A,N/A,4.5,8,"{'name': 'MD Sabbir', 'thumbnail': 'https://lh3.googleusercontent.com/a/ACg8ocIAe1iffHITSgmdEGzPTqoXjwCQ5rK7UpjF-SuEZJwaL47NZw=s120-c-rp-mo-br100', 'link': 'https://www.google.com/maps/contrib/116530698448270959104?hl=en-US', 'reviews': 1, 'photos': 0}",5,3 months ago,"Amazing food, great staff, beautiful setting. Dhaka Food Lounge is a must-visit.
I’m obsessed with the biryani from Dhaka Food Lounge – truly unmatched!",
Dhaka food Lounge,"Q9CX+67M, E Nakhalpara Rd, Dhaka 1205, Bangladesh",N/A,N/A,4.5,8,"{'name': 'RAFI ISLAM', 'thumbnail': 'https://lh3.googleusercontent.com/a-/ALV-UjXnv-038LYrSoR2ZF8h62FmcS58ECeSqRtlTsvm9NspC4kMG9Q=s120-c-rp-mo-br100', 'link': 'https://www.google.com/maps/contrib/102206925660554520960?hl=en-US', 'reviews': 1, 'photos': 0}",5,3 months ago,Absolutely delicious! Dhaka Food Lounge has set the bar high for Bangladeshi cuisi,
Dhaka food Lounge,"Q9CX+67M, E Nakhalpara Rd, Dhaka 1205, Bangladesh",N/A,N/A,4.5,8,"{'name': 'SHAMEEM SHEIKH', 'thumbnail': 'https://lh3.googleusercontent.com/a-/ALV-UjXPcQEGrmBhHmiqj2d8RRrdTKDqLjkVw1JrgQ_h-PoXbZbGgwbkFg=s120-c-rp-mo-br100', 'link': 'https://www.google.com/maps/contrib/107817208187756528684?hl=en-US', 'reviews': 3, 'photos': 1}",5,3 months ago,"Amazing food, great staff, beautiful setting. Dhaka Food Lounge is a must-visit.",
Dhaka food Lounge,"Q9CX+67M, E Nakhalpara Rd, Dhaka 1205, Bangladesh",N/A,N/A,4.5,8,"{'name': 'Husain Mohammed', 'thumbnail': 'https://lh3.googleusercontent.com/a/ACg8ocLoCjPlI0RuPSstaGr1DTfIZOYJJk6kskQaNtimx7TYfmTzZA=s120-c-rp-mo-br100', 'link': 'https://www.google.com/maps/contrib/113923479864990897996?hl=en-US', 'reviews': 1, 'photos': 0}",5,3 months ago,Every dish I tried at Dhaka Food Lounge was full of flavor and perfectly cooked!,
Dhaka food Lounge,"Q9CX+67M, E Nakhalpara Rd, Dhaka 1205, Bangladesh",N/A,N/A,4.5,8,"{'name': 'Alamgir Islam', 'thumbnail': 'https://lh3.googleusercontent.com/a-/ALV-UjWhctv5pQ0vlPSv4FlO4gqOQqXCzl4axM9-tjMnVBn3kE_Vh4bR=s120-c-rp-mo-br100', 'link': 'https://www.google.com/maps/contrib/114069171532806335197?hl=en-US', 'reviews': 3, 'photos': 0}",5,3 months ago,"Dhaka Food Lounge is hands down the best spot in town. Amazing food, great vibes!!!!!",
Dhaka food Lounge,"Q9CX+67M, E Nakhalpara Rd, Dhaka 1205, Bangladesh",N/A,N/A,4.5,8,"{'name': 'KFK Azad', 'thumbnail': 'https://lh3.googleusercontent.com/a-/ALV-UjWjCZ8jAlQxH8XuuCNHpM4MyMSb1eCtWszlj86AEwSBznHhGJE=s120-c-rp-mo-br100', 'link': 'https://www.google.com/maps/contrib/113833914941631703227?hl=en-US', 'reviews': 1, 'photos': 0}",5,3 months ago,"The best dining experience I’ve had in a long time. Thank you, Dhaka Food Lounge!",
Dhaka food Lounge,"Q9CX+67M, E Nakhalpara Rd, Dhaka 1205, Bangladesh",N/A,N/A,4.5,8,"{'name': 'Md Hreday Hossain', 'thumbnail': 'https://lh3.googleusercontent.com/a-/ALV-UjW5iiDRUK5yMJnF_XArDSVJBPIXLvqYE0GtkcdrkD7huxHe82o=s120-c-rp-mo-br100', 'link': 'https://www.google.com/maps/contrib/102791430885254873319?hl=en-US', 'reviews': 1, 'photos': 0}",1,2 months ago,I ordered fried rice and a burger. The chicken was terrible. The taste of the food was absolutely disgusting.,
Dhaka food Lounge,"Q9CX+67M, E Nakhalpara Rd, Dhaka 1205, Bangladesh",N/A,N/A,4.5,8,"{'name': 'Mrx Kai', 'thumbnail': 'https://lh3.googleusercontent.com/a-/ALV-UjUto6lnRE4S6aZgdQtPaWj-5Hf7rm2veQyY9Bk28g0xVee5UA8E=s120-c-rp-mo-br100', 'link': 'https://www.google.com/maps/contrib/113368877922871109317?hl=en-US', 'reviews': 0, 'photos': 0}",5,3 months ago,,
ThangabaliBD,"h, House 1/1, 1/2 Block-G, Mirpur- 01 Dhaka Dhaka, 25 Zoo Road, Dhaka 1216, Bangladesh",+880 1624-234922,https://www.facebook.com/thangabali.bd,3.9,227,"{'name': 'Salman Mahmud', 'thumbnail': 'https://lh3.googleusercontent.com/a-/ALV-UjXbnyJC2JE-i_hTp9GV2Lj4MWUvYEia5fRBrydU-DL7U8yOF3_TCA=s120-c-rp-mo-ba5-br100', 'link': 'https://www.google.com/maps/contrib/107203024452416172145?hl=en-US', 'reviews': 124, 'photos': 950}",4,9 months ago,"Thangabali is a Indian and Chinese food restaurant located in M1 food court, Mirpur 1 beside Aarong.

They offer a variety of food, they have long food menu. So you can choose what you want.

We tried three of their items, Meet box, Rice Bowl and set menu. The quality of their food is fairly good. The quantity was not bad in compared to the price.

Here you have to pay first before eating. The place is quite crowded because it is a food court with many restaurants.",
ThangabaliBD,"h, House 1/1, 1/2 Block-G, Mirpur- 01 Dhaka Dhaka, 25 Zoo Road, Dhaka 1216, Bangladesh",+880 1624-234922,https://www.facebook.com/thangabali.bd,3.9,227,"{'name': 'Kh Abrar Ahmed', 'thumbnail': 'https://lh3.googleusercontent.com/a-/ALV-UjURoIF13qA_G04mslzqv_tQguiPL5W0Tkacnfc8yEhI3T091jUO4g=s120-c-rp-mo-ba3-br100', 'link': 'https://www.google.com/maps/contrib/102416669034236528574?hl=en-US', 'reviews': 20, 'photos': 62}",1,a year ago,"I recently ordered nachos at Thangabals, and I was disappointed with the portion size and quality. The nachos were served on a small plate with a large amount of tomato sauce and mayonnaise. There were only two small pieces of chicken. The nachos cost 200 taka, which I felt was too much for the quality of the food.""",
ThangabaliBD,"h, House 1/1, 1/2 Block-G, Mirpur- 01 Dhaka Dhaka, 25 Zoo Road, Dhaka 1216, Bangladesh",+880 1624-234922,https://www.facebook.com/thangabali.bd,3.9,227,"{'name': 'Rahul Tanvir', 'thumbnail': 'https://lh3.googleusercontent.com/a-/ALV-UjWZcTNnm7BYxarixoOH62_gJWmHH-79UrAEjR7aPtVk9u25UI1KBQ=s120-c-rp-mo-ba5-br100', 'link': 'https://www.google.com/maps/contrib/104412168643486262520?hl=en-US', 'reviews': 68, 'photos': 1139}",5,4 years ago,"The Haidrabadi biriyani  was excellent .
Taste a d flavor was top notch .
The price is 200 tk , but totally worth it.
You should try .
Serve time: 6/10
Taste: 8/10",
ThangabaliBD,"h, House 1/1, 1/2 Block-G, Mirpur- 01 Dhaka Dhaka, 25 Zoo Road, Dhaka 1216, Bangladesh",+880 1624-234922,https://www.facebook.com/thangabali.bd,3.9,227,"{'name': 'Richard Sunny', 'thumbnail': 'https://lh3.googleusercontent.com/a-/ALV-UjV8Ynrjd6pigb7LX-w82za0JuUh323FTaMw1SiuCvcf91xOjk8=s120-c-rp-mo-ba5-br100', 'link': 'https://www.google.com/maps/contrib/116496822933846673275?hl=en-US', 'reviews': 143, 'photos': 728}",5,3 years ago,Nice food court near mirpur Soni hall ... Didn't try anything from here but price reasonable and looks pretty good....,
ThangabaliBD,"h, House 1/1, 1/2 Block-G, Mirpur- 01 Dhaka Dhaka, 25 Zoo Road, Dhaka 1216, Bangladesh",+880 1624-234922,https://www.facebook.com/thangabali.bd,3.9,227,"{'name': 'Nafiz Ahmed', 'thumbnail': 'https://lh3.googleusercontent.com/a-/ALV-UjUwj6_X31xSz0oGjB_lDY04toSv5jvfmbdXKAHr-cUw3RGJuOo=s120-c-rp-mo-br100', 'link': 'https://www.google.com/maps/contrib/114737232001588001879?hl=en-US', 'reviews': 2, 'photos': 0}",5,4 years ago,I would rate /The place is awesome!!! The service is great as well as the food. The behaviour of stuff are so much friendly. I would rate 10/10. You should try the Meat box its awesome. Just keep calm and eat Meat box.🥰🥰🥰,
ThangabaliBD,"h, House 1/1, 1/2 Block-G, Mirpur- 01 Dhaka Dhaka, 25 Zoo Road, Dhaka 1216, Bangladesh",+880 1624-234922,https://www.facebook.com/thangabali.bd,3.9,227,"{'name': 'Rooslan Shaheed / রুসলান', 'thumbnail': 'https://lh3.googleusercontent.com/a-/ALV-UjVi_1vqnDITJESNRHxTJ9HoS9K_O0Ds6insGrds1FVKx-i9ZGKFhQ=s120-c-rp-mo-ba4-br100', 'link': 'https://www.google.com/maps/contrib/108144482622787838683?hl=en-US', 'reviews': 148, 'photos': 153}",2,3 years ago,"Here I am writing about the CocaCola sponsored food court not about Thangabali.
For spicy and average standard food can be availed. Street car park available. So many food shops. Went there twice with family and had experience that will prevent me from future visiting.
Located opposite of sony cinema hall and beside the eidgah, adjacent to Aarong. Some other food shops are around. But all of them sells spicy  food at their own varieties and standard. Have a little doubt about health safety for the used spices and ingredients.

For snack type small bites this place is nice with friends. BSTI or any other food standard  measured organization lacks in our country else these sorts of food courts would have been better in service.",
ThangabaliBD,"h, House 1/1, 1/2 Block-G, Mirpur- 01 Dhaka Dhaka, 25 Zoo Road, Dhaka 1216, Bangladesh",+880 1624-234922,https://www.facebook.com/thangabali.bd,3.9,227,"{'name': 'Shadman Sarar', 'thumbnail': 'https://lh3.googleusercontent.com/a-/ALV-UjXav7u0GVb1HbHhxUTG1B_oXUzH8EGAbvAbVA9wdDC1T4Oc8p6F=s120-c-rp-mo-ba5-br100', 'link': 'https://www.google.com/maps/contrib/103219763350384543908?hl=en-US', 'reviews': 90, 'photos': 739}",3,Edited a year ago,"Very average taste,,,",
ThangabaliBD,"h, House 1/1, 1/2 Block-G, Mirpur- 01 Dhaka Dhaka, 25 Zoo Road, Dhaka 1216, Bangladesh",+880 1624-234922,https://www.facebook.com/thangabali.bd,3.9,227,"{'name': 'Mahdi Mashnad Chowdhury', 'thumbnail': 'https://lh3.googleusercontent.com/a/ACg8ocLUIaX4e4bBzUeacCEqF_9XHbuiI80Wp_bFWeyXvrf_e1Tc0w=s120-c-rp-mo-br100', 'link': 'https://www.google.com/maps/contrib/107641010570802481221?hl=en-US', 'reviews': 10, 'photos': 0}",2,3 years ago,We bought crispy rice bawl and regular meat box.rice bawl was somehow okay but meatbox was potato box actually.they just mix potato wadges and french fries and very little chicken and sausage pieces.moreover they served us slow.there are other stalls.its better to buy from others.,
Hakka Dhaka,"Chef's Table - Gulshan 2, Dhaka 1212, Bangladesh",+880 1616-666544,N/A,4.2,44,"{'name': 'Shakib Ali', 'thumbnail': 'https://lh3.googleusercontent.com/a-/ALV-UjUCUOhOuBbUG5vD3HTGpbdEYbHXQb0UKNqXRSLm2vvPQip_t5uT=s120-c-rp-mo-ba4-br100', 'link': 'https://www.google.com/maps/contrib/106452464806153099194?hl=en-US', 'reviews': 73, 'photos': 80}",4,3 weeks ago,"Hakka Dhaka's foods are great if you select wisely.
Best items: egg fried rice, hakka noodles, lemongrass chicken set menu,
Noodles set menu-A, prwan on toast, Mongolian beef.

Noodles Set menu-A: Two chicken lemons grass dumpling, noodles and Mongolian beef. The beef comes as an option, u can choose chicken or prwan as well.

The soup was so so.",
Hakka Dhaka,"Chef's Table - Gulshan 2, Dhaka 1212, Bangladesh",+880 1616-666544,N/A,4.2,44,"{'name': 'Dewan Asif', 'thumbnail': 'https://lh3.googleusercontent.com/a-/ALV-UjWJ35niXA0Gsx1L8J5vyXQbydgsqfrYV4YsXAsceSoQ0T1AbD1uLA=s120-c-rp-mo-ba7-br100', 'link': 'https://www.google.com/maps/contrib/100094161477995738246?hl=en-US', 'reviews': 482, 'photos': 4020}",4,Edited 5 months ago,"This Chinese Pan Asian restaurant serves good quality food with delicious flavors. They have tasty platters with a variety of options.

The rice, noodles, dumplings, prawn noodles, and beef dishes are well-cooked and very delicious. It's a great place to enjoy different Asian cuisines.",
Hakka Dhaka,"Chef's Table - Gulshan 2, Dhaka 1212, Bangladesh",+880 1616-666544,N/A,4.2,44,"{'name': 'Faiza Kamal', 'thumbnail': 'https://lh3.googleusercontent.com/a/ACg8ocIORGr_r6QIQWt6OUcaS7MJbZv9iq0JRiSmNFRv0zcRS8cqIA=s120-c-rp-mo-ba4-br100', 'link': 'https://www.google.com/maps/contrib/100897905286707190254?hl=en-US', 'reviews': 37, 'photos': 80}",4,6 months ago,"Got the Set B with Mongolian Beef and Sweet n Sour Prawn. Their Mongolian Beef has been a long time favorite of mine and it didn’t disappoint this time either. The prawn was pretty average and more sweet than sour in my opinion. The wrapped prawns are another favorite of mine and tasted fresh, albeit a bit thin. The dumplings were average. Overall, at 675 BDT, Hakka Dhaka’s set meals are a safe and filling option at Chef’s Table.",
Hakka Dhaka,"Chef's Table - Gulshan 2, Dhaka 1212, Bangladesh",+880 1616-666544,N/A,4.2,44,"{'name': 'Nabila Khanam', 'thumbnail': 'https://lh3.googleusercontent.com/a/ACg8ocLXrLuSgxCcfjG-e4qAckExDu3ValPX1mwKGb4DWYxtAIzoQQM=s120-c-rp-mo-ba6-br100', 'link': 'https://www.google.com/maps/contrib/115071032054817214486?hl=en-US', 'reviews': 272, 'photos': 2119}",3,Edited a year ago,"We tried their Chicken Long Bean Rice Bowl  (375tk) and chicken Hakka noodles (325tk) . Both of them were good ,tasty and fresh. But their visual representation is not similar to the presented dish. The corn is just out of the can. The vegetables were actually good. Other than that the food was really tasty",
Hakka Dhaka,"Chef's Table - Gulshan 2, Dhaka 1212, Bangladesh",+880 1616-666544,N/A,4.2,44,"{'name': 'Md Abdur Raquib', 'thumbnail': 'https://lh3.googleusercontent.com/a/ACg8ocJWGBAYfWJRKIlc1152zR6Q4ZtmDCLxUn5kXL_lGaZr9fNQCMUL=s120-c-rp-mo-ba6-br100', 'link': 'https://www.google.com/maps/contrib/110960754004184520242?hl=en-US', 'reviews': 341, 'photos': 4253}",4,3 months ago,They are excellent in test and atmosphere in chef’s table branch. I liked this branch.,
Hakka Dhaka,"Chef's Table - Gulshan 2, Dhaka 1212, Bangladesh",+880 1616-666544,N/A,4.2,44,"{'name': 'Zihad Faruk', 'thumbnail': 'https://lh3.googleusercontent.com/a-/ALV-UjX0wUVZJMNPq0Fj5DtbzXOma6pv3p4nhs5uAq314s8bYFXyjbeM=s120-c-rp-mo-ba5-br100', 'link': 'https://www.google.com/maps/contrib/105981174426402890009?hl=en-US', 'reviews': 107, 'photos': 406}",4,3 years ago,"Tried their set meal. Over all I am satisfied. The momo amd prawn chili garlic was really good. The noodles was average. Price was reasonable among other shops in chefs table.

Their fried rice was good too. Liked their way of options in curry. You can choose curry over 9 flavours. Overall good experience.",
Hakka Dhaka,"Chef's Table - Gulshan 2, Dhaka 1212, Bangladesh",+880 1616-666544,N/A,4.2,44,"{'name': 'MD. Rakib Hossain', 'thumbnail': 'https://lh3.googleusercontent.com/a-/ALV-UjWwy7IiUUARg_tj8Ow7aP5c4Cjlk1EhaQKYyxwlF_1aE3KwBg3_KQ=s120-c-rp-mo-ba3-br100', 'link': 'https://www.google.com/maps/contrib/104689770272114555260?hl=en-US', 'reviews': 16, 'photos': 81}",3,3 weeks ago,"They lack quality compared to their other branches.
Pro tip: Ask for a discount & you might get one!",
Hakka Dhaka,"Chef's Table - Gulshan 2, Dhaka 1212, Bangladesh",+880 1616-666544,N/A,4.2,44,"{'name': 'Mahfuzun nabi Emon', 'thumbnail': 'https://lh3.googleusercontent.com/a-/ALV-UjXEUqHZAo6YNyd-RfbK7yB3EjBT8h_oAHLSVu5fuIS87BgEa8Ul=s120-c-rp-mo-ba3-br100', 'link': 'https://www.google.com/maps/contrib/107300761426936481417?hl=en-US', 'reviews': 31, 'photos': 90}",3,3 years ago,"In terms of taste not really good.
And I would suggest, Please don't serve the momos with the meal .
And also give some different types of sauce with that like sweet chilli or any red or sour sauce.
The fried rice was bellow average. Even I can make better fried rice at home .
The Beef curry didn't have much flavours . Also the chicken one .
Also tried the thai soup (Didn't have much flavour of thai leaves )",
"""Mika Terrace"" Rooftop Restaurant","R923+8J, Dhaka, Bangladesh",N/A,N/A,4.2,18,"{'name': 'Tazimul Alam Chow', 'thumbnail': 'https://lh3.googleusercontent.com/a-/ALV-UjUJv8LOplLHhzJvd2nCsjxRdpgsKuMwP65Xa7WIIhU7eUSx9a7C=s120-c-rp-mo-br100', 'link': 'https://www.google.com/maps/contrib/111517773750501367780?hl=en-US', 'reviews': 3, 'photos': 3}",5,10 months ago,"Although they do not have this in their menu item this was there fully brand new dish named ""Steak Platter"" which they just introduced to me today for market testing. The main attraction was the Steak. It was extraordinary!

WIth this I also enjoyed the potato mash and the fried rice. Although I suggested Herb Rice to be included which was an item for another dish. It was a fantastic experience as far as food is concerned. The price was totally worth it!",
"""Mika Terrace"" Rooftop Restaurant","R923+8J, Dhaka, Bangladesh",N/A,N/A,4.2,18,"{'name': 'tazimul alam', 'thumbnail': 'https://lh3.googleusercontent.com/a-/ALV-UjXjbG0OHh0yoPcQ_2EUKCGV097_mpFS7M4ISPIIPdJZT3xE5gM=s120-c-rp-mo-br100', 'link': 'https://www.google.com/maps/contrib/112353458015340243218?hl=en-US', 'reviews': 7, 'photos': 2}",5,a year ago,This place is like my regular work station 😁! But the newly introduced chicken steak is Fab! Specially the herb fried rice was just out of this world. The rice was better than anywhere in Mirpur,
"""Mika Terrace"" Rooftop Restaurant","R923+8J, Dhaka, Bangladesh",N/A,N/A,4.2,18,"{'name': 'Sourav Sourav', 'thumbnail': 'https://lh3.googleusercontent.com/a-/ALV-UjW9sTQTW8jdi4wTrphPDTP76F0j2eQwa53e_RKvO1rI3ahjVVQQxw=s120-c-rp-mo-ba4-br100', 'link': 'https://www.google.com/maps/contrib/114118506022778626932?hl=en-US', 'reviews': 54, 'photos': 46}",4,a year ago,"Went there for taking some evening snacks with family. Ordered pizza, fried chicken, French fries and some lassi. Pizza and French fries are ok. Lassi also good. But the fried chicken taste and looks like I am having from street food stall. I would request them, they have to change their fried chicken recipe. Otherwise everyone will be frustrated to have this type of chicken.",
"""Mika Terrace"" Rooftop Restaurant","R923+8J, Dhaka, Bangladesh",N/A,N/A,4.2,18,"{'name': 'Kazi Hamiduzzaman', 'thumbnail': 'https://lh3.googleusercontent.com/a-/ALV-UjX8QvNmP7ptevqfHeF5IQwso9XQk1augA5tSF_SUlruoCP2swo=s120-c-rp-mo-ba4-br100', 'link': 'https://www.google.com/maps/contrib/100652957814382676469?hl=en-US', 'reviews': 95, 'photos': 75}",5,7 months ago,Good service and quality food. Friendly atmosphere.,
"""Mika Terrace"" Rooftop Restaurant","R923+8J, Dhaka, Bangladesh",N/A,N/A,4.2,18,"{'name': 'Hossain H', 'thumbnail': 'https://lh3.googleusercontent.com/a-/ALV-UjX0Q5dRbVIaRHa5IgGKhVVxwUPgu6mHv6fbsm0zc0gO_OyZRw8=s120-c-rp-mo-br100', 'link': 'https://www.google.com/maps/contrib/110598428678846761439?hl=en-US', 'reviews': 1, 'photos': 0}",5,a year ago,Staffs behavior is very good. Great place for hangout.Food quality and quantity always best.,
"""Mika Terrace"" Rooftop Restaurant","R923+8J, Dhaka, Bangladesh",N/A,N/A,4.2,18,"{'name': 'Tanni Mondal', 'thumbnail': 'https://lh3.googleusercontent.com/a-/ALV-UjWHsrM97dnvBzME9J9tKDC65LU9w4DTP21OKHP3luYGIezJhRefwQ=s120-c-rp-mo-br100', 'link': 'https://www.google.com/maps/contrib/106626226387942117114?hl=en-US', 'reviews': 4, 'photos': 3}",5,a year ago,Underrated but food top notch. And their Mediterranean pasta is just best,
"""Mika Terrace"" Rooftop Restaurant","R923+8J, Dhaka, Bangladesh",N/A,N/A,4.2,18,"{'name': 'Mehedi Amin Samir', 'thumbnail': 'https://lh3.googleusercontent.com/a/ACg8ocJap0U63m0on4HYG1fPJNeZAJNvQChxz6qW3iz-2Y3elUrZkw=s120-c-rp-mo-br100', 'link': 'https://www.google.com/maps/contrib/111480458795310957251?hl=en-US', 'reviews': 1, 'photos': 0}",1,a year ago,This restaurant service is very bad. Ac off lift off. Food is average not so good.,
"""Mika Terrace"" Rooftop Restaurant","R923+8J, Dhaka, Bangladesh",N/A,N/A,4.2,18,"{'name': 'Mizanur Rahman', 'thumbnail': 'https://lh3.googleusercontent.com/a-/ALV-UjVpZJnYvaLQ36-bA-b5gvZx557CdjZ5sTe0I81vUkeF4vcXAwq_=s120-c-rp-mo-br100', 'link': 'https://www.google.com/maps/contrib/114213973033607848069?hl=en-US', 'reviews': 8, 'photos': 7}",5,a year ago,"Good side: Nice food, Nice service, Nice atmosphere
Bad side: A little bit lack of privacy",
XOTIC LOUNGE,"43 Road No. 11, Dhaka 1213, Bangladesh",N/A,N/A,4.4,8,"{'name': 'Md Rokonuzzaman', 'thumbnail': 'https://lh3.googleusercontent.com/a-/ALV-UjUsdt8FQCng_7vLkKwB1-35uMskd03rJ6jllP7rYBsQVbydeMTf4w=s120-c-rp-mo-ba6-br100', 'link': 'https://www.google.com/maps/contrib/114617286918679378475?hl=en-US', 'reviews': 168, 'photos': 2168}",5,7 months ago,"This newly open lounge is located in banani 11, Anzara & meat theory building level 9. Very nicely decorated with Ambient Light, music and relaxing seating space. Ideal for handout and chill with your friends. They have variety of Shisha options along with wide range of food. Staffs are very friendly and well behaved. Fully Air-conditioned with amazing view of Mirpur Road at night. Opt in for a iftar get to gather and I loved the overall experience. Highly recommended if you are looking for cool shisha lounge with tasty food.",
XOTIC LOUNGE,"43 Road No. 11, Dhaka 1213, Bangladesh",N/A,N/A,4.4,8,"{'name': 'maruf ahmed Robin', 'thumbnail': 'https://lh3.googleusercontent.com/a-/ALV-UjXhLdw672y5lVV__kwqwLNlqswj30rqtYRWrPURUf6u1nWQEHGu7w=s120-c-rp-mo-ba5-br100', 'link': 'https://www.google.com/maps/contrib/115012548931901383183?hl=en-US', 'reviews': 87, 'photos': 365}",5,8 months ago,"XOTIC – A Premium Shisha Lounge

Amazing ambiance, luxurious interior, and top-notch service! XOTIC offers a great selection of **authentic continental dishes** and an impressive variety of **shisha flavors**. Perfect spot to relax and unwind with friends. Highly recommended for shisha lovers and food enthusiasts!",
XOTIC LOUNGE,"43 Road No. 11, Dhaka 1213, Bangladesh",N/A,N/A,4.4,8,"{'name': 'Christopher Fadera', 'thumbnail': 'https://lh3.googleusercontent.com/a-/ALV-UjWbgPcd2deuVfL8sL7Y2J8XWHWRfienjmOp-TPOwP91FELrN_o=s120-c-rp-mo-ba3-br100', 'link': 'https://www.google.com/maps/contrib/111714182856268810856?hl=en-US', 'reviews': 18, 'photos': 92}",5,7 months ago,"A great place to lounge enjoy a bird's eye view of Dhaka and have a nice shisha. Great place, warm and hospitable staff, and luxurious interior and furniture. I will definitely be back every week. Keep up the great work!",
XOTIC LOUNGE,"43 Road No. 11, Dhaka 1213, Bangladesh",N/A,N/A,4.4,8,"{'name': 'Asma Rabeya', 'thumbnail': 'https://lh3.googleusercontent.com/a/ACg8ocIrIMYrF8x7BoJN70L_xhyAFygIdGrIM-Umw-1xcO92h2V0EQ=s120-c-rp-mo-ba2-br100', 'link': 'https://www.google.com/maps/contrib/116924028728772985665?hl=en-US', 'reviews': 6, 'photos': 0}",5,2 months ago,Very good 😊,
XOTIC LOUNGE,"43 Road No. 11, Dhaka 1213, Bangladesh",N/A,N/A,4.4,8,"{'name': 'Rohit Chowdhury', 'thumbnail': 'https://lh3.googleusercontent.com/a-/ALV-UjVxwMtJ1zw6NssEfwFcojomUUB1Aw30wOne7-DiOdRp6_gKKWqJ5w=s120-c-rp-mo-ba4-br100', 'link': 'https://www.google.com/maps/contrib/106359884122054407911?hl=en-US', 'reviews': 13, 'photos': 46}",2,2 months ago,,
XOTIC LOUNGE,"43 Road No. 11, Dhaka 1213, Bangladesh",N/A,N/A,4.4,8,"{'name': 'Tareq Ahmad', 'thumbnail': 'https://lh3.googleusercontent.com/a-/ALV-UjVfZByGDbB2AbObXaio-rRfzBL008TXKvI8OXoJQ0J3yZm7NeHW=s120-c-rp-mo-ba4-br100', 'link': 'https://www.google.com/maps/contrib/102369031471587498284?hl=en-US', 'reviews': 62, 'photos': 100}",5,7 months ago,,
XOTIC LOUNGE,"43 Road No. 11, Dhaka 1213, Bangladesh",N/A,N/A,4.4,8,"{'name': 'Wasiu Rahman', 'thumbnail': 'https://lh3.googleusercontent.com/a/ACg8ocJHVmTa6WG1TlutO8Z-B4Fy6STP5EdwuMBio2pWJT12MNDK_g=s120-c-rp-mo-ba5-br100', 'link': 'https://www.google.com/maps/contrib/103439170901940769420?hl=en-US', 'reviews': 48, 'photos': 748}",3,2 months ago,,
XOTIC LOUNGE,"43 Road No. 11, Dhaka 1213, Bangladesh",N/A,N/A,4.4,8,"{'name': 'Fahid Chowdhury', 'thumbnail': 'https://lh3.googleusercontent.com/a/ACg8ocKSgNnGuTm8OHWMO55mtBXr1tN5d0brkX_0WxnyajeJDIv5Cw=s120-c-rp-mo-br100', 'link': 'https://www.google.com/maps/contrib/110144021008926518246?hl=en-US', 'reviews': 6, 'photos': 1}",5,8 months ago,,
"New VIP Restaurant, Dhaka.","V97X+6MM, Dhaka 1230, Bangladesh",+880 1917-752483,N/A,3.8,161,"{'name': 'King Of EGYPT', 'thumbnail': 'https://lh3.googleusercontent.com/a-/ALV-UjU_8MkdV-jngjAR_iBAKuRfwJQrCbZx5a6GDOicwHVEUrj3Q2NW=s120-c-rp-mo-ba4-br100', 'link': 'https://www.google.com/maps/contrib/102848404704527424605?hl=en-US', 'reviews': 98, 'photos': 181}",4,3 years ago,"The Food Was Good.  The Place Is Clean, Good Staff.  The Food Should Be More Fresh I Guess!  Overall Good",
"New VIP Restaurant, Dhaka.","V97X+6MM, Dhaka 1230, Bangladesh",+880 1917-752483,N/A,3.8,161,"{'name': 'Walid Al Hassan', 'thumbnail': 'https://lh3.googleusercontent.com/a-/ALV-UjWr3Ld4f5rdr1FAePiDxjTgBLlSTZ8vWKbLl8dopyooznFDLnj7=s120-c-rp-mo-ba5-br100', 'link': 'https://www.google.com/maps/contrib/117641285183462528813?hl=en-US', 'reviews': 182, 'photos': 552}",1,a year ago,"Worst food and service, also food price is really high and not that much tasty 😔, and they will not provide filter water, customer have to buy bottled water.",
"New VIP Restaurant, Dhaka.","V97X+6MM, Dhaka 1230, Bangladesh",+880 1917-752483,N/A,3.8,161,"{'name': 'Shariful Islam', 'thumbnail': 'https://lh3.googleusercontent.com/a-/ALV-UjWzj6s8l--ZCDcmb6UPmqsYD1ihxnesypclNQcVhqPafz18SyK0=s120-c-rp-mo-ba6-br100', 'link': 'https://www.google.com/maps/contrib/104380964171373826028?hl=en-US', 'reviews': 310, 'photos': 703}",4,3 years ago,"Today I’ve eaten both breakfast (Paratha, Dal, Dim & cha) & lunch (Beef khichuri) in this restaurant, to be honest breakfast was below average but the beef khichuri in lunch was outstanding.

Definitely I will recommended to try their beef khichuri.",
"New VIP Restaurant, Dhaka.","V97X+6MM, Dhaka 1230, Bangladesh",+880 1917-752483,N/A,3.8,161,"{'name': 'Mohd. Golam Hossain', 'thumbnail': 'https://lh3.googleusercontent.com/a-/ALV-UjUVMZwD-Z6Es86WDYr4PsIcz71zwgkTuF-JJxDN4XfEvx7tTF4=s120-c-rp-mo-ba5-br100', 'link': 'https://www.google.com/maps/contrib/116294692028093933823?hl=en-US', 'reviews': 193, 'photos': 73}",3,4 years ago,"A good street side local type restaurant. Comparatively clean environment. Good for Bangla food, open from morning to midnight.

However, don't forget to ask the price of each curry before ordering, sometimes a single curry may be billed very highly, amidst all others with moderate price in comparison with quality.",
"New VIP Restaurant, Dhaka.","V97X+6MM, Dhaka 1230, Bangladesh",+880 1917-752483,N/A,3.8,161,"{'name': 'Learn Youtube Channel', 'thumbnail': 'https://lh3.googleusercontent.com/a-/ALV-UjUMI05EpeUxdHd_-CCIGIbuQOj7ixqSCuHToyXvX56Fkt5cuwRr=s120-c-rp-mo-br100', 'link': 'https://www.google.com/maps/contrib/111383988787399642115?hl=en-US', 'reviews': 1, 'photos': 0}",5,4 months ago,Nice food and Delicious,
"New VIP Restaurant, Dhaka.","V97X+6MM, Dhaka 1230, Bangladesh",+880 1917-752483,N/A,3.8,161,"{'name': 'Rifat Zaman Ananya', 'thumbnail': 'https://lh3.googleusercontent.com/a-/ALV-UjWXsVd3TThygIOPR0ztPRv0PT7a0vH4bGBMLelRvl9KyfC21Hi_=s120-c-rp-mo-ba4-br100', 'link': 'https://www.google.com/maps/contrib/112409038985998415158?hl=en-US', 'reviews': 81, 'photos': 392}",2,7 years ago,Average tasting food.,
"New VIP Restaurant, Dhaka.","V97X+6MM, Dhaka 1230, Bangladesh",+880 1917-752483,N/A,3.8,161,"{'name': 'Ahmed Sadequl Haque', 'thumbnail': 'https://lh3.googleusercontent.com/a-/ALV-UjV9_jjv4QWYTgAi0lRxs70OitnF5CzG2klYI0hkFx6oIE--rMM=s120-c-rp-mo-ba5-br100', 'link': 'https://www.google.com/maps/contrib/106371120675537303197?hl=en-US', 'reviews': 39, 'photos': 703}",3,4 years ago,"This restaurant is an old parner of me and my friends also....some of the foods are too delicious (i.e. chicken tikka,fried rice, fried chicken etc)

If someone visits this place,those foods are must try items.",
"New VIP Restaurant, Dhaka.","V97X+6MM, Dhaka 1230, Bangladesh",+880 1917-752483,N/A,3.8,161,"{'name': 'p r o t i k', 'thumbnail': 'https://lh3.googleusercontent.com/a-/ALV-UjW8m5ksVyk52wKs68tu4RuTKyWZJEb9bdLDowuUUv1GLJ1JhfrM=s120-c-rp-mo-ba2-br100', 'link': 'https://www.google.com/maps/contrib/108233590814067246517?hl=en-US', 'reviews': 25, 'photos': 4}",3,6 years ago,"i visited several times for food, ordered some deshi common foods like vorta,koi fish,morog polao,vuna khichuri and all of these had avarage taste.nothing special.",
old 19 Restaurant,"House: 03 রিং রোড Mohammadpur, Opp to japan Garden City, Dhaka 1207, Bangladesh",+880 1844-168384,https://www.old19.com/,3.9,59,"{'name': 'mazeda yeasmin', 'thumbnail': 'https://lh3.googleusercontent.com/a/ACg8ocLT_LA0e6GCHdrAVAVYLLQy8rvAYmvJJZO2OZ1PIGhqiiMZIQ=s120-c-rp-mo-br100', 'link': 'https://www.google.com/maps/contrib/109752233164804943548?hl=en-US', 'reviews': 3, 'photos': 29}",5,3 months ago,"From the moment we walked in, this restaurant impressed us on every level. The atmosphere is warm, inviting, and beautifully designed—perfect for a relaxing meal or a special night out. Soft lighting, tasteful decor, and comfortable seating made the entire experience feel upscale yet cozy.

The food was absolutely outstanding. Every dish was beautifully presented and bursting with flavor. You can tell they use fresh, high-quality ingredients and take pride in their cooking. Whether you're into hearty mains or lighter fare, the menu has something for everyone—and everything we tried was delicious.

What truly elevated the evening was the staff. Friendly, attentive, and professional, they made sure we felt welcome and well taken care of without being overbearing. They were happy to offer recommendations and made the entire experience seamless from start to finish.

Overall, this restaurant checks every box: fantastic food, lovely ambiance, and top-notch service. Highly recommend, and we’ll definitely be coming back!

Our Birthday program was wonderfully complete as because of you guys. Thank you so much.",
old 19 Restaurant,"House: 03 রিং রোড Mohammadpur, Opp to japan Garden City, Dhaka 1207, Bangladesh",+880 1844-168384,https://www.old19.com/,3.9,59,"{'name': 'Tany Rahman', 'thumbnail': 'https://lh3.googleusercontent.com/a-/ALV-UjXddiZzb5YSSxhplc0C-Vp_L53ez_xcv7qnYeNKLt0QIMcDUiSh=s120-c-rp-mo-br100', 'link': 'https://www.google.com/maps/contrib/111575626694612582127?hl=en-US', 'reviews': 1, 'photos': 9}",5,5 months ago,Shamsul alam the manager of old 19 cafe restaurant  help us a lot. We have a lot of fun in there and the food quality of the restaurant  was great.The atmosphere of the place is so very much good. We were  satisfied with their behaviour. Thank you Shamsul alam.,
old 19 Restaurant,"House: 03 রিং রোড Mohammadpur, Opp to japan Garden City, Dhaka 1207, Bangladesh",+880 1844-168384,https://www.old19.com/,3.9,59,"{'name': 'Endrani Halder', 'thumbnail': 'https://lh3.googleusercontent.com/a-/ALV-UjWj_5kzWiG5b8A1TFVpTWdR7MP1x5P5n385pvAY38PAK23slxyNkw=s120-c-rp-mo-ba5-br100', 'link': 'https://www.google.com/maps/contrib/115758519142403988138?hl=en-US', 'reviews': 69, 'photos': 899}",3,a year ago,""" Old 19 ""Located at House: 03, Ring Road Mohammadpur, opposite Japan Garden City, Dhaka.more simply, it is located on the 8th floor of the building that houses the Yellow showroom in Mohammadpur.

It is open from 8 AM to 11 PM.

The ambiance of the restaurant is inviting, providing a cozy and comfortable setting for guests. The decor is tasteful, with a pleasant mix of modern and traditional elements.

The staff are generally friendly and attentive

Some dishes stand out more than others, with flavors that are satisfying but not exceptional.

Service can be a bit slow during peak hours, so patience is recommended. Despite this, the staff remain courteous and do their best to accommodate guest's needs.

Overall, their food prices are affordable, but it would be great if they could improve the taste a bit. Thank you 🌹",
old 19 Restaurant,"House: 03 রিং রোড Mohammadpur, Opp to japan Garden City, Dhaka 1207, Bangladesh",+880 1844-168384,https://www.old19.com/,3.9,59,"{'name': 'Nahian Islam', 'thumbnail': 'https://lh3.googleusercontent.com/a-/ALV-UjVRuaLV9tLGP4bp7Kx8P9eniTtDK4ZmPgKWakPS4BChmkr20gEz=s120-c-rp-mo-ba6-br100', 'link': 'https://www.google.com/maps/contrib/109034004896526292262?hl=en-US', 'reviews': 352, 'photos': 2280}",5,11 months ago,"This restaurant is located just opposite of Japan Garden City Housing, Ring Road. With the restaurant they offer to arrange event here like - Birthday Party, Haldi Night, Mehdi Night, Engagement, Business meeting etc. They have their own sound system and microphone so that you can make any announcement there. I have arranged for my sister's Haldi Night program. The staff were very well behaved and helpful. The chosen food package was also very tasty and the quantity was very satisfying. I'd highly recommend this place for a small program or dine in.",
old 19 Restaurant,"House: 03 রিং রোড Mohammadpur, Opp to japan Garden City, Dhaka 1207, Bangladesh",+880 1844-168384,https://www.old19.com/,3.9,59,"{'name': 'Rukaiya Hossain Aesha', 'thumbnail': 'https://lh3.googleusercontent.com/a-/ALV-UjWZTJ8sj8Xnzgu3lVAb03-nJb1bCe2CdHi0g_8Ww1GWZiyEZGvFzQ=s120-c-rp-mo-ba5-br100', 'link': 'https://www.google.com/maps/contrib/108670550990309387442?hl=en-US', 'reviews': 141, 'photos': 329}",5,2 years ago,"We had Turkish Chicken Adana Kabab with raita, Kashmiri Chicken Boti Kabab with raita, Plain Paratha  & Garlic Naan. We also had Set menu 4 which included Wonthon, Spring roll, Thai Chicken  soup, Egg Fried Rice, Fried Chicken, Chicken Chilli Onion, Vegetable, Soft drinks.

Everything was incredibly tasty. Loved their welcome drink- Jeera Pani. Their food quantity was well enough for a person. They've a pretty big space along with a Kids Zone. The ambiance was good overall. They have excellent time management skills since they serve quickly. Staffs were very polite and friendly. Price is very reasonable.

Recommended 💯",
old 19 Restaurant,"House: 03 রিং রোড Mohammadpur, Opp to japan Garden City, Dhaka 1207, Bangladesh",+880 1844-168384,https://www.old19.com/,3.9,59,"{'name': 'Rafiul Alam', 'thumbnail': 'https://lh3.googleusercontent.com/a-/ALV-UjUyIi-17hmZbKcpLMYdSMJ3qjZzO8m3QcP53MjrabzcKrAt8opU=s120-c-rp-mo-ba3-br100', 'link': 'https://www.google.com/maps/contrib/115018287800001593835?hl=en-US', 'reviews': 47, 'photos': 55}",4,a year ago,"Their food is reasonable and decent in taste. I would recommend their cream of mushroom soup and perhaps this is the cheapest cream of mushroom soup with a very good taste. Apart from that their pasta taste is good as well but it is a bit spicy 🔥. If you are spicy lover, then this pasta is for yours.",
old 19 Restaurant,"House: 03 রিং রোড Mohammadpur, Opp to japan Garden City, Dhaka 1207, Bangladesh",+880 1844-168384,https://www.old19.com/,3.9,59,"{'name': 'Nafisa Hasan', 'thumbnail': 'https://lh3.googleusercontent.com/a/ACg8ocLegIbebezfBB64wzYK5sY8noiZnunX7Cm9FUODX3LGNpYhkA=s120-c-rp-mo-br100', 'link': 'https://www.google.com/maps/contrib/114250923197008617178?hl=en-US', 'reviews': 1, 'photos': 1}",5,5 months ago,Amazing pizza. The service was excellent. The stuff were all friendly and attentive. Great place to enjoy a mean.,
old 19 Restaurant,"House: 03 রিং রোড Mohammadpur, Opp to japan Garden City, Dhaka 1207, Bangladesh",+880 1844-168384,https://www.old19.com/,3.9,59,"{'name': 'Monzurul Alam', 'thumbnail': 'https://lh3.googleusercontent.com/a-/ALV-UjVbTnuj1pfEFyvnGG1wbk4qzcuOGraWovoxvZGo2HB9SJcvPLvAkw=s120-c-rp-mo-ba4-br100', 'link': 'https://www.google.com/maps/contrib/100035235237911532426?hl=en-US', 'reviews': 79, 'photos': 129}",5,a year ago,"We've ordered:
1. Set menue no. 4, contains egg fried rice, chicken fry, chicken cillie onion, vegetables, onthon, spring roll, chicken thai soup and a cold drink; price is 350/-, which seems reasonable, taste was also good.
2. Beef peshari kabab, price 220/-, taste is average.
3. Beef shick kabab, price 180/-, taste is good, well merinated and well fired.
4. Taste of Faluda (price 180/-) was also good.
Overall taste, service and atmosphere was good and ofcourse recommendable.",
Bosco Cafe and Bistro,"Lavel-6, House-57 Road No. 11, Banani 1213, Bangladesh",+880 1711-750051,N/A,5,18,"{'name': 'Shehnaj Mehrin', 'thumbnail': 'https://lh3.googleusercontent.com/a-/ALV-UjXO3LvZ7aCjse82g6x45W3eDGhBvd-NJbRrjNvWa6b4O8gCWkNW=s120-c-rp-mo-ba4-br100', 'link': 'https://www.google.com/maps/contrib/100351883790198717484?hl=en-US', 'reviews': 28, 'photos': 49}",5,a week ago,"just found my new comfort spot in Banani 🤎
Their interior is top notch,no further argument on that. Every staff was so friendly and they had a warm welcoming gesture. Their smoking zone is too gorgeous to blend in,ashtrays were clean and stunning in design. Although i didn’t liked the alfredo pizza much. they told it was chef special but i found that average in taste. But the spring roll was awesome. As i walked in just for some evening snacks and coffee so didn’t try other food. The washroom design outlet and cleanliness was elegant in its own way. Their music playlist was also vibing with the vibe in real. When we were about to leave,the manager or maybe the owner himself also asked about how we felt. Which was a warm appearance too!

Now let’s see if they can keep this perfection consistency in the long run. Wish them prosperity.",
Bosco Cafe and Bistro,"Lavel-6, House-57 Road No. 11, Banani 1213, Bangladesh",+880 1711-750051,N/A,5,18,"{'name': 'Mahbub Islam Shakiell', 'thumbnail': 'https://lh3.googleusercontent.com/a/ACg8ocJURq3zu2pQci_aT_x6Kbw2lT2HP8JHjSPvVxpQw95VDo_eLjw=s120-c-rp-mo-ba5-br100', 'link': 'https://www.google.com/maps/contrib/105973843956547289832?hl=en-US', 'reviews': 361, 'photos': 823}",5,a week ago,"When this restaurant first opened, I was in Dhaka — and it was an absolutely fabulous experience. Now living in Toronto, after trying so many restaurants here, I can honestly say this one in Dhaka gives off the same amazing vibes. It’s super cool, and the ambience is just perfect.",
Bosco Cafe and Bistro,"Lavel-6, House-57 Road No. 11, Banani 1213, Bangladesh",+880 1711-750051,N/A,5,18,"{'name': 'Shahtab Noor', 'thumbnail': 'https://lh3.googleusercontent.com/a-/ALV-UjXEB2Th7BdTZRiepuT-Ws3N5zR2TKhX7_0EALvhtk6ZrIAUYdlo=s120-c-rp-mo-ba3-br100', 'link': 'https://www.google.com/maps/contrib/115603955863751208976?hl=en-US', 'reviews': 7, 'photos': 52}",5,2 weeks ago,"It is amazing place to relax and enjoy great food. The ambiance is cozy and stylish, perfect for hanging out with friends or family. The staff are polite and attentive, making every visit a pleasant experience. Highly recommended for anyone looking for good vibes and great taste! ☕🍝",
Bosco Cafe and Bistro,"Lavel-6, House-57 Road No. 11, Banani 1213, Bangladesh",+880 1711-750051,N/A,5,18,"{'name': 'S.M. Sobirul Islam Nahid', 'thumbnail': 'https://lh3.googleusercontent.com/a-/ALV-UjUzXIs2WHeATFDMrtWZ7TLCEvZSoYjhT7JOLqX8CQWw72ctLSginQ=s120-c-rp-mo-ba2-br100', 'link': 'https://www.google.com/maps/contrib/114008609591893467228?hl=en-US', 'reviews': 8, 'photos': 14}",5,2 weeks ago,"Without hesitation, I would describe this establishment as the best restaurant in town, setting a high standard for fine dining and hospitality.
⭐️⭐️⭐️⭐️⭐️ Highly recommended.",
Bosco Cafe and Bistro,"Lavel-6, House-57 Road No. 11, Banani 1213, Bangladesh",+880 1711-750051,N/A,5,18,"{'name': 'Raina Zia', 'thumbnail': 'https://lh3.googleusercontent.com/a-/ALV-UjXTtpxcrhQyNpXLbv3AhDx_DZdIIFhAp052X70kTyPHt1Nkm-_aPA=s120-c-rp-mo-br100', 'link': 'https://www.google.com/maps/contrib/100565237565230531825?hl=en-US', 'reviews': 8, 'photos': 0}",5,2 weeks ago,I was very delighted by their service! Super friendly and cooperative! The interiors were so sophisticatedly decorated especially the murals that you won't feel like leaving the restaurant. I tried their main dish (I can't exactly remember) it tasted so succulent and fulfilling! I'd highly recommend it if you wanna have some mouth-watering dish!,
Bosco Cafe and Bistro,"Lavel-6, House-57 Road No. 11, Banani 1213, Bangladesh",+880 1711-750051,N/A,5,18,"{'name': 'Fahim On Action', 'thumbnail': 'https://lh3.googleusercontent.com/a-/ALV-UjUdr8-ExPNkWDgOS-F0_EH6bomVaCI5832sgG5NxoDxqorLrNo=s120-c-rp-mo-br100', 'link': 'https://www.google.com/maps/contrib/116508695093888080545?hl=en-US', 'reviews': 1, 'photos': 0}",5,2 weeks ago,Obviously superb services. Interior decorations is so fascinating. Love their food. We took their dine in services. Be back again. Thanks,
Bosco Cafe and Bistro,"Lavel-6, House-57 Road No. 11, Banani 1213, Bangladesh",+880 1711-750051,N/A,5,18,"{'name': 'Afzal Hossain', 'thumbnail': 'https://lh3.googleusercontent.com/a/ACg8ocKo62b9aUYLdM3EZHhXSZa5nQD-PvwGFszk5tW0ccbQZIu7Eg=s120-c-rp-mo-br100', 'link': 'https://www.google.com/maps/contrib/104037512321299860476?hl=en-US', 'reviews': 1, 'photos': 0}",5,2 weeks ago,Aesthetic and cool. Just mind blowing decorated place I have ever seen. Should checkout this place. Love their appreciation. Back to back customer.,
Bosco Cafe and Bistro,"Lavel-6, House-57 Road No. 11, Banani 1213, Bangladesh",+880 1711-750051,N/A,5,18,"{'name': 'Rai K', 'thumbnail': 'https://lh3.googleusercontent.com/a/ACg8ocKhO0PanstZqOvh0eayJsVzMYdU3Ska5y-xFfP65gGaxUOwS18=s120-c-rp-mo-br100', 'link': 'https://www.google.com/maps/contrib/102267117002854958975?hl=en-US', 'reviews': 2, 'photos': 1}",5,a week ago,Bosco Cafe and Bistro is best place in Banani. Raihan is very friendly staff. Recommended place❤️,
Amish Proteen,"ECB Chattar, Dhaka, Bangladesh",+880 1321-159000,https://amishproteen.com/,4.5,104,"{'name': 'Shaila Sharmeen', 'thumbnail': 'https://lh3.googleusercontent.com/a-/ALV-UjWONyi0smmE-7zKo6NJjypCa93JZq1N2g9xhcvLq6hioErHCZyoXg=s120-c-rp-mo-ba5-br100', 'link': 'https://www.google.com/maps/contrib/102318149310680056997?hl=en-US', 'reviews': 260, 'photos': 730}",5,3 years ago,"I ordered through foodpanda. I was skeptical about this place as I never heard of it before.but thankfully I was wrong! Ordered teen chicken wrap 150tk and chips and meat which is basically a Poutine(150tk).they have put enough chicken in the wrap and I liked it more because they didn't put too much mayo in it which usually makes the wrap soggy and unappetising. Chips and meat had enough chicken pieces and they squeezed little lemon juice on it which gave it a fresh flavour.Good food in a very reasonable price.Great jod,keep it up!",
Amish Proteen,"ECB Chattar, Dhaka, Bangladesh",+880 1321-159000,https://amishproteen.com/,4.5,104,"{'name': 'Adnan Hossain', 'thumbnail': 'https://lh3.googleusercontent.com/a-/ALV-UjW1MlRZ5aT8trgiMOyTb0t-5Qd8LmwmUDLGhWNj7eEJz23PtXHH=s120-c-rp-mo-ba5-br100', 'link': 'https://www.google.com/maps/contrib/114343469332344601577?hl=en-US', 'reviews': 110, 'photos': 276}",5,3 years ago,"Restaurant in ECB Chattar, Dhaka Cantonment.
Good taste and the food was fresh and packaging is very good.
Excellent food. Great quality. Best doner in town. chips and meat is also good. They maintain food hygiene while preparing food. Service also good. Good initiative. they also have probiotic drinks. But sitting place is not good as they dont have large space but overall good.",
Amish Proteen,"ECB Chattar, Dhaka, Bangladesh",+880 1321-159000,https://amishproteen.com/,4.5,104,"{'name': 'Sumaiya Rimi', 'thumbnail': 'https://lh3.googleusercontent.com/a-/ALV-UjXim3EQceXD4EbLk4A4pPCHCvw8grjzncKkQpKr4TVGk822AIUoAQ=s120-c-rp-mo-ba4-br100', 'link': 'https://www.google.com/maps/contrib/108545191069345766648?hl=en-US', 'reviews': 58, 'photos': 385}",4,3 years ago,"Price of sub sandwich should not be more than 120/-. Fillings of pro chicken doner and sub is same and that was full of fresh carrot, capsicum, mayo & chicken. Mango pro-biotic is tasty.",
Amish Proteen,"ECB Chattar, Dhaka, Bangladesh",+880 1321-159000,https://amishproteen.com/,4.5,104,"{'name': 'Md. Abu Syed Khan', 'thumbnail': 'https://lh3.googleusercontent.com/a-/ALV-UjUBLc06MC_rEmLl3E8Geq5QkFrd8pqu0XUj9RM_NrRWe5j9vY5G=s120-c-rp-mo-ba4-br100', 'link': 'https://www.google.com/maps/contrib/113250323765704702701?hl=en-US', 'reviews': 69, 'photos': 175}",5,3 years ago,"Just tried their Pro Chicken Doner (150 Taka) and the taste was good, hopefully I will try it once again soon. But if the pricing was 120-130 Taka or the size was a bit bigger then it would have been great.",
Amish Proteen,"ECB Chattar, Dhaka, Bangladesh",+880 1321-159000,https://amishproteen.com/,4.5,104,"{'name': 'Nafim Nowroz', 'thumbnail': 'https://lh3.googleusercontent.com/a-/ALV-UjUGHQZAzvb9NEYa5YifPVoMNnEOsT0X1cnvJoesJEAOaIeLWesW=s120-c-rp-mo-ba5-br100', 'link': 'https://www.google.com/maps/contrib/114469517949704390152?hl=en-US', 'reviews': 94, 'photos': 1184}",4,Edited 3 years ago,"they have Turkish recipe doner items
pro doner is good, also have beef and chicken items. chips and meat is also good.",
Amish Proteen,"ECB Chattar, Dhaka, Bangladesh",+880 1321-159000,https://amishproteen.com/,4.5,104,"{'name': 'Naim Hossain', 'thumbnail': 'https://lh3.googleusercontent.com/a-/ALV-UjX1P7DrOebXXkFSRwzamWwvvwGwSldzLEHX0jRNCwhWf1EouUel2A=s120-c-rp-mo-ba6-br100', 'link': 'https://www.google.com/maps/contrib/118080926257140063178?hl=en-US', 'reviews': 226, 'photos': 1493}",5,2 years ago,Food was good considering the price. Quantity was satisfactory.,
Amish Proteen,"ECB Chattar, Dhaka, Bangladesh",+880 1321-159000,https://amishproteen.com/,4.5,104,"{'name': 'Syed Noman', 'thumbnail': 'https://lh3.googleusercontent.com/a-/ALV-UjWWS3qLLfKPfR7vbbj1j8DmtdTuvsp4stEU0VTySRtsk5aDfPGsQQ=s120-c-rp-mo-ba3-br100', 'link': 'https://www.google.com/maps/contrib/112969491200131553008?hl=en-US', 'reviews': 28, 'photos': 0}",4,2 years ago,"Been visiting them for a while, the wrap option is one of the finest but disappointed as I've never found the beef option available which is in their menu. If you don't serve the beef option then please take it out of your menu. 4 stars for that, otherwise this place deserve a 5 stars without a doubt.",
Amish Proteen,"ECB Chattar, Dhaka, Bangladesh",+880 1321-159000,https://amishproteen.com/,4.5,104,"{'name': 'Rumel Hasan', 'thumbnail': 'https://lh3.googleusercontent.com/a/ACg8ocJdj-wVvw7uxkm0jT5khXwhUXugXpttrmt_N-rZwGZdXmK84Q=s120-c-rp-mo-ba3-br100', 'link': 'https://www.google.com/maps/contrib/113155162922597556132?hl=en-US', 'reviews': 5, 'photos': 204}",5,4 years ago,Meatiest doner with good taste! Service is good too!,
Restaurants,"V84H+Q6P, Bangladesh",+880 1852-651087,N/A,4,120,"{'name': 'Md. Moniruzzaman Mintu', 'thumbnail': 'https://lh3.googleusercontent.com/a-/ALV-UjUBa1xc2vpQO6ZzrpIZu2sMpm6zXB9Nz6ZA7xfWMlilYOdzWfFtqQ=s120-c-rp-mo-ba4-br100', 'link': 'https://www.google.com/maps/contrib/106271136657197392578?hl=en-US', 'reviews': 33, 'photos': 417}",5,4 months ago,Good food & Service Nice.,
Restaurants,"V84H+Q6P, Bangladesh",+880 1852-651087,N/A,4,120,"{'name': 'Borshon Roy', 'thumbnail': 'https://lh3.googleusercontent.com/a/ACg8ocKPbrWRhk4Os1HvK_9wgS54pD7WOW6t8vRH1b8XutQQnAIyjQ=s120-c-rp-mo-ba2-br100', 'link': 'https://www.google.com/maps/contrib/100624726739560530485?hl=en-US', 'reviews': 6, 'photos': 15}",4,9 months ago,Test is top notch personally customer service is so good,
Restaurants,"V84H+Q6P, Bangladesh",+880 1852-651087,N/A,4,120,"{'name': 'MD: SHUVO', 'thumbnail': 'https://lh3.googleusercontent.com/a-/ALV-UjXAAFZ4g9fpBoyoqHi2EsNCqXeoHOT8M3nSxnqjDP0eBYxP0olK=s120-c-rp-mo-br100', 'link': 'https://www.google.com/maps/contrib/102382764528962175562?hl=en-US', 'reviews': 2, 'photos': 0}",5,3 months ago,Good,
Restaurants,"V84H+Q6P, Bangladesh",+880 1852-651087,N/A,4,120,"{'name': 'Abdullah Al Mamun', 'thumbnail': 'https://lh3.googleusercontent.com/a-/ALV-UjUP1m9BFUmGL-0GpAyL5lya2_LgmYW5zfdEEF1EiVUGAQmmL5lS=s120-c-rp-mo-ba4-br100', 'link': 'https://www.google.com/maps/contrib/107213921004491056988?hl=en-US', 'reviews': 120, 'photos': 7}",4,4 years ago,"New one that area. Chef is good, service will be better, but will take time 🙂",
Restaurants,"V84H+Q6P, Bangladesh",+880 1852-651087,N/A,4,120,"{'name': 'Sazzad Mahmud', 'thumbnail': 'https://lh3.googleusercontent.com/a-/ALV-UjWqoZu5QqGj150UHjwanWCBHzyGFHc7ecTqR0qvLZ5U544UnYBb=s120-c-rp-mo-ba6-br100', 'link': 'https://www.google.com/maps/contrib/108002139894261327245?hl=en-US', 'reviews': 340, 'photos': 4517}",4,8 months ago,Good restaurent,
Restaurants,"V84H+Q6P, Bangladesh",+880 1852-651087,N/A,4,120,"{'name': 'Sami foyzullah', 'thumbnail': 'https://lh3.googleusercontent.com/a-/ALV-UjVuw8p-jCy_o_I6QJb5XyArSGkPw-j5IV_hKtQysI2_ry6V0rShAg=s120-c-rp-mo-ba6-br100', 'link': 'https://www.google.com/maps/contrib/109698638497613784706?hl=en-US', 'reviews': 399, 'photos': 2068}",5,a year ago,Good morning food 🌅🥑,
Restaurants,"V84H+Q6P, Bangladesh",+880 1852-651087,N/A,4,120,"{'name': 'MD ARIF HOSSAIN', 'thumbnail': 'https://lh3.googleusercontent.com/a-/ALV-UjW7vVlEhC6YTiIrMNSQaDNNkI32VnKiRp6Z5StSZ7KyHh1ywoY=s120-c-rp-mo-ba5-br100', 'link': 'https://www.google.com/maps/contrib/108919197168312548996?hl=en-US', 'reviews': 242, 'photos': 405}",4,3 years ago,"Nice food, nice taste ..",
Restaurants,"V84H+Q6P, Bangladesh",+880 1852-651087,N/A,4,120,"{'name': 'Samrat Kumar Das', 'thumbnail': 'https://lh3.googleusercontent.com/a-/ALV-UjWN3o5aRvrDvpaPoihz3yWk-Cith9dy-NEq93BGVoxmmAPCgvA=s120-c-rp-mo-ba4-br100', 'link': 'https://www.google.com/maps/contrib/107075525583488851850?hl=en-US', 'reviews': 35, 'photos': 17}",5,4 years ago,Nice cook nice food,
Pavo Restaurant Dhaka,"Plot 77, level, 5 Road 3-4, Dhaka, Bangladesh",+880 1820-011557,https://godinepos.com/,4,62,"{'name': 'Tanveer Ahsan', 'thumbnail': 'https://lh3.googleusercontent.com/a/ACg8ocLmfJFPkwJ78XW_phXCCoJvi-j6B2TbuQOO1gC2Km-GUwAiUSkH=s120-c-rp-mo-ba5-br100', 'link': 'https://www.google.com/maps/contrib/107163355281926430424?hl=en-US', 'reviews': 330, 'photos': 113}",3,6 months ago,"Good ambience.
Good service.
Average tasting pricey food.

We ordered nachos (BDT 580), and Roha platter (BDT 1499). The nachos, taco, burrito, and enchiladas had the exact same filling. It was quite bland and forgetful. The quantity and quality do not justify the high price they are charging.

Overall, I won't come back for the food.",
Pavo Restaurant Dhaka,"Plot 77, level, 5 Road 3-4, Dhaka, Bangladesh",+880 1820-011557,https://godinepos.com/,4,62,"{'name': 'Rivana Chowdhury', 'thumbnail': 'https://lh3.googleusercontent.com/a/ACg8ocLeKKzVOgsLxMX9IVbcG5gIgHfdHRmyDK1SFyiLFig6ui9GfQ=s120-c-rp-mo-ba3-br100', 'link': 'https://www.google.com/maps/contrib/115922995660810684453?hl=en-US', 'reviews': 30, 'photos': 42}",3,5 months ago,"Savoring Turkish Flavors at Pavo Restaurant – Bashundhara

We recently walked into Pavo Restaurant, a new gem at Bashundhara that's been around for about 5 months. As someone who's lived in Oman and grown up loving Turkish BBQ and grilled dishes, I was curious to see if this place could bring back those rich, smoky memories—and it did not disappoint!

We tried the Sarma & Chicken Beyti Kebab (T-11). This dish was a treat—soft flatbread wrapped around juicy grilled chicken and sarma, perfectly seasoned with aromatic spices. Served with rice, fries, grilled tomato, and a blend of tangy yogurt and rich tomato sauce, every bite was packed with flavor. It struck a great balance between tender meat, warm bread, and bold spices.

We also had their Lemon Mint drink, which was super refreshing and complemented the heaviness of the meal beautifully.

The ambiance was cozy, service was prompt, and the presentation was top-notch. For a restaurant this new, Pavo is off to a great start. If you're in the area and have a craving for authentic Turkish grill, this place is worth a visit. Hoping it thrives in the competitive market—it certainly has the potential!",
Pavo Restaurant Dhaka,"Plot 77, level, 5 Road 3-4, Dhaka, Bangladesh",+880 1820-011557,https://godinepos.com/,4,62,"{'name': 'shomail Ataher', 'thumbnail': 'https://lh3.googleusercontent.com/a-/ALV-UjUEl9TQ22198-tRe60zL1YKBlnIuImNrADptx2OIBPxRKz98_14gA=s120-c-rp-mo-ba6-br100', 'link': 'https://www.google.com/maps/contrib/118154151115750333639?hl=en-US', 'reviews': 637, 'photos': 2845}",4,3 weeks ago,"Good restaurant for turkish, mexican, snanish food under the same roof. Food is delicious",
Pavo Restaurant Dhaka,"Plot 77, level, 5 Road 3-4, Dhaka, Bangladesh",+880 1820-011557,https://godinepos.com/,4,62,"{'name': 'Laden Binmamun', 'thumbnail': 'https://lh3.googleusercontent.com/a/ACg8ocIo-tS8iq6Uk9zEzj5LmMl5a__ylYAat2VKPX3_gGqyInB3Bw=s120-c-rp-mo-br100', 'link': 'https://www.google.com/maps/contrib/117726302180558041714?hl=en-US', 'reviews': 2, 'photos': 8}",1,10 months ago,"Pave , a new restaurant in Bashundhara R/A, has a pleasant interior that feels cozy and welcoming. It’s clearly designed with families in mind but also includes a smoking zone, which makes it a suitable spot for younger customers. I visited during the day, and while the natural light complemented the warm interior, my overall experience was far from satisfying because the food fell short in many ways.

Cream of Mushroom Soup

I started with the Cream of Mushroom soup, and it was just okay. The flavor was decent, and the soup had a good amount of mushrooms, but the texture wasn’t right. It was a bit too watery, lacking the creamy richness you expect from this dish. While it wasn’t bad, it wasn’t something I’d recommend or order again.
Rating: 7.5/10

BBQ Chicken

Next, I tried the BBQ Chicken, which turned out to be a major disappointment. The sauce didn’t taste like BBQ at all—it was bland and unbalanced. Even worse, the chicken had a strange, unpleasant flavor that made it hard to eat. It didn’t seem fresh, which was a real letdown. This dish didn’t live up to any expectations.
Rating: 3/10

The Platter

The platter was, unfortunately, the biggest failure of the visit. The rice was the only part that was somewhat decent, but even that was just average. They tried to make the dish unique by including a special kind of salad, but the idea backfired because it tasted bad. As for the chicken, it had the same problems as the BBQ Chicken—it didn’t taste fresh, it was bitter, and the sauce didn’t go with it at all. The entire dish felt poorly thought out and badly executed. Rating: 1/10 (only because of the rice)

Presentation and Service

The food presentation didn’t help either. It looked plain and unappealing, which matched the poor taste of the dishes. On the bright side, the customer service was quite good. The server was polite and attentive, asking for feedback at the end of the meal. When I shared my honest thoughts, they kindly offered to replace the food. However, I didn’t accept because I was short on time and felt that replacing the food wouldn’t solve the underlying issues.

While Pave has a good ambiance, especially during the daytime, and friendly service, the food is the heart of any restaurant, and this is where it really struggles. From the lack of freshness to poorly executed dishes, it was a disappointing experience overall. For now, I wouldn’t recommend visiting unless they make some major improvements to their menu and food quality.",
Pavo Restaurant Dhaka,"Plot 77, level, 5 Road 3-4, Dhaka, Bangladesh",+880 1820-011557,https://godinepos.com/,4,62,"{'name': 'Md. Motaher Hossain', 'thumbnail': 'https://lh3.googleusercontent.com/a/ACg8ocLIC-E1HQlZ7mBn3Ni6IIuPZUmKejVMlnj-GMHIP2bPYCQeTg=s120-c-rp-mo-br100', 'link': 'https://www.google.com/maps/contrib/110774168015168009142?hl=en-US', 'reviews': 1, 'photos': 2}",5,8 months ago,"I love this restaurant. Food was Amazing. Service team are very supporting. Price is satisfied as per their quality and quantity. I found this restaurant is homely.. Good for family and calm dining. Food serving time bit longer but they mentioned they cooked fleshly and they never pre-cooked. So, that is good for health i guess. Their drinks are Fantastic. I had Goa lemon and its so thick and yammy. I must recommend...",
Pavo Restaurant Dhaka,"Plot 77, level, 5 Road 3-4, Dhaka, Bangladesh",+880 1820-011557,https://godinepos.com/,4,62,"{'name': 'Rana Mujahid', 'thumbnail': 'https://lh3.googleusercontent.com/a-/ALV-UjXprWMhSK-62Nx4Jt-RRscUGbEsMzGfZaYskAUSKm1vqFuDhIURuw=s120-c-rp-mo-ba5-br100', 'link': 'https://www.google.com/maps/contrib/108465874814734177033?hl=en-US', 'reviews': 155, 'photos': 536}",4,4 months ago,"Good location, spacious interior. And foods are good too. Only issue is slow serving.",
Pavo Restaurant Dhaka,"Plot 77, level, 5 Road 3-4, Dhaka, Bangladesh",+880 1820-011557,https://godinepos.com/,4,62,"{'name': 'Arif Hossain', 'thumbnail': 'https://lh3.googleusercontent.com/a/ACg8ocJPll08SvnE5CP5Gfd0xtMIjyI47v5njNcXSJIhtNpxHRLO6Q=s120-c-rp-mo-br100', 'link': 'https://www.google.com/maps/contrib/100389951674306243218?hl=en-US', 'reviews': 2, 'photos': 2}",5,Edited 5 months ago,I love the ambience and it's a cozy nice place. Turkish kebab was authentic. Service team is so great and they assist us all the way. We will come back soon. Love from Paris.. good luck Pavo..,
Pavo Restaurant Dhaka,"Plot 77, level, 5 Road 3-4, Dhaka, Bangladesh",+880 1820-011557,https://godinepos.com/,4,62,"{'name': 'Mahmudul Sakib', 'thumbnail': 'https://lh3.googleusercontent.com/a-/ALV-UjX05Zf-q0pSh1anD0H2s5GLIgYikPF6yZWk-kslxj76WwZyFLXp=s120-c-rp-mo-ba3-br100', 'link': 'https://www.google.com/maps/contrib/100825469368422615224?hl=en-US', 'reviews': 11, 'photos': 60}",5,9 months ago,Recently I have visited this restaurant. Their food was so mouth watering. I have tried their kebabs. That was awesome!!! Highly recommended.,
C'Paris,"House 60D, 131 Road, Dhaka 1212, Bangladesh",+880 1343-442262,N/A,3.9,95,"{'name': '繁光丸山', 'thumbnail': 'https://lh3.googleusercontent.com/a/ACg8ocIwQrk2Xdp5WVEknE0a-HyVu8umdV3re2_T6Oqbga7KMAt2sg=s120-c-rp-mo-ba4-br100', 'link': 'https://www.google.com/maps/contrib/111516363796054159224?hl=en-US', 'reviews': 34, 'photos': 295}",5,3 weeks ago,"I went to this restaurant for lunch on Thursday. A friend had recommended it, so I was really excited.
I made a reservation just in case, but I think reservations aren't necessary at lunchtime. However, instead of dining on the upper floor, which is reserved for reservations, I was shown to the ground floor.
I ordered three dishes: soup, an appetizer, and a main dish . The wait time for each dish was short, which was great. My top recommendation is the soup. It was onion soup and delicious. I'll order it every time I visit this restaurant.
After finishing my meal, I also ordered cake and coffee. I ordered cheesecake, which was the best cheesecake I've ever had in the country.
It was such a delicious restaurant, I'd definitely like to return.
Since this is a great restaurant, they asked me if I had a reservation, so please seat me properly next time.",
C'Paris,"House 60D, 131 Road, Dhaka 1212, Bangladesh",+880 1343-442262,N/A,3.9,95,"{'name': 'KAZI FARDIN ISLAM ABIR', 'thumbnail': 'https://lh3.googleusercontent.com/a-/ALV-UjVCJaP6gXfW_vFNJ5EJPehTThY4GymiPrYjPMStjb_4TfKEp_rSZg=s120-c-rp-mo-ba6-br100', 'link': 'https://www.google.com/maps/contrib/107744756214836462684?hl=en-US', 'reviews': 182, 'photos': 1885}",4,4 weeks ago,"C'Paris provides an authentic, luxury French dining experience. The atmosphere captures a sophisticated 1900s Parisian vibe, supported by exceptionally professional staff and service.
​The cuisine is curated by Michelin-style chefs, delivering authentic French classics.
​Reflecting its high standards and use of imported ingredients, the pricing is definitely high. Reservation is absolutely essential for Dinner.

​C'Paris shares a distinct, refined aesthetic with L'Dor, making them kindred spirits in bringing a genuine taste of Paris to the city. It is the definitive choice for sophisticated, authentic French cuisine.",
C'Paris,"House 60D, 131 Road, Dhaka 1212, Bangladesh",+880 1343-442262,N/A,3.9,95,"{'name': 'irfan hossain', 'thumbnail': 'https://lh3.googleusercontent.com/a-/ALV-UjXGpOsuIaO6onqW9TV_b8efyJjRZM0KSnxNxg6qecu57qfDBCx4=s120-c-rp-mo-ba4-br100', 'link': 'https://www.google.com/maps/contrib/102477903294602026795?hl=en-US', 'reviews': 90, 'photos': 434}",3,Edited 4 weeks ago,"Hmmmmmmmmmm! The restaurent offers an interesting menu! Hats off to the chef for bringing french receipes in the heart of Gulshan!

We ordered one soup and two mains!

Honestly I didnt find the mushroom & chicken bisque soup to be a value for money. The qty was way less and taste didnt quite excite my taste buds. Many restaurents accross Dhaka offer better mushroom soup at half the price. The plating of the mains demands appreciation. Unfortunately the steamed seabass felt a bit mushy. I wud have preffered a baked fish, it would have paired better with the smoked paprika sauce. The grouper tasted okay and it was well plated. It was defintely our better choice out of the two mains.

Found the service to be a bit sluggish; had to ask for the bill multiple times. However l should appreciate the decor and it is definately a good place for the instagram shots!",
C'Paris,"House 60D, 131 Road, Dhaka 1212, Bangladesh",+880 1343-442262,N/A,3.9,95,"{'name': 'Ashik Udoy', 'thumbnail': 'https://lh3.googleusercontent.com/a-/ALV-UjUxoQLbv3dIaLlnNRAjRtm-7e5HN6BgL7ObbYgKTZaE0X38gEY=s120-c-rp-mo-ba5-br100', 'link': 'https://www.google.com/maps/contrib/114001638403492304802?hl=en-US', 'reviews': 114, 'photos': 1178}",5,2 weeks ago,"☕ Bonjour C Paris ! Une belle expérience de café ☕

I visited C Paris in Gulshan 1 and really liked the place. The café has a calm and cozy atmosphere — perfect for relaxing or chatting with friends. I tried the Salt Caramel Latte, and it was délicieux — smooth, creamy, and not too sweet.

The service was good, and the staff were polite and friendly. My order came quickly, and everything was clean and well presented. Prices are a bit high, but the quality and vibe make it worth it.

Overall, c’était une belle expérience ! I would definitely come again for coffee or to spend some quiet time. ☕
Pc: @nafisas.trails",
C'Paris,"House 60D, 131 Road, Dhaka 1212, Bangladesh",+880 1343-442262,N/A,3.9,95,"{'name': 'Nazia Tariq', 'thumbnail': 'https://lh3.googleusercontent.com/a-/ALV-UjXUjeHMdp1WygzdMc-iAq36NQE_V_MjcwTgdQZoWOyF9-C43mnc=s120-c-rp-mo-ba4-br100', 'link': 'https://www.google.com/maps/contrib/107636688910261238601?hl=en-US', 'reviews': 33, 'photos': 43}",4,2 months ago,"It’s a very nice and cozy atmosphere. Can get busy and loud on days when it’s full. The menu is concise and adventurous.
It’s a fine dining French restaurant but with a bistro feel to it. Food is very good and service is exceptional. Be prepared to spend well at this eatery and do make sure to call and reserve ahead.",
C'Paris,"House 60D, 131 Road, Dhaka 1212, Bangladesh",+880 1343-442262,N/A,3.9,95,"{'name': 'Sanzida Sharmine', 'thumbnail': 'https://lh3.googleusercontent.com/a-/ALV-UjVlEiu64ekCDiS_9prKbXjBTqUohlZtJ5lrV48RcYGapEr0Dvrf=s120-c-rp-mo-ba3-br100', 'link': 'https://www.google.com/maps/contrib/117806382027928369892?hl=en-US', 'reviews': 27, 'photos': 101}",3,a month ago,"This place do have the posh vibe. But the food itself doesnt really win my heart. The presentation was spectacular but not something I will go back to eat again. The price doesn't make it worth it.

There was no electricity for 1 hr. Without AC back up, the atmosphere was not pleasant.
But with AC working it was all good.",
C'Paris,"House 60D, 131 Road, Dhaka 1212, Bangladesh",+880 1343-442262,N/A,3.9,95,"{'name': 'Sameer 23', 'thumbnail': 'https://lh3.googleusercontent.com/a-/ALV-UjUkMvGzota1UIVWqe2JZ3XJX9-4UGsNDSHFC08SBX610cfbVQHd=s120-c-rp-mo-ba5-br100', 'link': 'https://www.google.com/maps/contrib/112215713364805333159?hl=en-US', 'reviews': 217, 'photos': 525}",4,a month ago,"Probably one of the most hyped and up there fine dining places in Dhaka. French cuisine and truly presentable and unique. The ambience is nice , waiters are friendly and the food is visually pleasing too. Taste wise you get high quality clean food which might be a bit bland for some. For all these be prepared to break the bank. All these come at a hefty price . But justified for a once in a long while special ocassion .  They also have a bakery and desserts too! Which is quite good . So if you want to enjoy just a coffee and a pastry without completely destroying your bank that’s also a nice way to enjoy the high end place !",
C'Paris,"House 60D, 131 Road, Dhaka 1212, Bangladesh",+880 1343-442262,N/A,3.9,95,"{'name': 'dark raven', 'thumbnail': 'https://lh3.googleusercontent.com/a/ACg8ocK2Jg1RYFhaxEoxURp8rakylYOJp4lu9czKmohQ572J66ZlGUE=s120-c-rp-mo-ba5-br100', 'link': 'https://www.google.com/maps/contrib/108522691335956576880?hl=en-US', 'reviews': 77, 'photos': 1126}",3,Edited 2 months ago,"Atmosphere of restaurant is really good. Earlier this premise was for Cafe Mango  & now C'Paris launched just on June,25.

Food was just awful except savory items. Items are too pricy & honestly speaking qty of each platter was just too inadequate comparing price.
I had found a hair in one item & showed them. All stuffs said sorry & wanted to replace the platter again but we do not ask for it as taste was not good.

Service & behavior os all.stuffs are really good & well mannered.
They kept a chase board & it's good that guest can play & pass time.",
ABC Restaurant,"Alambagh Complex, Kha-214, Dhaka 1212, Bangladesh",+880 1614-359045,N/A,4.1,67,"{'name': 'MD. Tarikul Islam', 'thumbnail': 'https://lh3.googleusercontent.com/a/ACg8ocI4bbxzxwvmrH-sDGRJ-EYosBq-Ta2Zyp7NmASbK3QeL3-EAA=s120-c-rp-mo-ba6-br100', 'link': 'https://www.google.com/maps/contrib/100733222084215344603?hl=en-US', 'reviews': 475, 'photos': 2988}",4,2 years ago,People who are going to abroad mainly take a break in this restaurant.,
ABC Restaurant,"Alambagh Complex, Kha-214, Dhaka 1212, Bangladesh",+880 1614-359045,N/A,4.1,67,"{'name': 'Ahmed Ishmam Azmi', 'thumbnail': 'https://lh3.googleusercontent.com/a-/ALV-UjW3e4u55Kmm0q-dyFlhA7ihVeX1jF3EfQL5dttRuwoaSeDB-by6qw=s120-c-rp-mo-ba2-br100', 'link': 'https://www.google.com/maps/contrib/107861283428229271161?hl=en-US', 'reviews': 4, 'photos': 4}",5,4 months ago,Very good restaurant,
ABC Restaurant,"Alambagh Complex, Kha-214, Dhaka 1212, Bangladesh",+880 1614-359045,N/A,4.1,67,"{'name': 'Tashfiqul islam', 'thumbnail': 'https://lh3.googleusercontent.com/a-/ALV-UjUyqwYXF-NuyL5ves5-QwoAlmZomQD_2FXXE72GAMZIRSWLct0L=s120-c-rp-mo-ba6-br100', 'link': 'https://www.google.com/maps/contrib/111283829759166835546?hl=en-US', 'reviews': 55, 'photos': 1720}",5,a year ago,Very tasty food items. Their milk tea is very delicious!,
ABC Restaurant,"Alambagh Complex, Kha-214, Dhaka 1212, Bangladesh",+880 1614-359045,N/A,4.1,67,"{'name': 'Borhan Uddin Rahi', 'thumbnail': 'https://lh3.googleusercontent.com/a-/ALV-UjVCv2aVvSgR7QZc8qhjqf0fqWVyPPeB4SGj8zHZ-DHqoZbqLE8V=s120-c-rp-mo-ba4-br100', 'link': 'https://www.google.com/maps/contrib/114950601672755399924?hl=en-US', 'reviews': 117, 'photos': 23}",1,10 months ago,Very poor service,
ABC Restaurant,"Alambagh Complex, Kha-214, Dhaka 1212, Bangladesh",+880 1614-359045,N/A,4.1,67,"{'name': 'Md. Atikur Rahman', 'thumbnail': 'https://lh3.googleusercontent.com/a-/ALV-UjWSAbwuk4yZLCdg0DTj9V-SLk6ntMtpLvri8AJ2WKEj0xOg0Ahe=s120-c-rp-mo-ba5-br100', 'link': 'https://www.google.com/maps/contrib/113094709843287489373?hl=en-US', 'reviews': 200, 'photos': 164}",5,4 years ago,I ate Half plate Goruru Teheri which Quantity/ Quality/ Taste and Price everything satisfied me. Nice Restaurant,
ABC Restaurant,"Alambagh Complex, Kha-214, Dhaka 1212, Bangladesh",+880 1614-359045,N/A,4.1,67,"{'name': 'az dipu', 'thumbnail': 'https://lh3.googleusercontent.com/a-/ALV-UjXjpu_s7iqfIRbwU5fLe3ubkl-vSCqSGR1w-Gj1CqKUAE8DcFXN=s120-c-rp-mo-ba5-br100', 'link': 'https://www.google.com/maps/contrib/118373620872716073762?hl=en-US', 'reviews': 240, 'photos': 1278}",5,2 years ago,It's clean. Less spicy. And it has parking.,
ABC Restaurant,"Alambagh Complex, Kha-214, Dhaka 1212, Bangladesh",+880 1614-359045,N/A,4.1,67,"{'name': 'Md AL Mamun', 'thumbnail': 'https://lh3.googleusercontent.com/a-/ALV-UjV_bFImvaT_8sqhLFxxNhapl_4MMDXmoUDz-Umb0WYToI3sDRXO=s120-c-rp-mo-ba2-br100', 'link': 'https://www.google.com/maps/contrib/116496019403857626436?hl=en-US', 'reviews': 6, 'photos': 29}",5,5 months ago,Good,
ABC Restaurant,"Alambagh Complex, Kha-214, Dhaka 1212, Bangladesh",+880 1614-359045,N/A,4.1,67,"{'name': 'Alif Mahmud', 'thumbnail': 'https://lh3.googleusercontent.com/a-/ALV-UjXO54hm-dEQR_3sbO1H6_ExBX51S-2elRBLRNnBs-33xQJfIT1d=s120-c-rp-mo-ba5-br100', 'link': 'https://www.google.com/maps/contrib/103539911933807274679?hl=en-US', 'reviews': 110, 'photos': 353}",5,a year ago,Food quality and service is good,
Belly-Full Restaurant,"Dhaka, Bangladesh",+880 1712-965892,N/A,4.1,70,"{'name': 'Nafiu Mohammad', 'thumbnail': 'https://lh3.googleusercontent.com/a-/ALV-UjXdwuVtq5ZwdWns7toqKhq7VEb0d1nSlQw_nQPxBAjTLpfxibh8Hw=s120-c-rp-mo-ba4-br100', 'link': 'https://www.google.com/maps/contrib/110871244372492114539?hl=en-US', 'reviews': 107, 'photos': 35}",5,2 years ago,"Don't go anywhere for Ramen. This is the best place for Ramen hands down. Hopefully they can keep this same quality.
Good service and overall clean so far.
Will try other stuff update it here, but for ramen im only gonna go to belly_full.",
Belly-Full Restaurant,"Dhaka, Bangladesh",+880 1712-965892,N/A,4.1,70,"{'name': 'Ananya Raha', 'thumbnail': 'https://lh3.googleusercontent.com/a-/ALV-UjVcsmzl0DsTuCvbrv25r7Ah2M8dMIgPG7g1k-Yyhm8TXDP85fAp=s120-c-rp-mo-ba5-br100', 'link': 'https://www.google.com/maps/contrib/114244204596323210444?hl=en-US', 'reviews': 160, 'photos': 626}",3,4 years ago,The staff were kind. The chicken wings were average. The place is okay. It could be more clean. The place is very close to mohammadpur bus stand. Good place to have snacks.,
Belly-Full Restaurant,"Dhaka, Bangladesh",+880 1712-965892,N/A,4.1,70,"{'name': 'Mosharraf Hosen Arif', 'thumbnail': 'https://lh3.googleusercontent.com/a-/ALV-UjVbh0lbysgArWVYsmykPhGAhqfrEi7ILlUweYKgt57hINkncvgRbQ=s120-c-rp-mo-ba5-br100', 'link': 'https://www.google.com/maps/contrib/114932810241281438910?hl=en-US', 'reviews': 66, 'photos': 667}",5,5 years ago,"Food quality is good.
There behavior good.",
Belly-Full Restaurant,"Dhaka, Bangladesh",+880 1712-965892,N/A,4.1,70,"{'name': 'Dr. Muhib Muhammed Kabir', 'thumbnail': 'https://lh3.googleusercontent.com/a-/ALV-UjVCp1ii-UdTwLGVYSxJwCSuCLrFi_QMo-NjGNJP5tMDZi-_ipKH=s120-c-rp-mo-ba4-br100', 'link': 'https://www.google.com/maps/contrib/111479766163595550687?hl=en-US', 'reviews': 95, 'photos': 185}",4,4 years ago,"Food was good and fresh.
Usually I have my meetings in here. Price is reasonable.
If u tell them one day before ur arrival, they usually charge less",
Belly-Full Restaurant,"Dhaka, Bangladesh",+880 1712-965892,N/A,4.1,70,"{'name': 'Nasir Uddin Vuiya', 'thumbnail': 'https://lh3.googleusercontent.com/a-/ALV-UjXX5qFdVvNu4Ok27GffaT8abrxPZGWk8pAebX_Du6p3iEfXceWs=s120-c-rp-mo-ba4-br100', 'link': 'https://www.google.com/maps/contrib/107843240253160032304?hl=en-US', 'reviews': 113, 'photos': 167}",5,4 years ago,Nice people and tasty foods. I like it.,
Belly-Full Restaurant,"Dhaka, Bangladesh",+880 1712-965892,N/A,4.1,70,"{'name': 'Musabbir Ahmed', 'thumbnail': 'https://lh3.googleusercontent.com/a-/ALV-UjVn26ExTnh5pdLYJZWCXSXfZwoNeWd_8d-pAbbtOViH5YPjJRsR=s120-c-rp-mo-ba5-br100', 'link': 'https://www.google.com/maps/contrib/102123466187529896803?hl=en-US', 'reviews': 186, 'photos': 1114}",2,5 years ago,Ordered Thai soup and chowmein through shohoz. Disappointed. Overly spiced. Taste average.,
Belly-Full Restaurant,"Dhaka, Bangladesh",+880 1712-965892,N/A,4.1,70,"{'name': 'Digonto shopnil', 'thumbnail': 'https://lh3.googleusercontent.com/a-/ALV-UjVczDUlzJvv-YRyZzITPPluEB0Za-83gzpz8t2Tzl1CuaKS_Wys=s120-c-rp-mo-br100', 'link': 'https://www.google.com/maps/contrib/112163143743483939366?hl=en-US', 'reviews': 5, 'photos': 1}",5,5 years ago,Good food and also nice service.They are really so nice people.,
Belly-Full Restaurant,"Dhaka, Bangladesh",+880 1712-965892,N/A,4.1,70,"{'name': 'Samira Maria', 'thumbnail': 'https://lh3.googleusercontent.com/a-/ALV-UjUHoBjlg_V0oSoaB-e3qDXKjQlBMMwnnTlIfSsf--5XqOmeB2feIw=s120-c-rp-mo-ba4-br100', 'link': 'https://www.google.com/maps/contrib/114104324747343490064?hl=en-US', 'reviews': 54, 'photos': 277}",5,4 years ago,Environment and foods are really good....the behavior of belly full staffs are truly impressive 😍,
Dhaka XO,"Level 6, Shyamoli Square Shopping Mall, Mirpur Rd, Dhaka 1207, Bangladesh",+880 1913-984165,N/A,3.5,434,"{'name': 'AS Diep', 'thumbnail': 'https://lh3.googleusercontent.com/a-/ALV-UjVdMVFRGHke4v_72FLZwZeR3xnQZSudzLyayWky3RA6oQZpYcT9=s120-c-rp-mo-ba6-br100', 'link': 'https://www.google.com/maps/contrib/112101512496139255901?hl=en-US', 'reviews': 314, 'photos': 2751}",4,6 years ago,"One of my friend was keep insisting to visit ""Dhaka XO"". So finally went their and tried out. Must say food are pretty good considering the price range. Quantity was ok, and taste was good. Ramen bowl are usually a bit bigger than they serve in other restaurants, but it was filled with ingredients so didn't mind the size. Only downside of the place is the seating arrangements are pretty congested.",
Dhaka XO,"Level 6, Shyamoli Square Shopping Mall, Mirpur Rd, Dhaka 1207, Bangladesh",+880 1913-984165,N/A,3.5,434,"{'name': 'Nahian Islam', 'thumbnail': 'https://lh3.googleusercontent.com/a-/ALV-UjVRuaLV9tLGP4bp7Kx8P9eniTtDK4ZmPgKWakPS4BChmkr20gEz=s120-c-rp-mo-ba6-br100', 'link': 'https://www.google.com/maps/contrib/109034004896526292262?hl=en-US', 'reviews': 352, 'photos': 2280}",4,Edited 10 months ago,Taken Korean spicy Ramen from Dhak XO. Test was good but it was too much spicy then expected. Dhaka XO is located on Shamoly Square and the have two outlets in it. They offer different set meals which are also good to have. Overall you can give a try their items.,
Dhaka XO,"Level 6, Shyamoli Square Shopping Mall, Mirpur Rd, Dhaka 1207, Bangladesh",+880 1913-984165,N/A,3.5,434,"{'name': 'Asif Ahmed', 'thumbnail': 'https://lh3.googleusercontent.com/a-/ALV-UjVD_gpn_rAIY-_jBar7zhGhOawaKaat98OD01euygnIOlAk1kY=s120-c-rp-mo-ba5-br100', 'link': 'https://www.google.com/maps/contrib/112435571115494832001?hl=en-US', 'reviews': 116, 'photos': 243}",3,5 years ago,"Just a small restaurant in a food court located in shyamoli square. Place was tidy, a little congested but it was ok with me. It has also an expansion. We had peri peri chicken bowl. Food was ok. Never saw such a big chicken leg piece though. But the problem is they serve it within a tiny bowl (as the name goes) which causes trouble while eating. There was a big chicken leg piece, a full egg, mushrooms and rice. Bit spicy which makes it more tasty.",
Dhaka XO,"Level 6, Shyamoli Square Shopping Mall, Mirpur Rd, Dhaka 1207, Bangladesh",+880 1913-984165,N/A,3.5,434,"{'name': 'Talha F. Rahman', 'thumbnail': 'https://lh3.googleusercontent.com/a-/ALV-UjUarcnAi4TCU9DJMtI2Vz_6qnsM8MKWVVLAnZsLtTGfwxM6umx_Jw=s120-c-rp-mo-ba5-br100', 'link': 'https://www.google.com/maps/contrib/108678472468142263552?hl=en-US', 'reviews': 59, 'photos': 538}",4,5 years ago,"I took here Japanees Ramen & Korean Ramen.
Price is resonable so as tast. You can try once.

Their seating capacity is 16 at a time. Its a tiny place.",
Dhaka XO,"Level 6, Shyamoli Square Shopping Mall, Mirpur Rd, Dhaka 1207, Bangladesh",+880 1913-984165,N/A,3.5,434,"{'name': 'Aziza Nahar', 'thumbnail': 'https://lh3.googleusercontent.com/a-/ALV-UjWoCnz7CpzaOj071q85o0xug2_uLrZ42XpJStGrVYPs9Kl4BXd7=s120-c-rp-mo-ba5-br100', 'link': 'https://www.google.com/maps/contrib/100481690996710574019?hl=en-US', 'reviews': 186, 'photos': 593}",2,6 years ago,"Their food is ok, but below the standard with the comparison of price.
And the behave is very rude.
Service is super slow
They don’t have any vat chalan number at all but took 20 bdt for a 15 bdt kinley bottle!!",
Dhaka XO,"Level 6, Shyamoli Square Shopping Mall, Mirpur Rd, Dhaka 1207, Bangladesh",+880 1913-984165,N/A,3.5,434,"{'name': 'sakib knn', 'thumbnail': 'https://lh3.googleusercontent.com/a-/ALV-UjUQnU873MOJc5DZcAnM23qdOOw_y-32CygMSLoPbCkEw8D2uDGN=s120-c-rp-mo-ba4-br100', 'link': 'https://www.google.com/maps/contrib/111145532145676419309?hl=en-US', 'reviews': 87, 'photos': 386}",5,Edited 6 years ago,"DHAKA XO has set its mark as the best chicken STEAK of the town at this price. #DHAKA_XO(SHYMOLI SQUARE)
always focuses on satisfying the food loves that come from all over the town to experience a hardcore STEAK treat. This offer is dedicated to all of the STEAK LOVERS.",
Dhaka XO,"Level 6, Shyamoli Square Shopping Mall, Mirpur Rd, Dhaka 1207, Bangladesh",+880 1913-984165,N/A,3.5,434,"{'name': 'Abdullah Al Abid', 'thumbnail': 'https://lh3.googleusercontent.com/a-/ALV-UjUwbs-2j7I1cw9xE5OJR2EWLJvr8zNhRwsYJ_s8QeYLzIbhtTVsSA=s120-c-rp-mo-ba4-br100', 'link': 'https://www.google.com/maps/contrib/105349896079460794382?hl=en-US', 'reviews': 47, 'photos': 409}",4,3 years ago,A little spaced but well decorated with colourful wall paintings and lights which create beautiful moments to Spend with beloved persons.... The food tasted good... The price is reasonable...,
Dhaka XO,"Level 6, Shyamoli Square Shopping Mall, Mirpur Rd, Dhaka 1207, Bangladesh",+880 1913-984165,N/A,3.5,434,"{'name': 'Fagun', 'thumbnail': 'https://lh3.googleusercontent.com/a-/ALV-UjVJpBNvdYQlqRONxG4cYSmHp-TGA_N4SwxL8jPpU_prok4wuyXo9g=s120-c-rp-mo-ba5-br100', 'link': 'https://www.google.com/maps/contrib/102830386255025224432?hl=en-US', 'reviews': 240, 'photos': 682}",4,3 years ago,"We have tried Korean Ramen and Their set menu.

Ramen was little spicy. Taste was good.
The set menu contains vegetables, soup, pasta, chicken and fried rice.
Their soup was worst, and other items are average.

This is a very small place, probably maximum 15 person can seat at a time.

In terms of pricing, I think Ramen is a bit expensive.",
Garden Ship ️,"32/1, Block-D, Sher Shah Shuri, Tajmahal Road, Mohammadpur, Dhaka-1207 Just behind Dhaka Residential Model School & College Dhaka, 1207, Bangladesh",+880 1752-166509,https://gardenship3.wixsite.com/gardenship-1,4,349,"{'name': 'NJ Lily', 'thumbnail': 'https://lh3.googleusercontent.com/a-/ALV-UjXyMpheFXUKQwx2dQCQtfdw-4XnY-2Da-VD3KLI9Z9RSDb_-id0sg=s120-c-rp-mo-ba6-br100', 'link': 'https://www.google.com/maps/contrib/103705213590936923919?hl=en-US', 'reviews': 204, 'photos': 2490}",5,6 months ago,"Last weekend, I visited a charming little restaurant tucked away on Tajmahal Road in Mohammadpur called **Garden Ship**. It’s one of those classic, old-school Thai-Chinese family restaurants that you don’t come across often these days. The kind of place that quietly carries on with its legacy while the rest of the city moves on to trendy cafés and fast food joints.

When we first entered, the restaurant was quiet and had a slightly gloomy ambiance. It wasn’t particularly busy, and for a moment, it felt like we had stepped into a forgotten corner of the neighborhood. But that quickly changed. As soon as we walked in, both the manager and the waiter greeted us with warm smiles and a genuinely welcoming attitude. Their enthusiasm at having guests made us feel instantly comfortable.

We were shown to our seats, and within moments, the manager came over to recommend a few dishes. He seemed proud of the menu, which was a mix of Thai and Chinese classics. We appreciated his suggestions and ended up ordering the **Seafood Mix**, **Wonton Soup**, **Chowmein**, and a few refreshing drinks.

When the food arrived, we were pleasantly surprised by the generous portions. The **Seafood Mix** was especially impressive—loaded with prawns, crabs, calamari, and cooked to perfection with bold flavors that didn’t overpower the natural taste of the seafood. The **Wonton Soup** was comforting, with soft, flavorful dumplings swimming in a rich broth, and the **Chowmein** had just the right amount of seasoning, veggies, and meat to balance it all out.

Everything tasted delicious. It reminded us of the kind of food we used to enjoy in restaurants growing up—hearty, flavorful, and served with care.

Garden Ship may not have the flashy decor or Instagrammable lighting that newer places boast, but it has something far more valuable: heart. It's a **hidden gem** in the heart of Mohammadpur, and it's a little sad to think that places like this are slowly fading away from the city’s dining scene.

If you're someone who enjoys classic comfort food and appreciates warm hospitality, Garden Ship is absolutely worth a visit. Support your local family-run restaurants—they often hold the most authentic flavors and the warmest memories.",
Garden Ship ️,"32/1, Block-D, Sher Shah Shuri, Tajmahal Road, Mohammadpur, Dhaka-1207 Just behind Dhaka Residential Model School & College Dhaka, 1207, Bangladesh",+880 1752-166509,https://gardenship3.wixsite.com/gardenship-1,4,349,"{'name': 'Suravi Ghose', 'thumbnail': 'https://lh3.googleusercontent.com/a-/ALV-UjVCjUCIzCc4ZENSAvnGilhKyGYDDbvF2G4C2_SlyVn70aFRXpc=s120-c-rp-mo-br100', 'link': 'https://www.google.com/maps/contrib/110731839225351719945?hl=en-US', 'reviews': 3, 'photos': 16}",4,3 years ago,Interior decoration is good. Budget friendly. The behaviour of the staff was very elegant. There is a separate open area with outdoor seating. Chicken masala tastes fine.,
Garden Ship ️,"32/1, Block-D, Sher Shah Shuri, Tajmahal Road, Mohammadpur, Dhaka-1207 Just behind Dhaka Residential Model School & College Dhaka, 1207, Bangladesh",+880 1752-166509,https://gardenship3.wixsite.com/gardenship-1,4,349,"{'name': 'Anwar Parvez Chowdhury', 'thumbnail': 'https://lh3.googleusercontent.com/a-/ALV-UjVEulzM0kXw2A8N0nBBeERr_m9GsL82wWyfAUSvyWHJA1fbts6CLQ=s120-c-rp-mo-ba6-br100', 'link': 'https://www.google.com/maps/contrib/108581536473328121609?hl=en-US', 'reviews': 244, 'photos': 1735}",4,3 years ago,A good  standard restaurant. Food quality 6 out of 10. This restaurant has two parts. You can sit inside or you can enjoy your food outside trace. Smoking is allowed at outside area. You can order a cup of good coffee here as well.,
Garden Ship ️,"32/1, Block-D, Sher Shah Shuri, Tajmahal Road, Mohammadpur, Dhaka-1207 Just behind Dhaka Residential Model School & College Dhaka, 1207, Bangladesh",+880 1752-166509,https://gardenship3.wixsite.com/gardenship-1,4,349,"{'name': 'Mahedi Jamin', 'thumbnail': 'https://lh3.googleusercontent.com/a-/ALV-UjVSlxg-IPRQW17RXdyFxdEvlAdAWRkZj6kpZfdP_52CExD6wd7_=s120-c-rp-mo-ba4-br100', 'link': 'https://www.google.com/maps/contrib/112530637675683499044?hl=en-US', 'reviews': 42, 'photos': 172}",5,3 years ago,"A nice, tidy little restaurant serving good quality tasty seafood. The open roof area at the back has small party facilities which I think is fantastic. The food didn't seem too expensive. All in all can be said to be comfortable.",
Garden Ship ️,"32/1, Block-D, Sher Shah Shuri, Tajmahal Road, Mohammadpur, Dhaka-1207 Just behind Dhaka Residential Model School & College Dhaka, 1207, Bangladesh",+880 1752-166509,https://gardenship3.wixsite.com/gardenship-1,4,349,"{'name': 'Puja Puspa', 'thumbnail': 'https://lh3.googleusercontent.com/a-/ALV-UjVAXJkNu00_Mky6pe3lgSmg2xYoCsDh-bSsuT-CsahGwnNjTZAV=s120-c-rp-mo-ba5-br100', 'link': 'https://www.google.com/maps/contrib/103586123222866118532?hl=en-US', 'reviews': 131, 'photos': 425}",3,3 years ago,"Visited this place last year and tried their fried rice, chicken chilli onion and cashew nut salad. The taste was okay but I didn’t like chicken chilli onion much. The price seemed a bit higher to me. Environment was good but they allowed some people to smoke which caused a little bit problem to us. I don’t know if this norm is changed now or not.",
Garden Ship ️,"32/1, Block-D, Sher Shah Shuri, Tajmahal Road, Mohammadpur, Dhaka-1207 Just behind Dhaka Residential Model School & College Dhaka, 1207, Bangladesh",+880 1752-166509,https://gardenship3.wixsite.com/gardenship-1,4,349,"{'name': 'Anik Hasan', 'thumbnail': 'https://lh3.googleusercontent.com/a-/ALV-UjWNU4yoY39laputng3Va3PZZ_0rVs1mY6LvsNxNh49tN99wSue5lA=s120-c-rp-mo-ba5-br100', 'link': 'https://www.google.com/maps/contrib/107511824130570000848?hl=en-US', 'reviews': 64, 'photos': 529}",5,3 years ago,"Went there last Friday. It was well decorated & open restaurant type. Best to attend after nightfall if you want to take some beautiful memories. Great place for friends and family gathering. Can place 50+ people at a time. Food was good, mouth watering. Enjoyed their every dish. They mainly serve Chinese menu.",
Garden Ship ️,"32/1, Block-D, Sher Shah Shuri, Tajmahal Road, Mohammadpur, Dhaka-1207 Just behind Dhaka Residential Model School & College Dhaka, 1207, Bangladesh",+880 1752-166509,https://gardenship3.wixsite.com/gardenship-1,4,349,"{'name': 'Eeshat Ahmad', 'thumbnail': 'https://lh3.googleusercontent.com/a-/ALV-UjVl-rou9Y0V0YPV2xTnumyw_1PNl_eHAzmke5M8kgSQjT_7ksM=s120-c-rp-mo-ba4-br100', 'link': 'https://www.google.com/maps/contrib/113312893665893602381?hl=en-US', 'reviews': 95, 'photos': 60}",5,3 years ago,Super like. Food was good. Service was good. Overall excellent.,
Garden Ship ️,"32/1, Block-D, Sher Shah Shuri, Tajmahal Road, Mohammadpur, Dhaka-1207 Just behind Dhaka Residential Model School & College Dhaka, 1207, Bangladesh",+880 1752-166509,https://gardenship3.wixsite.com/gardenship-1,4,349,"{'name': 'Musabbir Ahmed', 'thumbnail': 'https://lh3.googleusercontent.com/a-/ALV-UjVn26ExTnh5pdLYJZWCXSXfZwoNeWd_8d-pAbbtOViH5YPjJRsR=s120-c-rp-mo-ba5-br100', 'link': 'https://www.google.com/maps/contrib/102123466187529896803?hl=en-US', 'reviews': 186, 'photos': 1114}",4,5 years ago,"Had parceled food - Wonthon, Thai soup, Fish and chips and Momos. Food were fresh and tasty. Though a bit costly. I would expect more amount of meat in wonthons for their range of price. Nonetheless, if you're looking for a good restaurant for a family dinner or lunch, this is the place.",
PAGLA BABURCHI RESTAURANT purbachal Gazipur Dhaka,"Unnamed Road, Purbachal New Town Project, Bangladesh",+880 1826-333113,N/A,3.9,228,"{'name': 'Shahriar Mamun', 'thumbnail': 'https://lh3.googleusercontent.com/a-/ALV-UjXG6d-oa7ZtFxSkw92fF_MBnGt8hxMKqPEPEyxTaVdywkjfezYX=s120-c-rp-mo-ba4-br100', 'link': 'https://www.google.com/maps/contrib/111163992414796748468?hl=en-US', 'reviews': 44, 'photos': 396}",4,a year ago,"It was a sudden visit to this place without knowing anything about it. It was almost the time for iftar. So my friend and I thought of stopping here.

Quite well decorated place. Looks very nice. It has a lot of green, pots of plants. Mosquito is a big issue though. They should do something about it.

The food was good. They served in a short time. We had rumali ruti, duck and beef. All tasted nice.

What I really, really liked and appreciated is the service. The person who served our table was super nice, helpful, sincere, and prompt. I hardly find such service even at any top-notch restaurant in the main Dhaka city.

There is a bridge just close to this restaurant. That is a very nice place to hang out.",
PAGLA BABURCHI RESTAURANT purbachal Gazipur Dhaka,"Unnamed Road, Purbachal New Town Project, Bangladesh",+880 1826-333113,N/A,3.9,228,"{'name': 'Ali Hasan Sakib', 'thumbnail': 'https://lh3.googleusercontent.com/a/ACg8ocI-soH4LkiDN5RfawvMtEVudFMZheoQ02oEcnKpuS-NGInIdHo=s120-c-rp-mo-br100', 'link': 'https://www.google.com/maps/contrib/103045367817587460264?hl=en-US', 'reviews': 10, 'photos': 0}",2,a month ago,"We tried the rice, chicken, bhajis and bhortas. The food taste was quite good that's why I am giving the two stars. Except that, their service was extremely poor. We had a big group of 14 people but they didn't even detailed a fixed waiter for us. By the time they provided salad and chicken, we finished the rice with bhartas because those were getting cold. They provided the daal when most of us finished to eat. The restaurant must take care of their service quality.",
PAGLA BABURCHI RESTAURANT purbachal Gazipur Dhaka,"Unnamed Road, Purbachal New Town Project, Bangladesh",+880 1826-333113,N/A,3.9,228,"{'name': 'Muhtasim Intisar Farhan', 'thumbnail': 'https://lh3.googleusercontent.com/a/ACg8ocJUOxzzD-roamvJWzxUiTee7B1QJbcULtSyJlSKL4QLg-xkIg=s120-c-rp-mo-ba5-br100', 'link': 'https://www.google.com/maps/contrib/101630427923946171986?hl=en-US', 'reviews': 223, 'photos': 1541}",5,a year ago,"It's one of the quality restaurant in Purbachal,they are decorated with bamboo huts,,
I visited several times here,Food quality too good,,I liked their Bengali items
Ordered
Rice
Different types of Vorta
Chingri Curry
Duck meat
The duck meat was too soft,, it was awesome,, the chingri curry was also soo good,,Everything fine,you can enjoy food here in a calm and healthy fresh  environment..",
PAGLA BABURCHI RESTAURANT purbachal Gazipur Dhaka,"Unnamed Road, Purbachal New Town Project, Bangladesh",+880 1826-333113,N/A,3.9,228,"{'name': 'Alamgir Al Azad', 'thumbnail': 'https://lh3.googleusercontent.com/a-/ALV-UjU-3l5FbK-kNuHreZMNz-kunVoPmnqDsfXW0O7kXECqFScObL3y7A=s120-c-rp-mo-ba6-br100', 'link': 'https://www.google.com/maps/contrib/101091979231159530886?hl=en-US', 'reviews': 134, 'photos': 3783}",5,4 years ago,It's a nice place for refreshment. And also their food quality & taste. Really it was so delicious & fresh. Any body can go there with their family & friends.,
PAGLA BABURCHI RESTAURANT purbachal Gazipur Dhaka,"Unnamed Road, Purbachal New Town Project, Bangladesh",+880 1826-333113,N/A,3.9,228,"{'name': 'Masud Parvej', 'thumbnail': 'https://lh3.googleusercontent.com/a-/ALV-UjUZJIIwV2lZQvOR5plkmAkdL9thhZXSjF9JeuVHNvqtkWXx0eqEeQ=s120-c-rp-mo-ba5-br100', 'link': 'https://www.google.com/maps/contrib/102502811739699880113?hl=en-US', 'reviews': 276, 'photos': 561}",4,Edited a month ago,"Good Bengali food with natural homemade food like taste...Vorta & Dal,vegetable  awesome..natural environment with lots of street car parking facilities...This restaurant have some hut for chills with friend while eating",
PAGLA BABURCHI RESTAURANT purbachal Gazipur Dhaka,"Unnamed Road, Purbachal New Town Project, Bangladesh",+880 1826-333113,N/A,3.9,228,"{'name': 'sadia sobhan', 'thumbnail': 'https://lh3.googleusercontent.com/a-/ALV-UjV_O60FmIjkZMlgQNgj4FrtO8qOkQTsaWNJ1SrfPonzFVQBwAVvPg=s120-c-rp-mo-ba6-br100', 'link': 'https://www.google.com/maps/contrib/102424605504031515434?hl=en-US', 'reviews': 488, 'photos': 3729}",3,2 years ago,"Like all other cafes and restaurants in Purbachal, decorated with bamboo huts. It is at the Moyez Chattor. Food quality is good. The price is also not too high.",
PAGLA BABURCHI RESTAURANT purbachal Gazipur Dhaka,"Unnamed Road, Purbachal New Town Project, Bangladesh",+880 1826-333113,N/A,3.9,228,"{'name': 'sohel mahmood', 'thumbnail': 'https://lh3.googleusercontent.com/a-/ALV-UjXirx_WsOW_lc-HjGIZeaUcw_qy1RIuWwUJQj69tSi04Kdik9KY=s120-c-rp-mo-ba6-br100', 'link': 'https://www.google.com/maps/contrib/104528858418332154899?hl=en-US', 'reviews': 171, 'photos': 1117}",5,3 years ago,Quality restaurant in purbachal city. Their food is good enough according to the price. Service is good and friendly behavior. It can be a great experience of hangout with family.,
PAGLA BABURCHI RESTAURANT purbachal Gazipur Dhaka,"Unnamed Road, Purbachal New Town Project, Bangladesh",+880 1826-333113,N/A,3.9,228,"{'name': 'Mamun Chowdhury', 'thumbnail': 'https://lh3.googleusercontent.com/a-/ALV-UjVpt8SV4ZSAKRDoPZhTSq1bHbOE3L58EHUnPvKehLIz7EC-YLdKNQ=s120-c-rp-mo-ba6-br100', 'link': 'https://www.google.com/maps/contrib/105688650176047180328?hl=en-US', 'reviews': 438, 'photos': 1033}",4,a year ago,"Last Thursday we 10 Office collauge visit there for Dinner. We order duck and chapti,and beef bona,duck was good price 300 it's little bit expensive.beef Bona not good.there washroom is very bad.",
Hotel Sarina Dhaka,"Plot #27 Road No. 17, Dhaka 1213, Bangladesh",+880 1730-020313,http://www.sarinahotel.com/,4.4,7559,"{'name': 'Channa Jayasinghe', 'thumbnail': 'https://lh3.googleusercontent.com/a-/ALV-UjUqi9RSwhbPCoI95fM6NApoxgL5KY46UeJ-W2c2-lvrWlSRFWZB=s120-c-rp-mo-ba6-br100', 'link': 'https://www.google.com/maps/contrib/117287255964672091545?hl=en-US', 'reviews': 420, 'photos': 871}",5,a month ago,"I recently visited Hotel Sarina in Dhaka for a friend’s family event and had a wonderful experience.
The hotel offers several restaurants and banquet facilities, making it a versatile choice for dining as well as gatherings.

The banquet hall was spacious, well arranged, and perfect for hosting family events with comfort. The staff were attentive and supportive throughout, ensuring everything went smoothly. The food at the event was excellent, flavorful, authentic, and beautifully presented, adding to the overall enjoyment of the event.

The combination of quality service, delicious cuisine, and a well maintained venue made the experience very positive. Hotel Sarina is definitely a great choice for both dining and special occasions in Dhaka.",
Hotel Sarina Dhaka,"Plot #27 Road No. 17, Dhaka 1213, Bangladesh",+880 1730-020313,http://www.sarinahotel.com/,4.4,7559,"{'name': 'BlueRony Bro', 'thumbnail': 'https://lh3.googleusercontent.com/a-/ALV-UjVALMB93pKWPr2megETkmaLuMf3EwKWuCgxHjEeTf1G-O3XDuZ3=s120-c-rp-mo-ba5-br100', 'link': 'https://www.google.com/maps/contrib/104892394292432850765?hl=en-US', 'reviews': 272, 'photos': 458}",5,a month ago,"I recently stayed at Hotel Sarina Dhaka and had a truly pleasant experience. The hotel is located in a convenient area, close to major shopping centers, restaurants, and the airport, which makes it perfect for both business and leisure travelers.
The room I stayed in was spacious, clean, and very comfortable, providing a relaxing environment after a long day. The room service was excellent, always prompt and professional, and the housekeeping staff maintained the room very well throughout my stay.
The hotel staff were friendly and helpful, always greeting guests with a smile and doing their best to ensure comfort and satisfaction. I was especially impressed by their polite attitude and quick response whenever I needed assistance.
The banquet buffet and breakfast were another highlight of my stay. There was a wide variety of dishes — both local and international — and everything was fresh and tasty. The dining area was neat, well organized, and offered a comfortable atmosphere to enjoy meals.
Overall, Hotel Sarina Dhaka provides great value for money with its excellent service, spacious rooms, and quality food. I would highly recommend this hotel to anyone looking for a comfortable and memorable stay in Dhaka.",
Hotel Sarina Dhaka,"Plot #27 Road No. 17, Dhaka 1213, Bangladesh",+880 1730-020313,http://www.sarinahotel.com/,4.4,7559,"{'name': '890sajjath', 'thumbnail': 'https://lh3.googleusercontent.com/local-reviews/AJMZ0QeWB0GIG9gGd6g9zDFXwjE9TRuKRtAO6HvwA5jEdK_CrOJXcVxp8esjQRYTFMjay2JK=s120-c-br100', 'link': 'https://www.tripadvisor.com/ShowUserReviews-g293936-d601488-r1037664174?m=68573&staydates=2025_11_30_2025_12_01&uguests=1_2_0&supdv=unknown&supuc=US&supul=en', 'reviews': None, 'photos': None}",N/A,a week ago,"The housekeeping service was truly impressive throughout my stay. The team worked with great care and dedication to keep the room clean and comfortable. Special thanks to Mr. Hasib for his outstanding service and polite behaviour — he was always helpful, respectful, and smiling. His professionalism made my experience even more pleasant. Highly appreciated!",
Hotel Sarina Dhaka,"Plot #27 Road No. 17, Dhaka 1213, Bangladesh",+880 1730-020313,http://www.sarinahotel.com/,4.4,7559,"{'name': 'sayeeda78', 'thumbnail': 'https://lh3.googleusercontent.com/local-reviews/AJMZ0QeSe9ibNVY65MpgeQh70I370foM0-7tEPyVc9CIfSq5Ekli093sZJVPBoLD5d5qPK_2rw=s120-c-br100', 'link': 'https://www.tripadvisor.com/ShowUserReviews-g293936-d601488-r1037414166?m=68573&staydates=2025_11_30_2025_12_01&uguests=1_2_0&supdv=unknown&supuc=US&supul=en', 'reviews': None, 'photos': None}",N/A,2 weeks ago,I came with my family. I got a very nice room. Room was very well clean and tidy. My wife was very happy with the service. They serve us with smile and tried their best. Specially housekeeping team as they gave us top service. Mr.Mostofa & Juel,
Hotel Sarina Dhaka,"Plot #27 Road No. 17, Dhaka 1213, Bangladesh",+880 1730-020313,http://www.sarinahotel.com/,4.4,7559,"{'name': ""Jordan D'cruze"", 'thumbnail': 'https://lh3.googleusercontent.com/a-/ALV-UjUbkbeaK54CyxsQZrjf4HNINBZvrs4BJpPLUFC6NmqeLkkbWW46=s120-c-rp-mo-br100', 'link': 'https://www.google.com/maps/contrib/112710723070069432327?hl=en-US', 'reviews': 3, 'photos': 5}",5,a month ago,"I had a wonderful stay at Hotel Sarina Dhaka. The rooms were spacious, clean, and very comfortable. The service was excellent—staff members were attentive, professional, and always willing to help with a smile. The hotel offers a warm and welcoming atmosphere that made my stay very enjoyable.

The only small drawback was the location, which can get a bit busy at times, but overall it’s still convenient for getting around Dhaka.

Highly recommend for anyone looking for comfort and great hospitality in the city!",
Hotel Sarina Dhaka,"Plot #27 Road No. 17, Dhaka 1213, Bangladesh",+880 1730-020313,http://www.sarinahotel.com/,4.4,7559,"{'name': 'Sobhan1960', 'thumbnail': 'https://lh3.googleusercontent.com/local-reviews/AJMZ0QeFH6dzZjd_ZFLhXHZKibEzXEy8hWzFB4Qa7PutLe3CnO2G7yVfjd4VSabiCQwQYo5W-g=s120-c-br100', 'link': 'https://www.tripadvisor.com/ShowUserReviews-g293936-d601488-r1036741099?m=68573&staydates=2025_11_30_2025_12_01&uguests=1_2_0&supdv=unknown&supuc=US&supul=en', 'reviews': None, 'photos': None}",N/A,2 weeks ago,"this Beautiful hotel in Dhaka city ,   We are coming here regularly.      The ambiance  of hotel Sarina  summer field restaurant  was very  nice | Friendly staff.   We took buffet lunch at summer field. Food was very delicious. |  Our waitress sweety was very polite",
Hotel Sarina Dhaka,"Plot #27 Road No. 17, Dhaka 1213, Bangladesh",+880 1730-020313,http://www.sarinahotel.com/,4.4,7559,"{'name': 'Liezechina', 'thumbnail': 'https://lh3.googleusercontent.com/a/ACg8ocIEEmIgDA4WL1GOiynnbUzRsvae2Q-hV8u4wdBPdRqSEARToQ=s120-c-rp-mo-br100', 'link': 'https://www.google.com/maps/contrib/103074358645381039904?hl=en-US', 'reviews': 1, 'photos': 0}",5,2 months ago,"The service at this hotel is top-notch. Every staff member I interacted with was polite, professional, and eager to help. It exceeded my expectations in every way, The hotel’s facilities are impressive. I made use of the fitness center, which had all the equipment I needed for a great workout. The on-site restaurant served delicious meals with a great variety, The location is perfect. It’s conveniently located near major attractions..",
Hotel Sarina Dhaka,"Plot #27 Road No. 17, Dhaka 1213, Bangladesh",+880 1730-020313,http://www.sarinahotel.com/,4.4,7559,"{'name': 'HARY RASHID', 'thumbnail': 'https://lh3.googleusercontent.com/a-/ALV-UjXiutX_PoT7xePq-IH08knmwZEKVODk5CAbXz4gevRaKeA8k7M=s120-c-rp-mo-br100', 'link': 'https://www.google.com/maps/contrib/105709744183770694124?hl=en-US', 'reviews': 1, 'photos': 0}",5,a month ago,"The best hotel I've ever been privileged enough to stay at. The elegant decor of the rooms, top-notch amenities, and high-quality services are the prime attractions of this hotel. I was impressed by the efficient check-in/ check-out process of the hotel. They allowed us to check in early, at about 10 am. Their Airport Protocol service is also very comfortable.",
Urban Fusion,"Begum Rokeya Sharanee, Air Force Basecamp, Right Beside Bangladesh Air Force Museum, Agargaon, Dhaka 1215, Bangladesh",+880 1958-025880,N/A,4.1,7,"{'name': 'Apurbo Hridoy', 'thumbnail': 'https://lh3.googleusercontent.com/a-/ALV-UjVUA-V98LQV2XrPQAySyRSg72861T6TIF3pRAz43Ie76vQHyTup=s120-c-rp-mo-ba2-br100', 'link': 'https://www.google.com/maps/contrib/117363497161614231672?hl=en-US', 'reviews': 6, 'photos': 12}",2,5 months ago,I ordered the seafood platter over there which cost me around 1200tk. The quantity is so minimum that it can barely fill one person. If the quantity of their highest priced and chef’s special food looks like this then I don’t know what will they offer in other platter. They didn’t even provided any tissue at all.  The food that they have uploaded in their page was no way near the food they delivered. I had a very bad experience over there.,
Urban Fusion,"Begum Rokeya Sharanee, Air Force Basecamp, Right Beside Bangladesh Air Force Museum, Agargaon, Dhaka 1215, Bangladesh",+880 1958-025880,N/A,4.1,7,"{'name': 'Mushira Khanam Maria', 'thumbnail': 'https://lh3.googleusercontent.com/a/ACg8ocKepQKb6RszbwejiXoKH2Rdh02UTtf_gpPCDo2jXqb8zGQc7g=s120-c-rp-mo-br100', 'link': 'https://www.google.com/maps/contrib/104474456649155885748?hl=en-US', 'reviews': 4, 'photos': 7}",5,3 weeks ago,"I liked their bar-b-que rice bowl, though it'd be better if the quantity was a bit more. But the taste is really good.",
Urban Fusion,"Begum Rokeya Sharanee, Air Force Basecamp, Right Beside Bangladesh Air Force Museum, Agargaon, Dhaka 1215, Bangladesh",+880 1958-025880,N/A,4.1,7,"{'name': 'Abul Kalam Azad', 'thumbnail': 'https://lh3.googleusercontent.com/a-/ALV-UjXHFNadHucGsGS-ZlfAlrT-P6Kb2mB2E8sqIpX4dTnNm6heaMFWyw=s120-c-rp-mo-ba6-br100', 'link': 'https://www.google.com/maps/contrib/111226119074785851269?hl=en-US', 'reviews': 166, 'photos': 2345}",4,3 weeks ago,Good place but food delivery needs to be faster,
Urban Fusion,"Begum Rokeya Sharanee, Air Force Basecamp, Right Beside Bangladesh Air Force Museum, Agargaon, Dhaka 1215, Bangladesh",+880 1958-025880,N/A,4.1,7,"{'name': 'maruf hossain', 'thumbnail': 'https://lh3.googleusercontent.com/a-/ALV-UjUB3N8Q5YHTE21fpoqv6MA13ByZjgCNZ9G5YUHeVtoc1VIuOlVwxQ=s120-c-rp-mo-ba3-br100', 'link': 'https://www.google.com/maps/contrib/114102079158025638333?hl=en-US', 'reviews': 34, 'photos': 56}",5,a month ago,"In general, food,service, atmosphere is unique, and can't be compared to other restaurants in Dhaka",
Urban Fusion,"Begum Rokeya Sharanee, Air Force Basecamp, Right Beside Bangladesh Air Force Museum, Agargaon, Dhaka 1215, Bangladesh",+880 1958-025880,N/A,4.1,7,"{'name': 'Aniruddha Das', 'thumbnail': 'https://lh3.googleusercontent.com/a-/ALV-UjUyBJenc_CH5vhPgYsakchsoMZuGLGTm3x2D-MMNLW8N0BQaKVb=s120-c-rp-mo-br100', 'link': 'https://www.google.com/maps/contrib/112150150415686942426?hl=en-US', 'reviews': 1, 'photos': 0}",3,6 months ago,The food was good but it would have been better if the quantity was more in comparison to the price,
Urban Fusion,"Begum Rokeya Sharanee, Air Force Basecamp, Right Beside Bangladesh Air Force Museum, Agargaon, Dhaka 1215, Bangladesh",+880 1958-025880,N/A,4.1,7,"{'name': 'Nafis Nahal', 'thumbnail': 'https://lh3.googleusercontent.com/a-/ALV-UjWL4DobqVN9alhzxaAItQj4C5rg21Dfdb8ywfTaSvGwJmDsxUq6=s120-c-rp-mo-br100', 'link': 'https://www.google.com/maps/contrib/117054845808195854760?hl=en-US', 'reviews': 1, 'photos': 0}",5,5 months ago,Great place and the food was amazing and the people was very nice,
Urban Fusion,"Begum Rokeya Sharanee, Air Force Basecamp, Right Beside Bangladesh Air Force Museum, Agargaon, Dhaka 1215, Bangladesh",+880 1958-025880,N/A,4.1,7,"{'name': 'Sufiya Sufi', 'thumbnail': 'https://lh3.googleusercontent.com/a/ACg8ocKNyZ8DbDFDq3b32Rn9XrBx7YWuGp7XcqtKeBULe_Hd9t7aiA=s120-c-rp-mo-br100', 'link': 'https://www.google.com/maps/contrib/114076571804019428556?hl=en-US', 'reviews': 0, 'photos': 0}",5,4 days ago,,
Happy Bites,"Sayed Ali Super Market, 2nd Floor, Road-11, Puran Ghatpar, Vatara, Dhaka 1229., Beside, North South University., DHAKA 1229, Bangladesh",+880 1735-698162,N/A,3.8,8,"{'name': 'Talha Kabir 2111702630', 'thumbnail': 'https://lh3.googleusercontent.com/a-/ALV-UjVG2_jJ3A7DpAN1i5Rv-FuWafjw7Kxtzbzrsj07_m_hwSU4V9Uq=s120-c-rp-mo-br100', 'link': 'https://www.google.com/maps/contrib/114604133210409553225?hl=en-US', 'reviews': 2, 'photos': 2}",1,4 months ago,"Extremely Disappointed

I rarely leave reviews, but I felt compelled to write this one based on how disappointing my recent experience was.

I ordered the chicken pasta oven-baked, and unfortunately, it failed on every level — starting with false advertising. Here’s a breakdown of the issues:

🐔 No Chicken (Yes, Really)

Despite the name of the dish being chicken pasta, there was literally no chicken in the entire serving. Not even a single shred. I even double-checked to make sure it wasn’t hidden beneath the pasta — but it simply wasn’t there. For a dish marketed as “chicken pasta,” this is completely unacceptable.

🧀 Cheese? Barely There.

I expected a rich, cheesy pasta — but it was almost completely dry. There was barely any cheese, and the little that was present didn’t even taste fresh or melted. It lacked both flavor and texture.

🔥 Not Oven-Baked

The description clearly said “oven-baked,” but the dish felt like it was hastily microwaved or reheated. It had none of the crispy, golden-baked finish that oven-baked pasta is known for. The top wasn’t browned, the cheese wasn’t bubbling, and there were cold spots throughout — another indicator that this wasn’t baked at all.

This dish felt like a careless afterthought. It was misleading, bland, and not what I paid for. If I wanted plain, dry pasta with no protein or cheese, I would have stayed home and made it myself.",
Happy Bites,"Sayed Ali Super Market, 2nd Floor, Road-11, Puran Ghatpar, Vatara, Dhaka 1229., Beside, North South University., DHAKA 1229, Bangladesh",+880 1735-698162,N/A,3.8,8,"{'name': 'Imtiaj Sajin', 'thumbnail': 'https://lh3.googleusercontent.com/a-/ALV-UjVtW0uP41JPwM-Pel1_19A7NbfMJpAcEHU5oZZ9JEmjoPzVjlcbEA=s120-c-rp-mo-ba6-br100', 'link': 'https://www.google.com/maps/contrib/113441972180622148021?hl=en-US', 'reviews': 253, 'photos': 2536}",4,10 months ago,"The atmosphere was good and decent. Besides, it was such a peaceful and very less crowded place.

Food tried: Burger and French fries
Rate: 6.5/10 (decent, but compared to the price, some other restaurants provided more tasty items)
Environment: 8/10

Good time spent.",
Happy Bites,"Sayed Ali Super Market, 2nd Floor, Road-11, Puran Ghatpar, Vatara, Dhaka 1229., Beside, North South University., DHAKA 1229, Bangladesh",+880 1735-698162,N/A,3.8,8,"{'name': 'Mohibur Rahman Rifat', 'thumbnail': 'https://lh3.googleusercontent.com/a-/ALV-UjVeNkvds2RE_vbXwvL15n6H5NakQoRcbazrGFmsp-zqSFuuD5ge=s120-c-rp-mo-ba4-br100', 'link': 'https://www.google.com/maps/contrib/107593413972069620499?hl=en-US', 'reviews': 24, 'photos': 125}",3,8 months ago,"Happening place for Birthday party n all , food quite good, price little bit higher than the food, drinks are served in glass than bottle ,",
Happy Bites,"Sayed Ali Super Market, 2nd Floor, Road-11, Puran Ghatpar, Vatara, Dhaka 1229., Beside, North South University., DHAKA 1229, Bangladesh",+880 1735-698162,N/A,3.8,8,"{'name': 'Iqbal Ahmed', 'thumbnail': 'https://lh3.googleusercontent.com/a-/ALV-UjXYvnviUhobX7L4KA8O7rIqDj_QER6i-o93R7dt8fGZqeE7fyBG=s120-c-rp-mo-ba3-br100', 'link': 'https://www.google.com/maps/contrib/111020097932289983606?hl=en-US', 'reviews': 27, 'photos': 50}",4,5 months ago,"Fresh, slow service..",
Happy Bites,"Sayed Ali Super Market, 2nd Floor, Road-11, Puran Ghatpar, Vatara, Dhaka 1229., Beside, North South University., DHAKA 1229, Bangladesh",+880 1735-698162,N/A,3.8,8,"{'name': 'Mehedi Hassan', 'thumbnail': 'https://lh3.googleusercontent.com/a-/ALV-UjWQ5-PrRAEQLsDauKKVPrvIAD6FTYnBOun7o1CJY0Kqq2rBK7JF=s120-c-rp-mo-ba5-br100', 'link': 'https://www.google.com/maps/contrib/109987853287557069320?hl=en-US', 'reviews': 119, 'photos': 509}",4,5 months ago,Good place good environment,
Happy Bites,"Sayed Ali Super Market, 2nd Floor, Road-11, Puran Ghatpar, Vatara, Dhaka 1229., Beside, North South University., DHAKA 1229, Bangladesh",+880 1735-698162,N/A,3.8,8,"{'name': 'Mintu Baidya', 'thumbnail': 'https://lh3.googleusercontent.com/a-/ALV-UjWj5TbJw46ed0tPidLYo9e9u6yPaFLaoDCe9Ku6Crh5_-90_-x0=s120-c-rp-mo-br100', 'link': 'https://www.google.com/maps/contrib/113653883092830435934?hl=en-US', 'reviews': 1, 'photos': 1}",5,8 months ago,Delicious,
Happy Bites,"Sayed Ali Super Market, 2nd Floor, Road-11, Puran Ghatpar, Vatara, Dhaka 1229., Beside, North South University., DHAKA 1229, Bangladesh",+880 1735-698162,N/A,3.8,8,"{'name': 'J u i', 'thumbnail': 'https://lh3.googleusercontent.com/a-/ALV-UjX8-44RMorCdtQUMuquHRdK_9-zwAl8jGThzKUjRmAjrq_IAzb33g=s120-c-rp-mo-br100', 'link': 'https://www.google.com/maps/contrib/101555861047360356135?hl=en-US', 'reviews': 0, 'photos': 0}",4,8 months ago,,
Happy Bites,"Sayed Ali Super Market, 2nd Floor, Road-11, Puran Ghatpar, Vatara, Dhaka 1229., Beside, North South University., DHAKA 1229, Bangladesh",+880 1735-698162,N/A,3.8,8,"{'name': 'Suraia Akter Rakhi', 'thumbnail': 'https://lh3.googleusercontent.com/a/ACg8ocJDsGzff5PJJ8KknBA8Qz0hSmPEQ9bi2UuzejxnzcuwLzgCIJ9Q=s120-c-rp-mo-ba4-br100', 'link': 'https://www.google.com/maps/contrib/105134215894614709957?hl=en-US', 'reviews': 13, 'photos': 369}",5,6 months ago,,
KFC - Mirpur 6,"Plot-1, Road-12, Block-C, Dynasty Tower, Dhaka 1216, Bangladesh",+880 9613-777444,https://kfcbd.com/,4.1,2950,"{'name': 'Mahathir Aleef', 'thumbnail': 'https://lh3.googleusercontent.com/a-/ALV-UjVT95zpA8_UuIRn3oEsOLutgtNUJo1QcoqdLDtEFU3oPkahOUgK=s120-c-rp-mo-ba5-br100', 'link': 'https://www.google.com/maps/contrib/110165053671774756853?hl=en-US', 'reviews': 74, 'photos': 573}",5,4 months ago,"Went on a Monday for the special offer—food was good as expected. However, the online order process was frustrating and not smooth. Could definitely improve the digital experience for customers.",
KFC - Mirpur 6,"Plot-1, Road-12, Block-C, Dynasty Tower, Dhaka 1216, Bangladesh",+880 9613-777444,https://kfcbd.com/,4.1,2950,"{'name': 'Md. Nigran Islam Mizan', 'thumbnail': 'https://lh3.googleusercontent.com/a-/ALV-UjVGwhRVKXAJxDxaDprpfF3EkVFnzee4yttnx-f3YYGTx6aQOWAf=s120-c-rp-mo-ba3-br100', 'link': 'https://www.google.com/maps/contrib/106460468969266356709?hl=en-US', 'reviews': 30, 'photos': 10}",4,a week ago,"As usual food chain shop. Nothing special for this outlet except that it is spacious than others in mirpur area.
I have enjoyed the 20pcs chicken combo in running Tuesday offer. KFC chicken is good, along with extra mayo and two buns. All foods were fresh. Recommended but they should improve their washing closit door asit seems someone is inside due to door closer's hardness.",
KFC - Mirpur 6,"Plot-1, Road-12, Block-C, Dynasty Tower, Dhaka 1216, Bangladesh",+880 9613-777444,https://kfcbd.com/,4.1,2950,"{'name': 'Shahriar Tanvir', 'thumbnail': 'https://lh3.googleusercontent.com/a-/ALV-UjWGf51A36gxyO1XGqvPtXo62y78SFsNKV-f2AOBe8Rh_erMFp92=s120-c-rp-mo-ba4-br100', 'link': 'https://www.google.com/maps/contrib/104641476326655195391?hl=en-US', 'reviews': 33, 'photos': 176}",4,Edited 5 months ago,"Fried chicken was fair enough, but wings were too small,
We ordered extra Smokey chicken which taste was too bad, they just boiled and crushed some red chillies into it, they should work in this item",
KFC - Mirpur 6,"Plot-1, Road-12, Block-C, Dynasty Tower, Dhaka 1216, Bangladesh",+880 9613-777444,https://kfcbd.com/,4.1,2950,"{'name': 'Sharmin Jahan', 'thumbnail': 'https://lh3.googleusercontent.com/a-/ALV-UjX1EDrvZ9zGlosMtH85GM-LaIblWWDV9BJ5fo2-CzA3_XPB8UIk=s120-c-rp-mo-ba6-br100', 'link': 'https://www.google.com/maps/contrib/116641050172825399461?hl=en-US', 'reviews': 136, 'photos': 1273}",5,a year ago,"This outlet is very specious and nicely decorated.
There is nothing new to say about their food quality. We have orders some box (which includes burger, fries, chicken fry and drink) and also some rice boxes. All the foods were fresh and delicious (as usual). I’m always satisfied with their food quality. Service is good enough. They normally took 10/15 minutes to serve foods. So, you would get the food within a reasonable time.
Both cash and card is acceptable here.",
KFC - Mirpur 6,"Plot-1, Road-12, Block-C, Dynasty Tower, Dhaka 1216, Bangladesh",+880 9613-777444,https://kfcbd.com/,4.1,2950,"{'name': 'Sk Ashraful Islam', 'thumbnail': 'https://lh3.googleusercontent.com/a-/ALV-UjWvd0EkoKs_OR9dbSLKe_i62B9fRrO-Xn6p9ccDylj8UIf2LeE2gA=s120-c-rp-mo-ba5-br100', 'link': 'https://www.google.com/maps/contrib/106068444648784691171?hl=en-US', 'reviews': 396, 'photos': 637}",1,Edited 4 months ago,"I have been several times but no more. quality is degrading day by day. lower quality bun for burgers and some other issues. No More KFC, mirpur.
On top of that, after placing order in some cases, they take more than 30 minutes to deliver the food.",
KFC - Mirpur 6,"Plot-1, Road-12, Block-C, Dynasty Tower, Dhaka 1216, Bangladesh",+880 9613-777444,https://kfcbd.com/,4.1,2950,"{'name': 'Sharif Rafi', 'thumbnail': 'https://lh3.googleusercontent.com/a-/ALV-UjU72lr8s5E5jny_YnDrmjhUJh1A8kMMoaNHKr77muzul8Gw_Kpk=s120-c-rp-mo-ba6-br100', 'link': 'https://www.google.com/maps/contrib/102910406618705821149?hl=en-US', 'reviews': 272, 'photos': 3966}",4,3 years ago,This KFC outlet is a new one. Interior is average. Food test is better then Dhanmondi outlet. Food was served on time but at the counter  had to wait for placing order as there was only one person who was taking order as well as giving the delivery and take out delivery. Staff should be more to help. Food was served hot and crispy but sometimes they served less hot and less crispy food. Overall experience was satisfactory.,
KFC - Mirpur 6,"Plot-1, Road-12, Block-C, Dynasty Tower, Dhaka 1216, Bangladesh",+880 9613-777444,https://kfcbd.com/,4.1,2950,"{'name': 'Md Obydul Haque', 'thumbnail': 'https://lh3.googleusercontent.com/a-/ALV-UjVblwhQRyYQXVQHd59ivJz1_FOECr1HE0eStATn4DnO8KmpBlJw=s120-c-rp-mo-ba5-br100', 'link': 'https://www.google.com/maps/contrib/104426471414407691604?hl=en-US', 'reviews': 166, 'photos': 383}",5,2 years ago,"KFC Mirpur 6 is a fantastic dining experience. The food is consistently delicious, with their signature fried chicken being the highlight. It's always crispy on the outside and tender on the inside, just the way it should be. The variety of meal options and combos make it easy to find something for everyone, from spicy wings to classic buckets.

The staff is friendly and accommodating, ensuring a pleasant visit. The service is prompt, and they go the extra mile to ensure you have everything you need. Whether you dine in or take out, you can count on the same level of quality.

The ambiance of the restaurant is inviting and well-maintained. It's a great place for a quick meal with friends or a family gathering. The cleanliness and hygiene standards are excellent, which is especially important these days.

In terms of value for money, KFC Mirpur 6 is reasonably priced for the quality you receive. The portion sizes are generous, and the taste is worth every penny. Plus, they often have special promotions and deals that make it even more affordable.

Overall, KFC Mirpur 6 is a top-notch choice for a quick, satisfying, and consistently tasty meal. Whether you're a long-time fan of KFC or trying it for the first time, you won't be disappointed. It's a go-to spot for anyone craving quality fast food.",
KFC - Mirpur 6,"Plot-1, Road-12, Block-C, Dynasty Tower, Dhaka 1216, Bangladesh",+880 9613-777444,https://kfcbd.com/,4.1,2950,"{'name': 'Dil Afroz', 'thumbnail': 'https://lh3.googleusercontent.com/a-/ALV-UjVjYLgE6-cZ_UcTz8JZt69xmbJy-r6I-C6O7VNUm4DisTtQzUyT=s120-c-rp-mo-ba6-br100', 'link': 'https://www.google.com/maps/contrib/106274303094255948064?hl=en-US', 'reviews': 219, 'photos': 2652}",5,6 years ago,"One of the oldest chain shop at mirpur..  ambience was once awesome but nowadays I find it could be a bit better if they could renovate. Staff behaviour is good. Prices are standard.i alz love their bery berry crushed, coleslaw, fried chicken and smoky grilled chicken..  Recently they have introduced double down burger which is actually not a burger but some salad, mayo and cheese sandwiched with 2 pcs of hot boneless fried chicken.. I kinda loved it but this not what I expected seeing their promos. However... be careful when you take the 1st bite it's pretty hot you may burn your tounge... chill n Njoy :)",
Cafe Vibe & Kabab | Fast Food Restaurants,"R957+JGP, Dhaka 1216, Bangladesh",+880 1334-730585,N/A,5,4,"{'name': 'Limon Bhuiyan', 'thumbnail': 'https://lh3.googleusercontent.com/a/ACg8ocJwaBh2mliXcebGCANG1MkQv97hp3vsXBtQyQlSSsnIRrPMhw=s120-c-rp-mo-br100', 'link': 'https://www.google.com/maps/contrib/116722874535055586408?hl=en-US', 'reviews': 2, 'photos': 2}",5,10 months ago,Fresh and good food,
Cafe Vibe & Kabab | Fast Food Restaurants,"R957+JGP, Dhaka 1216, Bangladesh",+880 1334-730585,N/A,5,4,"{'name': 'Tanbir Islam', 'thumbnail': 'https://lh3.googleusercontent.com/a/ACg8ocIhaNvz4xBKL-pm1ps5mcCnKYUQVUPdMLuNVs7Ta--r6TG6wA=s120-c-rp-mo-br100', 'link': 'https://www.google.com/maps/contrib/108608121861954276452?hl=en-US', 'reviews': 2, 'photos': 1}",5,10 months ago,Good food,
Cafe Vibe & Kabab | Fast Food Restaurants,"R957+JGP, Dhaka 1216, Bangladesh",+880 1334-730585,N/A,5,4,"{'name': 'SKH Creators', 'thumbnail': 'https://lh3.googleusercontent.com/a-/ALV-UjXeR-0BMmLKfKir5q8tQNVvb_LW1qj4YdILbsu1atHtDT_BHbPM=s120-c-rp-mo-br100', 'link': 'https://www.google.com/maps/contrib/104365837652540218361?hl=en-US', 'reviews': 1, 'photos': 0}",5,10 months ago,,
Cafe Vibe & Kabab | Fast Food Restaurants,"R957+JGP, Dhaka 1216, Bangladesh",+880 1334-730585,N/A,5,4,"{'name': 'Mohammed Arif', 'thumbnail': 'https://lh3.googleusercontent.com/a-/ALV-UjWcCgizlVYIBHlhMfloJKOCgdPaGkHsRtOUY6a6-NEz_IE50ghxKA=s120-c-rp-mo-br100', 'link': 'https://www.google.com/maps/contrib/102285315041447321183?hl=en-US', 'reviews': 0, 'photos': 4}",5,10 months ago,,
Cozy Sizzler Restaurant,"1st Floor, Winter Garden, Cen 4g, Rd 104, Dhaka 1212, Bangladesh",+880 1322-839230,N/A,4.2,275,"{'name': 'Rifat Zaman Ananya', 'thumbnail': 'https://lh3.googleusercontent.com/a-/ALV-UjWXsVd3TThygIOPR0ztPRv0PT7a0vH4bGBMLelRvl9KyfC21Hi_=s120-c-rp-mo-ba4-br100', 'link': 'https://www.google.com/maps/contrib/112409038985998415158?hl=en-US', 'reviews': 81, 'photos': 392}",3,7 years ago,"I went there on 19th May with my husband to celebrate our first marriage anniversary. There is a BOGO offer going on for Ifftar and Dinner. The food was really average compared to the price. I paid bdt 3400 but the desert was stale. It was really frustrating to eat smelly chocolate mousse after fasting for almost 15 hours!! The meat items were not tasty as well. Only the prawn/shrimp, fish items were tasty which is why I'm giving 3 rating instead of 2. I would never ever visit this place again.",
Cozy Sizzler Restaurant,"1st Floor, Winter Garden, Cen 4g, Rd 104, Dhaka 1212, Bangladesh",+880 1322-839230,N/A,4.2,275,"{'name': 'Sajid Ahmed', 'thumbnail': 'https://lh3.googleusercontent.com/a-/ALV-UjUYRNMdo3cRtmqXoU71nB-RdCxTmWKlnkU2u6U5KdF6X3GnFtiq=s120-c-rp-mo-ba5-br100', 'link': 'https://www.google.com/maps/contrib/113075940441815459163?hl=en-US', 'reviews': 92, 'photos': 872}",5,5 years ago,Liked their Christmas special buffet dinner. All the staffs were so decent and well trained.,
Cozy Sizzler Restaurant,"1st Floor, Winter Garden, Cen 4g, Rd 104, Dhaka 1212, Bangladesh",+880 1322-839230,N/A,4.2,275,"{'name': 'MOHAMMAD TARIFUL HOQUE', 'thumbnail': 'https://lh3.googleusercontent.com/a-/ALV-UjU2F1mdJre38rROpkNyZd2adow957Mrw3qdNIrKOOC_nLAZr0Ljug=s120-c-rp-mo-ba6-br100', 'link': 'https://www.google.com/maps/contrib/111412961790844388321?hl=en-US', 'reviews': 397, 'photos': 6045}",4,6 years ago,"Ambience 4/5
Food 4/5
Refill 3/5
Desert 2/5
Staffs 4/5
Special attraction Prawn, stake, Ros golla",
Cozy Sizzler Restaurant,"1st Floor, Winter Garden, Cen 4g, Rd 104, Dhaka 1212, Bangladesh",+880 1322-839230,N/A,4.2,275,"{'name': 'Md. Samiul Alam', 'thumbnail': 'https://lh3.googleusercontent.com/a-/ALV-UjVTR_NRGrN0l2myI4iHXrrfqD42zeHKuFouxIyNZ3raLVm_CHu4=s120-c-rp-mo-ba4-br100', 'link': 'https://www.google.com/maps/contrib/115325343617672513338?hl=en-US', 'reviews': 50, 'photos': 158}",4,5 years ago,"Food tasted good. But due to B1G3 offer food item quantity was drastically reduced. Only may be 6-7 main dishes, 6-7 appetizers and 4-5 finishers. Environment was cozzy. Staff behaviour was satisfactory.",
Cozy Sizzler Restaurant,"1st Floor, Winter Garden, Cen 4g, Rd 104, Dhaka 1212, Bangladesh",+880 1322-839230,N/A,4.2,275,"{'name': 'Fayeed Ahmed', 'thumbnail': 'https://lh3.googleusercontent.com/a-/ALV-UjVFd-AjxYScsZx4Wuo_WMSFoYOJ7nIy1Gbq1azW6b7f56NRuiD4=s120-c-rp-mo-ba4-br100', 'link': 'https://www.google.com/maps/contrib/111847734139119420603?hl=en-US', 'reviews': 157, 'photos': 68}",1,5 years ago,"Recently I had an offer to have Buy one get 3 using my credit card. Felt with interest I knock them to book a table for 4 people. When I asked them the price of buffet per person with utmost surprise they informed me it is 6400! Whereas as per my knowledge it was 3400 a few days back. When I asked them, they said that price is for B1G1 ! What a joke ! This is purely con marketing to manipulate customers. So unprofessional and unethical from Long Beach. Such a shame",
Cozy Sizzler Restaurant,"1st Floor, Winter Garden, Cen 4g, Rd 104, Dhaka 1212, Bangladesh",+880 1322-839230,N/A,4.2,275,"{'name': 'shomail Ataher', 'thumbnail': 'https://lh3.googleusercontent.com/a-/ALV-UjUEl9TQ22198-tRe60zL1YKBlnIuImNrADptx2OIBPxRKz98_14gA=s120-c-rp-mo-ba6-br100', 'link': 'https://www.google.com/maps/contrib/118154151115750333639?hl=en-US', 'reviews': 637, 'photos': 2845}",4,6 years ago,Nice restaurant for buffet! Foods are good and great Menu,
Cozy Sizzler Restaurant,"1st Floor, Winter Garden, Cen 4g, Rd 104, Dhaka 1212, Bangladesh",+880 1322-839230,N/A,4.2,275,"{'name': 'Asif Amir Bhuyian', 'thumbnail': 'https://lh3.googleusercontent.com/a-/ALV-UjW5bl8-eyPG3G0vYA3Ysrcvabaj63uTFnxcmeOZGnhrVjVOuKIw=s120-c-rp-mo-ba7-br100', 'link': 'https://www.google.com/maps/contrib/116789703231628576204?hl=en-US', 'reviews': 980, 'photos': 1458}",5,7 years ago,Good & Tasty Food at Long Beach Hotel Dhaka,
Cozy Sizzler Restaurant,"1st Floor, Winter Garden, Cen 4g, Rd 104, Dhaka 1212, Bangladesh",+880 1322-839230,N/A,4.2,275,"{'name': 'Muhammad Rezaul Karim Reza', 'thumbnail': 'https://lh3.googleusercontent.com/a-/ALV-UjVqMTIBMhyLbUzwo7Gc4p8kFWpwB2_GCd8Itat1a6ANJb1XR-omlg=s120-c-rp-mo-ba6-br100', 'link': 'https://www.google.com/maps/contrib/114168796782478209201?hl=en-US', 'reviews': 112, 'photos': 3248}",4,7 years ago,Cozy Sizzler Restaurant interior nice but I don't like floor colour. It's looks ok for small gathering. Security was nice. Helpful staffs. Roof covered by Glasses so natural light coming easily. Coffee was nice but Biscuits smell feel not fresh.,
TR LOUNGE,"QCW7+3WG, Hamid Tower, Bangladesh, Circle 2, Gulshan 2, Dhaka 12 12, Dhaka 1212, Bangladesh",+880 1866-158596,http://www.tr-lounge.com/,4.7,181,"{'name': 'tanjim nitex', 'thumbnail': 'https://lh3.googleusercontent.com/a-/ALV-UjVn4IydMxuWaa873wZkrGIIppiPyT0Ha7jIjuoEw3uPGDK4gsiJ=s120-c-rp-mo-br100', 'link': 'https://www.google.com/maps/contrib/108947492029683725185?hl=en-US', 'reviews': 1, 'photos': 7}",4,3 years ago,"A good place in Gulshan’s 2 for with excellent environment, Friendly stuff , but beware about food prices😊",
TR LOUNGE,"QCW7+3WG, Hamid Tower, Bangladesh, Circle 2, Gulshan 2, Dhaka 12 12, Dhaka 1212, Bangladesh",+880 1866-158596,http://www.tr-lounge.com/,4.7,181,"{'name': 'Osman Feni', 'thumbnail': 'https://lh3.googleusercontent.com/a/ACg8ocK1p5sSI4jO6dGf5J7iTX2WXlXB37zxxBAJ6pA_OCOASqZ8KQ=s120-c-rp-mo-br100', 'link': 'https://www.google.com/maps/contrib/102185669974753096592?hl=en-US', 'reviews': 1, 'photos': 0}",5,7 months ago,"A good review of The Rio Lounge in Dhaka City might mention the restaurant's ambiance, food quality, and service.",
TR LOUNGE,"QCW7+3WG, Hamid Tower, Bangladesh, Circle 2, Gulshan 2, Dhaka 12 12, Dhaka 1212, Bangladesh",+880 1866-158596,http://www.tr-lounge.com/,4.7,181,"{'name': 'Dr. Nahrin Zoha', 'thumbnail': 'https://lh3.googleusercontent.com/a-/ALV-UjV8zIPQLiVvXra6NbRoOZFPzBAyD0FcrD1EMk1zjmks7oLT_RMomQ=s120-c-rp-mo-ba4-br100', 'link': 'https://www.google.com/maps/contrib/116444093798840415290?hl=en-US', 'reviews': 34, 'photos': 220}",5,3 years ago,Ambiance is awesome. Foods are really so delicious.Multiple type of cuisine are available. Customer service is outstanding. Its an amazing place  to spend time with family and friends....We really had a great time.Thank you TR Lounge for giving us such a memorable evening.,
TR LOUNGE,"QCW7+3WG, Hamid Tower, Bangladesh, Circle 2, Gulshan 2, Dhaka 12 12, Dhaka 1212, Bangladesh",+880 1866-158596,http://www.tr-lounge.com/,4.7,181,"{'name': 'Johora Tuns', 'thumbnail': 'https://lh3.googleusercontent.com/a/ACg8ocJlQ9tbSHlVjYHKz0VEe4dhOlXVCxQo9nsV3QxnHQdy3o5qzw=s120-c-rp-mo-br100', 'link': 'https://www.google.com/maps/contrib/104162169715034794989?hl=en-US', 'reviews': 1, 'photos': 1}",5,3 years ago,Such a good healthy and testy food combination,
TR LOUNGE,"QCW7+3WG, Hamid Tower, Bangladesh, Circle 2, Gulshan 2, Dhaka 12 12, Dhaka 1212, Bangladesh",+880 1866-158596,http://www.tr-lounge.com/,4.7,181,"{'name': 'Bhawna Sharma', 'thumbnail': 'https://lh3.googleusercontent.com/a-/ALV-UjVIlD4ligEd_-R6hIXHCX6-VvAtegt9HNB8K35tMEdNiTkfW8CE=s120-c-rp-mo-ba3-br100', 'link': 'https://www.google.com/maps/contrib/100044783930390843388?hl=en-US', 'reviews': 18, 'photos': 0}",5,2 years ago,"We visited this place with our big family and our experience was too good some of us r vegetarian and some friends r non veg lovers the best thing was there was so many good options for both ,services of staff were very satisfying ,a nice get togather we experience.",
TR LOUNGE,"QCW7+3WG, Hamid Tower, Bangladesh, Circle 2, Gulshan 2, Dhaka 12 12, Dhaka 1212, Bangladesh",+880 1866-158596,http://www.tr-lounge.com/,4.7,181,"{'name': 'Kaustubh Vajpayee', 'thumbnail': 'https://lh3.googleusercontent.com/a-/ALV-UjUTC84fbEDut8xPSZSahZVJJfWJx_goAdh1Da1yQYiEyGHa5dU=s120-c-rp-mo-ba3-br100', 'link': 'https://www.google.com/maps/contrib/104628725313237763576?hl=en-US', 'reviews': 17, 'photos': 0}",5,2 years ago,It was amazing and one of the finest place I have ever been excellent hospitality and service will surely visit again.,
TR LOUNGE,"QCW7+3WG, Hamid Tower, Bangladesh, Circle 2, Gulshan 2, Dhaka 12 12, Dhaka 1212, Bangladesh",+880 1866-158596,http://www.tr-lounge.com/,4.7,181,"{'name': 'Kavita Patil', 'thumbnail': 'https://lh3.googleusercontent.com/a-/ALV-UjUujWJJ3sk3MuISjuORwruGqs_HukbC8mS3eWr-ZiUPdHKuXW2H=s120-c-rp-mo-ba2-br100', 'link': 'https://www.google.com/maps/contrib/108358060286842420635?hl=en-US', 'reviews': 19, 'photos': 2}",5,2 years ago,Ambience is great. View is lovely. Food and beverages are legit awesome. What else do you need?? 😍,
TR LOUNGE,"QCW7+3WG, Hamid Tower, Bangladesh, Circle 2, Gulshan 2, Dhaka 12 12, Dhaka 1212, Bangladesh",+880 1866-158596,http://www.tr-lounge.com/,4.7,181,"{'name': 'Sneha Parmekar', 'thumbnail': 'https://lh3.googleusercontent.com/a/ACg8ocKDNkJurkcLdXDSgpv-e6Hp0EaLPSMz4V-09n62qaaUV3dXKg=s120-c-rp-mo-br100', 'link': 'https://www.google.com/maps/contrib/117425425519818176586?hl=en-US', 'reviews': 13, 'photos': 0}",5,2 years ago,"Next time I am going to Dhaka, I am going to this place again. Had amazing time. Wow food and lovely service",
bbq Bangladesh Banani,"Block H, bbq, Navana Rowshan Sayed Plaza Level 2, Plot 47, Road 11, Dhaka 1213, Bangladesh",+880 1729-202227,N/A,4.2,1066,"{'name': 'Rashique Chowdhury', 'thumbnail': 'https://lh3.googleusercontent.com/a-/ALV-UjXF7glLL564ynQSprtMK8P9NAT5cCMYQ99mnz42OSmDTWp8PjE_Ng=s120-c-rp-mo-ba5-br100', 'link': 'https://www.google.com/maps/contrib/105543564704064690383?hl=en-US', 'reviews': 74, 'photos': 515}",4,a year ago,"A very nice place in banani for bbq chicken! I ordered the charbroiled chicken with fries as the sides. You can choose the sides : French fries/ mashed potato/ fried rice.

The food was really good! The chicken was tender and juicy with the char from the grill. The fries were also really well cooked, crispy on the outside soft inside. The salad was also really good!

The staffs were professional and well behaved. And the place is also well decorated and neat and clean.

I recommend this place for bbq lovers!",
bbq Bangladesh Banani,"Block H, bbq, Navana Rowshan Sayed Plaza Level 2, Plot 47, Road 11, Dhaka 1213, Bangladesh",+880 1729-202227,N/A,4.2,1066,"{'name': 'Wasif Absar', 'thumbnail': 'https://lh3.googleusercontent.com/a-/ALV-UjUN_0j-0YC-lZDwogw9SKeCe3mpOu_3VnCRR10_cPiRopNy8rpa=s120-c-rp-mo-ba4-br100', 'link': 'https://www.google.com/maps/contrib/118273102798170250082?hl=en-US', 'reviews': 23, 'photos': 21}",4,a year ago,"The foods were quite good except the shrimps that were served on top of the rice. They were probably sitting in the refrigerator for an unknown period of time and smelled terrible. The chickens were really fresh and tasty. I loved the ambiance, it wasn't so crowded, and the service was satisfactory. Would have given them 5 stars if they hadn't messed up the shrimp",
bbq Bangladesh Banani,"Block H, bbq, Navana Rowshan Sayed Plaza Level 2, Plot 47, Road 11, Dhaka 1213, Bangladesh",+880 1729-202227,N/A,4.2,1066,"{'name': 'Sunny Quazi Saad Billah', 'thumbnail': 'https://lh3.googleusercontent.com/a-/ALV-UjVvAo-W5PaaKTgSsgYXDc0-y5L5U6bAcqaTCcm6UVEKOfw7_v45dQ=s120-c-rp-mo-ba5-br100', 'link': 'https://www.google.com/maps/contrib/103206565706420022335?hl=en-US', 'reviews': 225, 'photos': 806}",5,2 years ago,"Love their food. A good place to hangout with friends and family with great food as well.

To be very frank, their mushroom soup is just too awesome along with the Jamaican chicken set menus. Let it be rice or mashed potato, I love every inch of the food.

For the price, it is okay as a Korean chain store. A highly recommended place if you want to have a place for chicken based stuffs definitely BBQ style and a great place to hangout in.",
bbq Bangladesh Banani,"Block H, bbq, Navana Rowshan Sayed Plaza Level 2, Plot 47, Road 11, Dhaka 1213, Bangladesh",+880 1729-202227,N/A,4.2,1066,"{'name': 'M Mahabubur Rhaman', 'thumbnail': 'https://lh3.googleusercontent.com/a-/ALV-UjUjX_i8ix-5vVk95-1M8F8SY3Hl-MwBWaVoCcmDd3tVYQf089EE=s120-c-rp-mo-ba6-br100', 'link': 'https://www.google.com/maps/contrib/117505703141649384616?hl=en-US', 'reviews': 188, 'photos': 1862}",5,3 years ago,"Wide space, beautifully decorated, cozy seating arrangement and of course you will get delicious foods! Taste of food was really great, it's kind of fine dining. Price was reasonable. Staffs were well-behaved and smart plus helpful and of course humble. Highly recommended restaurant, will definitely revisit again!",
bbq Bangladesh Banani,"Block H, bbq, Navana Rowshan Sayed Plaza Level 2, Plot 47, Road 11, Dhaka 1213, Bangladesh",+880 1729-202227,N/A,4.2,1066,"{'name': 'Mahinul Islam Meem', 'thumbnail': 'https://lh3.googleusercontent.com/a-/ALV-UjXqtihvyR4Sea8cFS8T-bUBXs-Wpj2satGpgxq7BvctnzzZ4LLY=s120-c-rp-mo-ba5-br100', 'link': 'https://www.google.com/maps/contrib/101875556957751740989?hl=en-US', 'reviews': 111, 'photos': 516}",5,2 years ago,"Good food, chicken and rice items were all properly cooked. Bbq chicken, pollo chicken and korean chicken were nice and flavorful.  Flavored drink were okay. The place is average. Service was good. Try their meals as per your choice.
Its not the same bbq Bangladesh, not the international bbq chain now. But the quality of food was not bad and not top notch. Five stars because didn't find any fault.",
bbq Bangladesh Banani,"Block H, bbq, Navana Rowshan Sayed Plaza Level 2, Plot 47, Road 11, Dhaka 1213, Bangladesh",+880 1729-202227,N/A,4.2,1066,"{'name': 'Yusuf Amin', 'thumbnail': 'https://lh3.googleusercontent.com/a-/ALV-UjUKut0NIbZnOstmATFpx7rwCzAY-wyy8jxXCvd9QW5BzDWVgZvA=s120-c-rp-mo-ba4-br100', 'link': 'https://www.google.com/maps/contrib/103777533847543765237?hl=en-US', 'reviews': 60, 'photos': 303}",5,6 years ago,Excellent Food and Stuff behavior is awesome. Didn't felt like we are in the restaurant. They took great care of us and our child's. Thank you so much for your hospitality. See you guys soon.,
bbq Bangladesh Banani,"Block H, bbq, Navana Rowshan Sayed Plaza Level 2, Plot 47, Road 11, Dhaka 1213, Bangladesh",+880 1729-202227,N/A,4.2,1066,"{'name': 'Rahnuma Parveen', 'thumbnail': 'https://lh3.googleusercontent.com/a-/ALV-UjWtwm0XJPs4KmvMhJB99xm7iGuJ_tM8EQ85m0j-VZbwAca-1cPXzw=s120-c-rp-mo-ba5-br100', 'link': 'https://www.google.com/maps/contrib/109218363867737453084?hl=en-US', 'reviews': 90, 'photos': 595}",5,6 years ago,This is an excellent place for friends' hangouts and family time! All the staffs are very cordial and helpful. Foods are really delicious and enjoyable with a perfectly sized platter. You will be able to enjoy your food and company in a relaxed mood  in a cosy environment.,
bbq Bangladesh Banani,"Block H, bbq, Navana Rowshan Sayed Plaza Level 2, Plot 47, Road 11, Dhaka 1213, Bangladesh",+880 1729-202227,N/A,4.2,1066,"{'name': 'nadia putul', 'thumbnail': 'https://lh3.googleusercontent.com/a-/ALV-UjWgCtGFZxj_UwUNUXQgxYmSZPyhmSIOf8kOTkP0dJ_i9pwEJvTQ=s120-c-rp-mo-ba4-br100', 'link': 'https://www.google.com/maps/contrib/107591475651390705509?hl=en-US', 'reviews': 42, 'photos': 106}",4,a year ago,Tried their Iftar platter. It was really good and worth every penny. Price wise food was really tasty and fulfilling. It was not very crowded so good atmosphere to sit and talk.,
TERRACO Rooftop Restaurant,"Rooftop, House, 58/B Rd 131, Dhaka 1212, Bangladesh",+880 1894-442832,https://www.facebook.com/terracoview,4.4,63,"{'name': 'Alvis Mridha', 'thumbnail': 'https://lh3.googleusercontent.com/a-/ALV-UjWy0dUGaa0oFmxeNWVgVuCYBphPJwAbMg1vyPTHDwRrTnJFIJ9K=s120-c-rp-mo-br100', 'link': 'https://www.google.com/maps/contrib/113282610222110326521?hl=en-US', 'reviews': 2, 'photos': 9}",5,8 months ago,"The atmosphere so fresh & breezy, the generous service makes it so easy & palatable food -there must be a master inside the kitchen, because food was palatable for eyes & delicious to taste. The place is a 2x treat for body’s hunger & soul’s refreshment. 🙏
I hope this place keeps existing, as its one of my favourites now
Thanks everyone, see you again!",
TERRACO Rooftop Restaurant,"Rooftop, House, 58/B Rd 131, Dhaka 1212, Bangladesh",+880 1894-442832,https://www.facebook.com/terracoview,4.4,63,"{'name': 'Zahid Rahman', 'thumbnail': 'https://lh3.googleusercontent.com/a-/ALV-UjUVGBU6Qy1C4NUs_wrA6jFmVtIekp7QCv9AIjdOrMs4rMInPgkApA=s120-c-rp-mo-ba5-br100', 'link': 'https://www.google.com/maps/contrib/116837460372035844951?hl=en-US', 'reviews': 129, 'photos': 1058}",5,2 years ago,Location Environment Services Taste Price Parking Everything is perfect. Recommended 👌🏼,
TERRACO Rooftop Restaurant,"Rooftop, House, 58/B Rd 131, Dhaka 1212, Bangladesh",+880 1894-442832,https://www.facebook.com/terracoview,4.4,63,"{'name': 'Farhan Feroz', 'thumbnail': 'https://lh3.googleusercontent.com/a-/ALV-UjVnhAbuDSy6NJ_oKXmGYkjl7OD5zfJP6DrS1FumesUhfx8DLlJz=s120-c-rp-mo-ba2-br100', 'link': 'https://www.google.com/maps/contrib/117073938514886345469?hl=en-US', 'reviews': 23, 'photos': 6}",1,8 months ago,The food is very bad. We had iftar and the food had the worst taste. Not recommended at all. The service is also bad. They do not serve even additional sauce after being asked.,
TERRACO Rooftop Restaurant,"Rooftop, House, 58/B Rd 131, Dhaka 1212, Bangladesh",+880 1894-442832,https://www.facebook.com/terracoview,4.4,63,"{'name': 'Ishtiak Khan 5009', 'thumbnail': 'https://lh3.googleusercontent.com/a-/ALV-UjUblD6i7akWaa7fnD3mGQJTYFJiIjaVM-KFfBg6O90Y_dXTPX9n=s120-c-rp-mo-ba5-br100', 'link': 'https://www.google.com/maps/contrib/102551255059795614982?hl=en-US', 'reviews': 339, 'photos': 19}",4,Edited 2 years ago,"The view was good, I had a pleasant time there. The food quality could be better but it’s better than many other restaurants around. Whether your friends or family, you can go there for a good time.",
TERRACO Rooftop Restaurant,"Rooftop, House, 58/B Rd 131, Dhaka 1212, Bangladesh",+880 1894-442832,https://www.facebook.com/terracoview,4.4,63,"{'name': 'Farhan Anjum', 'thumbnail': 'https://lh3.googleusercontent.com/a-/ALV-UjXBagThGdtDKurDLpiuEXNmzDSwonTBJg0XHA7ONM-6F64Rz5Mk=s120-c-rp-mo-ba6-br100', 'link': 'https://www.google.com/maps/contrib/107440814977623403907?hl=en-US', 'reviews': 70, 'photos': 2074}",4,2 years ago,It’s a nice place for a formal meeting or to hangout with friends. Service was good. The staff were very cooperative and friendly. Food was okay. Good place to spend your time with family and friends.,
TERRACO Rooftop Restaurant,"Rooftop, House, 58/B Rd 131, Dhaka 1212, Bangladesh",+880 1894-442832,https://www.facebook.com/terracoview,4.4,63,"{'name': 'Rajeev Serasinghe', 'thumbnail': 'https://lh3.googleusercontent.com/a-/ALV-UjWnI3ACvLKPHWXuDzqBgzk3YTvELFJuFrTHks2KNSmlE3MNkuj9HA=s120-c-rp-mo-ba4-br100', 'link': 'https://www.google.com/maps/contrib/116928859689251522504?hl=en-US', 'reviews': 158, 'photos': 237}",5,a year ago,loved the roof top open vibe.very clean and neat place.service was super.food taste was great and the kids enjoyed the mash and mac and cheese very much.highly recommended,
TERRACO Rooftop Restaurant,"Rooftop, House, 58/B Rd 131, Dhaka 1212, Bangladesh",+880 1894-442832,https://www.facebook.com/terracoview,4.4,63,"{'name': 'Rifatul Sazal', 'thumbnail': 'https://lh3.googleusercontent.com/a-/ALV-UjWJv0hZ-YuVeCyU-s6zk1h1X0MNsisnsOiYrDbEEhIJj6Y5DktaPA=s120-c-rp-mo-ba5-br100', 'link': 'https://www.google.com/maps/contrib/109997565744437528115?hl=en-US', 'reviews': 163, 'photos': 542}",5,2 years ago,Kabab was tasty however meat was too hard to eat. Iced lemon tea was blunt lemon juice.,
TERRACO Rooftop Restaurant,"Rooftop, House, 58/B Rd 131, Dhaka 1212, Bangladesh",+880 1894-442832,https://www.facebook.com/terracoview,4.4,63,"{'name': 'Lihan Choudhury', 'thumbnail': 'https://lh3.googleusercontent.com/a-/ALV-UjWAE1fcmPlt8IaGnyYxijOJd2e_pmtvvef9_RWj3Fo7n8n0lWh7HQ=s120-c-rp-mo-ba4-br100', 'link': 'https://www.google.com/maps/contrib/110615389038690502945?hl=en-US', 'reviews': 43, 'photos': 78}",5,2 years ago,Everything about the place is perfect.,
Saltz Fine Seafood Restaurant,"House 23 Rd 99, Dhaka 1212, Bangladesh",+880 1711-119692,http://saltzbd.com/,4.1,584,"{'name': 'Utham sj', 'thumbnail': 'https://lh3.googleusercontent.com/a-/ALV-UjVydhoaIuNQRfmdZEkbdJvxw73GZJ3BynRGjCIVHPA_CcZt9KMdCw=s120-c-rp-mo-ba6-br100', 'link': 'https://www.google.com/maps/contrib/111582824763076456673?hl=en-US', 'reviews': 186, 'photos': 1067}",5,9 months ago,"Saltz Fine Seafood, located in Gulshan-2, Dhaka, is a well-known restaurant offering a fine dining experience focused on fresh and authentic seafood dishes. Established in 2000, it has gained a reputation as a pioneer in the city’s seafood dining scene.

The restaurant boasts a cozy, nautical-themed ambiance with decor inspired by the sea, including fish motifs, ship instruments, and miniature boats. It creates a relaxing environment perfect for both casual meals and special occasions.

Saltz offers a diverse menu combining Continental and Asian flavors, featuring signature dishes like the seafood platter, king’s crab, and a variety of soups, appetizers, and main courses. The surf-and-turf options are a standout, ensuring there’s something for everyone. However, some customers have mentioned occasional concerns about the freshness of certain items, so checking current reviews might be helpful.

The rooftop dining area adds to the charm, providing a unique setting for guests to enjoy their meals. Operating daily from 11:30 AM to 10:30 PM, Saltz caters to both lunch and dinner plans, and it also hosts private parties.

Saltz is a must-visit for seafood lovers, offering a unique experience in Dhaka. However, it’s worth comparing recent feedback before visiting.",
Saltz Fine Seafood Restaurant,"House 23 Rd 99, Dhaka 1212, Bangladesh",+880 1711-119692,http://saltzbd.com/,4.1,584,"{'name': 'Taaif Mehadi', 'thumbnail': 'https://lh3.googleusercontent.com/a/ACg8ocJACTd2j8whCHelX47q6WkVwnTWSkdNWQCFiN8SeiPYnu2ntXwO=s120-c-rp-mo-ba5-br100', 'link': 'https://www.google.com/maps/contrib/113944573405569135424?hl=en-US', 'reviews': 184, 'photos': 280}",2,4 years ago,"Frist time visiting Saltz, had high expectations but was sadly disappointed.

The overall place and seating was really odd, the main dining area was a bit tight and the tables are really close together, another section was far off in the corner and another section of seating in a little hallway area, lighting was extremely bright. One good spot was the seating area in the balcony but probably only good in the day time as at night there are too many mosquitoes.

Anyways on to the food: we had the following:

Seafood Soup: Soup was quite tasty, nice flavors all around.

Seafood Appetizer: The batter of this dish was too thick. So you barely tasted what was inside and it was like eating a donut. Also there was not alot of fish and more vegetables in this dish.

Seafood Lasagna: Horrible dish, chewy and rubbery. We couldn’t even eat it.

Curry Hurry Fish: Really good, the fish was fresh, the sauce on this dish was really flavorful. A very deshi style dish with a modern twist. My only complain is that the quantity of rice is too little, there should be more rice considering the size of the fish.

Fish cake: Fish cake tasted fresh but nothing special, sauce with the fish cake was way too sweet!

Surf and Turf: Really bland piece of steak with two tiny shirmp, there was no surf in this surf and turf.

I was shocked that a fish restaurant didn’t have a “Fish and Chips” on the menu, really odd.

Service: Very poor service, our waiter barely understood a word of english. In this area and in a high end restaurant, the waiters should speak and understand basic english. Even when speaking Bangla, waiter didn’t seem to knowledgeable about their dish. When I asked what is the fish used in the “curry hurry fish dish”, his answer was “ocean fish” 😐. Also the overall demeanor and care was not there. Never came to check once how the food was or if we needed anything, we constantly had to call and ask for basic things like sauce and water. Also one thing I found extremely uncomfortable was when we were eating, the entire staff of about 6/7 people all standing in the main dining area. It was just weird and an uneasy feeling.

Overall, an extremely disappointing experience from a restaurant I had high expectations for.",
Saltz Fine Seafood Restaurant,"House 23 Rd 99, Dhaka 1212, Bangladesh",+880 1711-119692,http://saltzbd.com/,4.1,584,"{'name': 'Md Shorawordi Khan', 'thumbnail': 'https://lh3.googleusercontent.com/a-/ALV-UjUbwtxKKpK1fgGHMqkso1jxULVteqtpDuirBNtfZpWEjFoJ9Ktb=s120-c-rp-mo-ba6-br100', 'link': 'https://www.google.com/maps/contrib/105359312750925056594?hl=en-US', 'reviews': 191, 'photos': 2394}",4,2 years ago,"Great place for sea food lovers. Location, service, food all is good but the price is super expensive. Don't go if you are not into sea food as the whole menu is based on sea food and I barely found 2-4items with meat. Tried the chicken steak meal with seafood salsa. Quantity is good and taste was awesome. Like I tell you don't go if you are not into sea food and this is very expensive restaurant.",
Saltz Fine Seafood Restaurant,"House 23 Rd 99, Dhaka 1212, Bangladesh",+880 1711-119692,http://saltzbd.com/,4.1,584,"{'name': 'Rabbani Golam', 'thumbnail': 'https://lh3.googleusercontent.com/a-/ALV-UjVLXPD35LUcJPEgya9gz20gpxFMRiPKT5gdkl5ymmzM7BGIJeklvw=s120-c-rp-mo-ba6-br100', 'link': 'https://www.google.com/maps/contrib/117404259676749585000?hl=en-US', 'reviews': 343, 'photos': 5495}",4,6 years ago,Nice Restaurant with great ambience. Pass awesome time with your dearest one. Hoping all of you will love the restaurant. Excellent service with best quality of food.,
Saltz Fine Seafood Restaurant,"House 23 Rd 99, Dhaka 1212, Bangladesh",+880 1711-119692,http://saltzbd.com/,4.1,584,"{'name': 'Arifa Akter', 'thumbnail': 'https://lh3.googleusercontent.com/a/ACg8ocIhnkdtvT4J8_D8I4quVMm9KDiVsRWshVxa_uTM-EDuORLhQQ=s120-c-rp-mo-br100', 'link': 'https://www.google.com/maps/contrib/110999563724657285903?hl=en-US', 'reviews': 4, 'photos': 0}",5,3 months ago,"> Had a great dining experience at Saltz Restaurant!
The food was fresh, flavorful, and beautifully served.
The ambiance was relaxing and the staff were very friendly.
Definitely recommending this place to others. ⭐⭐⭐⭐⭐",
Saltz Fine Seafood Restaurant,"House 23 Rd 99, Dhaka 1212, Bangladesh",+880 1711-119692,http://saltzbd.com/,4.1,584,"{'name': 'Tanveer Islam', 'thumbnail': 'https://lh3.googleusercontent.com/a/ACg8ocL3BCOTAojzu4oOhMBjEJl46EDVfKVDu7toMJx9TSo_ZFMXEg=s120-c-rp-mo-ba5-br100', 'link': 'https://www.google.com/maps/contrib/103860523939464090333?hl=en-US', 'reviews': 129, 'photos': 615}",1,8 years ago,They served me fried calamaries with hair on it. Didnt even bother to say sorry. Got a discount from service charge. But it really doesnt matter. We pay premium price for good and hygine food. Never going there again.,
Saltz Fine Seafood Restaurant,"House 23 Rd 99, Dhaka 1212, Bangladesh",+880 1711-119692,http://saltzbd.com/,4.1,584,"{'name': 'Istiaque uddin Rifat', 'thumbnail': 'https://lh3.googleusercontent.com/a/ACg8ocJxb43yqkP0hxu6yubXIoOJkrW53FUzJx9fE6wmOTZamLtrBGba=s120-c-rp-mo-ba6-br100', 'link': 'https://www.google.com/maps/contrib/117223199958100017317?hl=en-US', 'reviews': 345, 'photos': 2426}",4,7 years ago,"Good place for seafood and a nice scerene environment. The restaurant is in 2nd floor of the villa type building with big area. The place is quite old and a bit worn out.

Air-conditioning inside and outside Terrace is open (smoking allowed there).

Food is of great taste, a bit expensive though.

Have big parking area to accommodate enough cars.

Staffs are average, not extra cordical. Usually gives 10% discount in cards.",
Saltz Fine Seafood Restaurant,"House 23 Rd 99, Dhaka 1212, Bangladesh",+880 1711-119692,http://saltzbd.com/,4.1,584,"{'name': 'Kamrun Nahar', 'thumbnail': 'https://lh3.googleusercontent.com/a-/ALV-UjVDou_CPPKMeBR-z-_2OoE3xuk98EVETsxkei538-jtIMJ9Dqs=s120-c-rp-mo-ba4-br100', 'link': 'https://www.google.com/maps/contrib/111012562431863343289?hl=en-US', 'reviews': 42, 'photos': 286}",3,4 years ago,"I was there just to have a quick dinner, Well decorated interior but food was bit salty. I ordered fresh orange juice, fried calamari, a prawn fry covered with beef salami & Americano. Fresh juice & Americano was good but the sauce of fried calamari is bit salty. Also that prawn dish was bit more oily & salty so couldn’t finish the food.",
Pallabi Hotel & Restaurant,"Dhaka 1216, Bangladesh",N/A,N/A,3.8,439,"{'name': 'Shakil Ahmed', 'thumbnail': 'https://lh3.googleusercontent.com/a-/ALV-UjX7eHEsFiWp2BDlxzcqhsA5mKa0oNmp563nNZEXSII7_1fNSPSz=s120-c-rp-mo-ba5-br100', 'link': 'https://www.google.com/maps/contrib/117698290140220365296?hl=en-US', 'reviews': 128, 'photos': 1664}",3,Edited 2 years ago,"pretty decent food quality, price is reasonable. recommended for a quick bite",
Pallabi Hotel & Restaurant,"Dhaka 1216, Bangladesh",N/A,N/A,3.8,439,"{'name': 'Zayed Imran Choudhury', 'thumbnail': 'https://lh3.googleusercontent.com/a-/ALV-UjXk5RSJdbJaX78WI4_GA37h-ax32_BWC8zwkV5JhFYxqyXMGzMY3A=s120-c-rp-mo-ba4-br100', 'link': 'https://www.google.com/maps/contrib/103295681653718870729?hl=en-US', 'reviews': 37, 'photos': 506}",4,4 years ago,"Restaurant air suppression is not good. Sik Kabab is not up to the mark, chicken item is ok.",
Pallabi Hotel & Restaurant,"Dhaka 1216, Bangladesh",N/A,N/A,3.8,439,"{'name': 'S M Nazmul Alam', 'thumbnail': 'https://lh3.googleusercontent.com/a-/ALV-UjXS7KHflnGowKIVual9dxyo4TXT3i_juwaTTCzNOw5v5L5ZMdL_=s120-c-rp-mo-ba6-br100', 'link': 'https://www.google.com/maps/contrib/109606284330060223494?hl=en-US', 'reviews': 191, 'photos': 2219}",4,5 years ago,"Good location
Delicious food.
Breakfast, launch& dinner available.
Shik kabab, Chicken buti kabab, Tanduri chicken, Resmi kabab, Shahi Morog Polao, Kachi Biriyani, Beef Teheri, Vuna Kachuri, Special Shahi Ferni etc available.
Price is considerable.",
Pallabi Hotel & Restaurant,"Dhaka 1216, Bangladesh",N/A,N/A,3.8,439,"{'name': 'Bayazid Yaqub Durbar', 'thumbnail': 'https://lh3.googleusercontent.com/a-/ALV-UjUKciInSoFxCXehD36Yz6GmjdUNUEkB7w_M6jh2b5QUtgW3Veffig=s120-c-rp-mo-ba8-br100', 'link': 'https://www.google.com/maps/contrib/111565435717135097030?hl=en-US', 'reviews': 658, 'photos': 4213}",4,Edited 2 years ago,"Pallabi Hotel & Restaurant
located on Pallabi Douaripara Main Road,
known for kebab and biriyani restaurant.
The restaurant is open from morning to about midnight.
Provides breakfast, lunch and dinner.
They provides famous Nanna Biriyani.
Good conduct of employees.",
Pallabi Hotel & Restaurant,"Dhaka 1216, Bangladesh",N/A,N/A,3.8,439,"{'name': 'Azijul Hakim', 'thumbnail': 'https://lh3.googleusercontent.com/a-/ALV-UjXGMtEhKEluj8Y6pVDKDXvGo5-QRxHp9Sr7TswhiM-Mwu2BLHNKYQ=s120-c-rp-mo-ba6-br100', 'link': 'https://www.google.com/maps/contrib/114833824584133003261?hl=en-US', 'reviews': 222, 'photos': 3362}",4,6 years ago,alter a long time eat some kacchi at pallabi,
Pallabi Hotel & Restaurant,"Dhaka 1216, Bangladesh",N/A,N/A,3.8,439,"{'name': 'Abdullah Raihan', 'thumbnail': 'https://lh3.googleusercontent.com/a-/ALV-UjWxkhLjv2wjRm678rNllj41kKTRvxTfWpnIkgEp7b7BJG6uvUi2=s120-c-rp-mo-ba6-br100', 'link': 'https://www.google.com/maps/contrib/103344652124626866916?hl=en-US', 'reviews': 297, 'photos': 1623}",3,Edited 4 years ago,"The Kebab was fine with nan and salad, but the biriani aesthetics as well as taste was not appreciable at all. Discovered that, most of the orders are store pick up orders and very few people dines in. Overall, I have experienced it as an average class restaurant.",
Pallabi Hotel & Restaurant,"Dhaka 1216, Bangladesh",N/A,N/A,3.8,439,"{'name': 'Tariq Hasan', 'thumbnail': 'https://lh3.googleusercontent.com/a-/ALV-UjXx2HF3VePrvLChEqikFhxtU884zi1ydqSgpnm21xkV_a6SjNnL=s120-c-rp-mo-ba4-br100', 'link': 'https://www.google.com/maps/contrib/103994496175941171351?hl=en-US', 'reviews': 35, 'photos': 85}",4,Edited 2 years ago,"Yeah all most ok. Grand Prince Restaurant Pallabi. Mar 11, 2021󰞋󰟠. Our hospitality makes everyone happy. Came to your nearest branch and call for more details.
Order your food or groceries from Pallabi Hotel And Restaurant in Dhaka ✓ Delivery to your home or office ✓ Check full menu and items ✓ Safe & easy ✓",
Pallabi Hotel & Restaurant,"Dhaka 1216, Bangladesh",N/A,N/A,3.8,439,"{'name': 'Shahriar A', 'thumbnail': 'https://lh3.googleusercontent.com/a-/ALV-UjUEfrMK5bU6TPSX-JJTYkfk2K-RMbtVGR71nJ6mJN5b_UM_o_ETHw=s120-c-rp-mo-ba4-br100', 'link': 'https://www.google.com/maps/contrib/114403511588143597004?hl=en-US', 'reviews': 81, 'photos': 147}",4,5 years ago,"Had kabab items in Fooddo and its really testy. Good environment, staff are well behaved. You can always try their food

Breakfast, Biriani and snacks items are highly recommend. Don't miss their Tea thought. It's really tasty.

All items are must have. It's a restaurant you will come again",
Olé by TR,"Hamid Tower, Dhaka 1212, Bangladesh",+880 1866-158596,N/A,4,77,"{'name': 'Kazi Anwar (Shafee)', 'thumbnail': 'https://lh3.googleusercontent.com/a-/ALV-UjVJep7YXPh44cn7txZtsRs1y1GBDWhpdJWwbM1bhcOPOMxKFx_cvQ=s120-c-rp-mo-ba4-br100', 'link': 'https://www.google.com/maps/contrib/108024594811773037543?hl=en-US', 'reviews': 30, 'photos': 79}",5,2 years ago,"My wife and I celebrated our anniversary dinner at Ole, a Spanish restaurant. The beautiful ambiance and cozy interior created a wonderful atmosphere. The staff were incredibly helpful, consistently looking after us throughout the evening.

We started with the Grilled Calamari for our appetizer, which was fantastic. The spices and sauce were perfectly balanced, making it a delightful dish. I would rate it 10/10.

Next, we enjoyed the Fettuccine Alfredo Pasta. The creamy pasta was delicious, and we savored every bite, giving it a rating of 8/10.

For the main course, we chose the Chicken Florentine, a chicken breast filled with spinach and cream butter. It was amazingly delicious, earning a solid 10/10.

The highlight of the meal was the De Marisco Seafood Paella, a mixture of shrimp, cuttlefish, crab, and squid. This dish was exceptional, with perfect spicing that transported us to a heavenly taste experience. We both agreed on a well-deserved 10/10.

Overall, our anniversary dinner at Ole was a fantastic experience. We highly recommend it to others seeking a memorable dining experience. It was truly a night to remember.",
Olé by TR,"Hamid Tower, Dhaka 1212, Bangladesh",+880 1866-158596,N/A,4,77,"{'name': 'Md.Rashed Hossen', 'thumbnail': 'https://lh3.googleusercontent.com/a-/ALV-UjVNzjg2QY-ZdFLSMvliynVjuciRVRuYDDhbH3f8rul7bXhu4w8=s120-c-rp-mo-br100', 'link': 'https://www.google.com/maps/contrib/101784463256463714600?hl=en-US', 'reviews': 4, 'photos': 8}",5,a year ago,"I am again lucky to experience the love blended food at Ole by TR.
Here again the owner is a celebrity chef. The journey will take anyone to another level when the service is so hospitable.
I just loved European cuisine.",
Olé by TR,"Hamid Tower, Dhaka 1212, Bangladesh",+880 1866-158596,N/A,4,77,"{'name': 'Farabi ahmed', 'thumbnail': 'https://lh3.googleusercontent.com/a-/ALV-UjXGhSp4lztnKFIn5gFoMWm6FwDNQm3VEPzfeccIXFxaiqI73wrMSg=s120-c-rp-mo-ba6-br100', 'link': 'https://www.google.com/maps/contrib/112014145495959607943?hl=en-US', 'reviews': 266, 'photos': 2673}",4,a year ago,"One of the finest dining experience you will get from olé.
The ambience is amazing, perfect for a nice dinner or date.
All the staffs are really polite and welcoming. Decor was elegant..
Now comes to food-
Seafood paella- it contains shrimp,cattle fish,crab and squid, its was mildy spicy, if its your 1st time having paella, then you might be disappointed by the thing that it tastes kind of like khichuri.but this is what it is. It was good though
Fettuccine alfredo pasta- one of the best alfredo pasta I have tasted in Dhaka. Creamy alfredo sauce was just on point.there was good amount of mushroom and chicken..it was just too good.
Gambas al ajillo- shrimp was delecious. Served with toasted bread,it was good too.
Tiramisu- thats a good portion of tiramisu.tasted good too.",
Olé by TR,"Hamid Tower, Dhaka 1212, Bangladesh",+880 1866-158596,N/A,4,77,"{'name': 'Tanjila Ahmed', 'thumbnail': 'https://lh3.googleusercontent.com/a-/ALV-UjVntevV27q-NsNnhIgJfUJbtl1xS8koCveoyxGfWcseX2PlDFaf=s120-c-rp-mo-ba4-br100', 'link': 'https://www.google.com/maps/contrib/108540070396343893565?hl=en-US', 'reviews': 23, 'photos': 142}",4,2 years ago,"My recent visit to Olé was wonderful. This is a newly opened restaurant featuring Spanish inspired dishes.

I’ve tried-
⚜️Braised smoky short ribs pinchos
[price: 700+]
Smoky shredded ribs served on toasted bread topped with fresh tomato and olive.

⚜️Grilled Calamari
[price: 880+].
Beautifully cooked calamari with a tangy creamy sauce

⚜️Gambas sevillanas seafood
[price: 900+].
Juicy prawns cooked in a spicy sauce served with toasted bread

⚜️Seafood Paella
[price: 1230+].
Full of calamari and prawn. Also had crabs. Very subtle flavours with stunning seafood collection. Very fulfilling. I wish they also included Mussels.

⚜️Ribeye steak
Served with the most delicious mash potato and side of veggies and sauce. Doneness was correct and had a prompt rosemary flavour which I love.

⚜️French toast
[price: 680+]
Fluffy pancakes with whipped cream and maple syrup. It was okay for me. I’ve had better.

⚜️Mint Mojito and blue ocean

Overall my experience was amazing. I really enjoyed their food and the ambiance- decor is beautiful. Very classy and modern.",
Olé by TR,"Hamid Tower, Dhaka 1212, Bangladesh",+880 1866-158596,N/A,4,77,"{'name': 'Iffat Kabir', 'thumbnail': 'https://lh3.googleusercontent.com/a-/ALV-UjUM_lokIDPkc2VEUxw4JVFxgB4hRa6GfQp_OsW_Ss-ZxECpqfPK=s120-c-rp-mo-ba5-br100', 'link': 'https://www.google.com/maps/contrib/104328159857738882774?hl=en-US', 'reviews': 59, 'photos': 348}",5,2 years ago,"A true fine dining place with clean but opulent aesthetics. Professional and courteous staff.

Ordered the grilled calamari and the dish was divine. The sirloin steak was good as any you find in a good steakhouse. The seafood paella was good but I have had better elsewhere. For the price, a bit more seafood could have been included. The Tirimisu was very creamy with the biscuits drenched in coffee. Classic and delicious dessert.

Of course pricey as I mentioned in the beginning a true fine dining restaurant.",
Olé by TR,"Hamid Tower, Dhaka 1212, Bangladesh",+880 1866-158596,N/A,4,77,"{'name': 'Mahbub Rahman Nafee', 'thumbnail': 'https://lh3.googleusercontent.com/a-/ALV-UjWGG_rI0QHRHuouWzHjFbIsfOhG_tp02JE3jOO1OesHU-InJFTaGQ=s120-c-rp-mo-ba6-br100', 'link': 'https://www.google.com/maps/contrib/117128918231819158693?hl=en-US', 'reviews': 405, 'photos': 3869}",4,2 years ago,"The place has a nice ambiance. They serve spanish cuisine. We were a party of 7, so they allocated the private seating area for us, which was nice and I liked the fact that there was a private seating area with closed door option, which could seat a total of 10 people. The service was fast, although it should be mentioned that we were pretty much the only people there. The food was decent. Portion size was okay. They had a good variety of options to choose from. Would recommend giving this place a try if you're looking to try spanish inspired dishes.",
Olé by TR,"Hamid Tower, Dhaka 1212, Bangladesh",+880 1866-158596,N/A,4,77,"{'name': 'Jubair Khan Shahos', 'thumbnail': 'https://lh3.googleusercontent.com/a-/ALV-UjWewMyfaN6zy4Jf2Rwk2Wt1y-o85DZAZU__jwo6B_Y2IcQQ4xZ0=s120-c-rp-mo-ba3-br100', 'link': 'https://www.google.com/maps/contrib/113247001171429190982?hl=en-US', 'reviews': 40, 'photos': 89}",4,9 months ago,"Ole by TR is a stunning place with a gorgeous and upscale ambiance. The interior is well-designed, giving off a classy and posh vibe, making it perfect for a fine dining experience. The food is delicious, though the prices are on the higher side.",
Olé by TR,"Hamid Tower, Dhaka 1212, Bangladesh",+880 1866-158596,N/A,4,77,"{'name': 'Robiul hosen Imran', 'thumbnail': 'https://lh3.googleusercontent.com/a-/ALV-UjVkk9YPgAKZrRSlxZRL1fDAPPeVDMT36Q-QVzYWHNEWULPO9wUlng=s120-c-rp-mo-ba5-br100', 'link': 'https://www.google.com/maps/contrib/114043535420270268038?hl=en-US', 'reviews': 64, 'photos': 412}",4,2 years ago,"𝓐𝓶𝓪𝔃𝓲𝓷𝓰 𝓓𝓲𝓷𝓮-𝓲𝓷 𝓮𝔁𝓹𝓮𝓻𝓲𝓮𝓷𝓬𝓮 𝔀𝓲𝓽𝓱  𝙊𝙡é 𝙗𝙮 𝙏𝙍. ⚜️ Follow:- @imraneats for more and details review.

🍽️ Food we tried from @ole by tr :-

🥪𝑷𝒓𝒆𝒛 𝒇𝒓𝒊𝒕𝒐𝒔 𝒕𝒂𝒑𝒂𝒔
💸600 bdt

🧆𝑨𝒍𝒃𝒐𝒏𝒅𝒊𝒈𝒂𝒔 ( 𝒎𝒆𝒂𝒕 𝒃𝒂𝒍𝒍𝒔  𝒘𝒊𝒕𝒉 𝒈𝒂𝒓𝒍𝒊𝒄 𝒃𝒓𝒆𝒂𝒅)
💸650 bdt

🥠𝑪𝒓𝒆𝒂𝒎𝒚 𝑮𝒓𝒊𝒍𝒍𝒆𝒅 𝑪𝒂𝒍𝒂𝒎𝒊 𝒊𝒏 𝒕𝒂𝒏𝒈𝒚 𝒔𝒂𝒖𝒄𝒆.
💸880 bdt

🍣𝑺𝒂𝒍𝒎𝒐𝒏 𝒘𝒊𝒕𝒉 𝒆𝒈𝒈 𝑩𝒆𝒏𝒆𝒅𝒊𝒄𝒕 𝒘𝒊𝒕𝒉 𝒑𝒖𝒎𝒑𝒌𝒊𝒏 𝒎𝒂𝒔𝒉.
💸2150 bdt

🧇𝑭𝒓𝒆𝒏𝒄𝒉 𝑻𝒐𝒂𝒔𝒕- 𝑴𝒊𝒍𝒌 𝒃𝒓𝒊𝒐𝒄𝒉𝒆 𝒅𝒓𝒊𝒛𝒛𝒍𝒆𝒅 𝒊𝒏 𝑴𝒂𝒑𝒍𝒆 𝒔𝒂𝒖𝒔𝒆, 𝒔𝒆𝒓𝒗𝒆𝒅 𝒘𝒊𝒕𝒉 𝒔𝒘𝒆𝒆𝒕 𝒄𝒓𝒆𝒂𝒎
💸680 bdt

If you are searching for a spanish food place around dhaka then ""ole by tr"" will be the great option for you. Undoubtedly You will get the different spanish food experience there.",
Sea Food Restaurants,"QCR5+X4F, Dhaka 1212, Bangladesh",+880 1851-196754,N/A,3.7,10,"{'name': 'Masum Billah', 'thumbnail': 'https://lh3.googleusercontent.com/a-/ALV-UjWAx6asprumkkikTeBS8SDzhRpFzpeoafZGpVsxDiZMB5IzsEg=s120-c-rp-mo-br100', 'link': 'https://www.google.com/maps/contrib/100735130597395866002?hl=en-US', 'reviews': 1, 'photos': 0}",5,2 months ago,Delicious,
Sea Food Restaurants,"QCR5+X4F, Dhaka 1212, Bangladesh",+880 1851-196754,N/A,3.7,10,"{'name': 'tanjila rahman', 'thumbnail': 'https://lh3.googleusercontent.com/a/ACg8ocLcD5_i4RONV4fYWDhf6314DF6bmoas9AhV_a0mF-PgnmamPQ=s120-c-rp-mo-ba2-br100', 'link': 'https://www.google.com/maps/contrib/112499853468966397627?hl=en-US', 'reviews': 0, 'photos': 0}",5,2 months ago,,
Sea Food Restaurants,"QCR5+X4F, Dhaka 1212, Bangladesh",+880 1851-196754,N/A,3.7,10,"{'name': 'marzan akter', 'thumbnail': 'https://lh3.googleusercontent.com/a-/ALV-UjW6hOBefF5LhbTbti7qtRoiQ4iIGRC8H74mWRMslO9gqWGlwN0=s120-c-rp-mo-ba2-br100', 'link': 'https://www.google.com/maps/contrib/113633058402027754900?hl=en-US', 'reviews': 1, 'photos': 0}",5,2 months ago,,
Sea Food Restaurants,"QCR5+X4F, Dhaka 1212, Bangladesh",+880 1851-196754,N/A,3.7,10,"{'name': 'Md Habib', 'thumbnail': 'https://lh3.googleusercontent.com/a/ACg8ocKTzNP4OnuNhUbg-0QUvyECMv8xyIlJVph2Mf0BzQtmgq8fbg=s120-c-rp-mo-br100', 'link': 'https://www.google.com/maps/contrib/105373502640214016800?hl=en-US', 'reviews': 0, 'photos': 0}",1,3 months ago,,
Sea Food Restaurants,"QCR5+X4F, Dhaka 1212, Bangladesh",+880 1851-196754,N/A,3.7,10,"{'name': 'Shima Khatun', 'thumbnail': 'https://lh3.googleusercontent.com/a-/ALV-UjUjMnuZJSFk41GK5MbM9zz9AW65eUb8EVDyvt_26nQB7vBDECL_=s120-c-rp-mo-br100', 'link': 'https://www.google.com/maps/contrib/106983043586177327615?hl=en-US', 'reviews': 8, 'photos': 9}",5,6 months ago,,
Sea Food Restaurants,"QCR5+X4F, Dhaka 1212, Bangladesh",+880 1851-196754,N/A,3.7,10,"{'name': 'Moushumi Akhter', 'thumbnail': 'https://lh3.googleusercontent.com/a/ACg8ocKufKkJF8m4cQvABjfyKPSfItD4_OS9wfy_m_diR4w-_YnWyg=s120-c-rp-mo-br100', 'link': 'https://www.google.com/maps/contrib/116117281766813273607?hl=en-US', 'reviews': 0, 'photos': 0}",4,3 months ago,,
Sea Food Restaurants,"QCR5+X4F, Dhaka 1212, Bangladesh",+880 1851-196754,N/A,3.7,10,"{'name': 'Muhammad Shadman Mahtab', 'thumbnail': 'https://lh3.googleusercontent.com/a-/ALV-UjXWbCdLmyQliYfF9dWm-uSrwxsy_VYBc7FJjwHgRFf3cu4Oh89Ntg=s120-c-rp-mo-ba6-br100', 'link': 'https://www.google.com/maps/contrib/102007539497584564572?hl=en-US', 'reviews': 142, 'photos': 2028}",1,2 years ago,,
Sea Food Restaurants,"QCR5+X4F, Dhaka 1212, Bangladesh",+880 1851-196754,N/A,3.7,10,"{'name': 'Important Raaj', 'thumbnail': 'https://lh3.googleusercontent.com/a-/ALV-UjVJQGbNtOLemgizIBh-FhWgCuw4dlt6rGqFUHDVoHlwQoAyFRoi=s120-c-rp-mo-br100', 'link': 'https://www.google.com/maps/contrib/115179355960842689634?hl=en-US', 'reviews': 3, 'photos': 12}",5,3 years ago,,
